ISIN;Название;Эффективная доходность (YTM), %;Кредитное качество (рэнкинг);Кредитное качество (число, max=10);Коэф. Ликвидности (max=100);Лет до даты;Цена, % от номинала;Событие в дату;Текущий номинал;НКД;Размер купона;Текущий купон, %;Купон (раз/год);Тип купона;Тип эмитента;Текущая цена + НКД;чистая прибыль;ROI (всего)
RU000A104DZ7;СНХТ БО-02;39,6; CCC;2;41,9;1,1;0;погашение;1000;0;19,32;21,5;12;плавающий;корпоративные;0;1251,16;#ДЕЛ/0!
RU000A106XR7;СберИОС588;0; AA;9;24,2;3;0;погашение;1000;0;0,01;0,01;12;фиксированный;корпоративные;0;1000,36;#ДЕЛ/0!
RU000A10AJV5; СбКИБ1P38;0; AA;9;20,8;0,7;0;погашение;1000;0;0;0;0;нулевой;корпоративные;0;1000;#ДЕЛ/0!
RU000A1088L2;СберИОС618;0; AA;9;19,3;3,5;0;погашение;1000;0;0,01;0,01;13;фиксированный;корпоративные;0;1000,45;#ДЕЛ/0!
RU000A0NNHL2; ВТБ С1-252;0; AA;9;15,4;0,5;0;погашение;1000;0;0;0;0;фиксированный;корпоративные;0;1000;#ДЕЛ/0!
RU000A108421;СберИОС616;0; AA;9;15,3;3,5;0;погашение;1000;0;0,01;0,01;12;фиксированный;корпоративные;0;1000,42;#ДЕЛ/0!
RU000A1097A6;СберИОС641;0; AA;9;15;4;0;погашение;1000;0;0,01;0,01;13;фиксированный;корпоративные;0;1000,52;#ДЕЛ/0!
RU000A10AKH2; СбКИБ1P60;0; AA;9;15;2,9;0;погашение;1000;0;0;0;0;нулевой;корпоративные;0;1000;#ДЕЛ/0!
RU000A10ALM0; СбКИБ1P97;0; AA;9;14,8;2,8;0;погашение;1000;0;0;0;0;нулевой;корпоративные;0;1000;#ДЕЛ/0!
RU000A0UD6J8; ВТБ С1-475;0; AA;9;13,7;0,5;0;погашение;1000;0;0;0;0;фиксированный;корпоративные;0;1000;#ДЕЛ/0!
RU000A103UQ2;СберИОС477;0; AA;9;13,3;1;0;погашение;1000;0;0,1;0,01;1;фиксированный;корпоративные;0;1000,1;#ДЕЛ/0!
RU000A0JXGV0;ПЕРЕСВ С01;0; B+;4;12,2;1,1;0;вероятность выкупа (call);329;0;25,17;0,51;0;фиксированный;корпоративные;0;1000;#ДЕЛ/0!
RU000A10BWS2; СбКИБ1P147;0; AA;9;8,2;3,1;0;погашение;1000;0;0;0;0;нулевой;корпоративные;0;1000;#ДЕЛ/0!
RU000A10BWY0; СбКИБ1P153;0; AA;9;5,2;3,1;0;погашение;1000;0;0;0;0;нулевой;корпоративные;0;1000;#ДЕЛ/0!
RU000A10AK83; СбКИБ1P51;0; AA;9;4,9;2,8;0;погашение;1000;0;0;0;0;нулевой;корпоративные;0;1000;#ДЕЛ/0!
RU000A109HN3; СбКИБ1P29;0; AA;9;3,2;2,6;0;погашение;1000;0;0;0;0;нулевой;корпоративные;0;1000;#ДЕЛ/0!
RU000A10AKG4; СбКИБ1P59;0; AA;9;2,6;2,8;0;погашение;1000;0;0;0;0;нулевой;корпоративные;0;1000;#ДЕЛ/0!
RU000A109H52; СбКИБ1P12;0; AA;9;2,3;2,2;0;погашение;1000;0;0;0;0;нулевой;корпоративные;0;1000;#ДЕЛ/0!
RU000A10AZU3;СберИОС689;0; AA;9;5,1;1,5;0;погашение;1000;0,01;0,01;0,01;12;фиксированный;корпоративные;0,01;1000,17;100017
RU000A10B6W3;АЛЬФАБ1Р21;0,8; AA;9;9,2;6,8;0;погашение;1000;0,02;0,1;0,01;1;фиксированный;корпоративные;0,02;1000,58;50029
RU000A108TC3;СберИОС629;0; AA;9;15,2;3,8;0;погашение;1000;0,02;0,05;0,01;2;фиксированный;корпоративные;0,02;1000,33;50016,5
RU000A10BVN5;ГПБ004Р22;31,7; AA;9;2,5;1,8;0;погашение;1000;0,02;0,1;0,01;1;фиксированный;корпоративные;0,02;1000,08;50004
RU000A0JWN89;МОСТРЕСТ 8;18,5; B;3;20,3;0,8;0;погашение;1000;0,02;0,05;0,01;2;фиксированный;корпоративные;0,02;1000,03;50001,5
RU000A10BNR3;СберИОС724;0; AA;9;17,6;4,7;0;погашение;1000;0,03;0,06;0,01;2;фиксированный;корпоративные;0,03;1000,51;33350,33333
RU000A10BPD8;ГПБ004Р21;13,7; AA;9;15,8;1,8;0;погашение;1000;0,03;0,1;0,01;1;фиксированный;корпоративные;0,03;1000,07;33335,66667
RU000A103U10;ВТБ Б1-246;18,9; AA;9;10,2;1,2;0;погашение;1000;0,03;0,05;0,01;2;фиксированный;корпоративные;0,03;1000,07;33335,66667
RU000A103XT0;ВТБ Б1-255;5,4; AA;9;8,3;1,2;0;досрочное погашение;1000;0,03;0,05;0,01;2;фиксированный;корпоративные;0,03;1000,07;33335,66667
RU000A0JWN63;МОСТРЕСТ 7;20,2; B;3;21,2;0,7;0;погашение;1000;0,03;0,05;11,5;2;фиксированный;корпоративные;0,03;1000,02;33334
RU000A1065F2;СберИОС561;0; AA;9;12,2;0,7;0;погашение;1000;0,03;0,1;0,01;1;фиксированный;корпоративные;0,03;999,97;33332,33333
RU000A10C071; ВТБС1-1553;0; AA;9;11,5;6,8;0;погашение;1000;0,03;0,7;0,01;0;фиксированный;корпоративные;0,03;999,97;33332,33333
RU000A106AQ7;СберИОС568;0; AA;9;6,9;0,7;0;погашение;1000;0,03;0,1;0,01;1;фиксированный;корпоративные;0,03;999,97;33332,33333
RU000A103U02;ВТБ Б1-245;17,6; AA;9;18;1,1;0;погашение;1000;0,04;0,05;0,01;2;фиксированный;корпоративные;0,04;1000,06;25001,5
RU000A103174;ВТБ Б1-217;18,9; AA;9;12,2;1,1;0;погашение;1000;0,04;0,05;0,01;2;фиксированный;корпоративные;0,04;1000,06;25001,5
RU000A1080T2;СберИОС614;0; AA;9;10;1,5;0;погашение;1000;0,05;0,1;0,01;1;фиксированный;корпоративные;0,05;1000,05;20001
RU000A107Q20;ИнвОбл03;13,7; B;3;14,9;3,4;0;погашение;1000;0,06;0,1;0,01;1;фиксированный;корпоративные;0,06;1000,24;16670,66667
RU000A10AYR2;СберИОС687;0; AA;9;6,7;0,4;0;погашение;1000;0,06;0,1;0,01;0;фиксированный;корпоративные;0,06;999,94;16665,66667
RU000A108082; СберСIB797;0; AA;9;20,4;2,6;0;погашение;1000;0,07;0,33;0,01;0;фиксированный;корпоративные;0,07;999,93;14284,71429
RU000A106JK1; СберСIB543;0; AA;9;15,4;0,3;0;погашение;1000;0,07;0,1;0,01;0;фиксированный;корпоративные;0,07;999,93;14284,71429
RU000A105R96;СберИОС551;0; AA;9;9,3;0,3;0;погашение;1000;0,07;0,1;0,01;1;фиксированный;корпоративные;0,07;999,93;14284,71429
RU000A105GQ6;СберИОС544;0; AA;9;12;0,2;0;погашение;1000;0,08;0,1;0,01;1;фиксированный;корпоративные;0,08;999,92;12499
RU000A10AEC6;СберИОС667;0; AA;9;2,6;0,3;0;погашение;1000;0,08;0,1;0,01;0;фиксированный;корпоративные;0,08;999,92;12499
RU000A108009; СберСIB789;0; AA;9;17,6;4,2;0;погашение;1000;0,09;0,5;0,01;0;фиксированный;корпоративные;0,09;999,91;11110,11111
RU000A10BVS4;ИАДОМ 1P54;0; AA;9;16,6;30,1;0;погашение;976,45;1,01;15,22;18,96;12;плавающий;корпоративные;1,01;6493,41;6429,118812
RU000A0NX2N4; ВТБ С1-733;0; AA;9;23,3;1;0;погашение;1000;0,2;0,3;0,01;0;фиксированный;корпоративные;0,2;999,8;4999
RU000A104CS4;СберИОС513;0; AA;9;14,6;3,3;0;погашение;1000;0,37;0,7;0,01;0;фиксированный;корпоративные;0,37;999,63;2701,702703
RU000A1044V4;СберИОС498;0; AA;9;11,5;3,2;0;погашение;1000;0,38;0,7;0,01;0;фиксированный;корпоративные;0,38;999,62;2630,578947
RU000A1047L8;СберИОС503;0; AA;9;8,1;1,2;0;погашение;1000;0,38;0,5;0,01;0;фиксированный;корпоративные;0,38;999,62;2630,578947
RU000A103Y16;СберИОС482;0; AA;9;8,5;1,1;0;погашение;1000;0,39;0,5;0,01;0;фиксированный;корпоративные;0,39;999,61;2563,102564
RU000A103PF5;СберИОС469;0; AA;9;8,8;1;0;погашение;1000;0,4;0,5;0,01;0;фиксированный;корпоративные;0,4;999,6;2499
RU000A103HE5;СберИОС461;0; AA;9;12,9;2,9;0;погашение;1000;0,41;0,7;0,01;0;фиксированный;корпоративные;0,41;999,59;2438,02439
RU000A103AP6;СберИОС449;0; AA;9;13,1;2,8;0;погашение;1000;0,42;0,7;0,01;0;фиксированный;корпоративные;0,42;999,58;2379,952381
RU000A10CQA0;ПолипП2Б10;11,7; BB;6;15,8;1,4;0;погашение;100;0,43;0,98;11,95;12;фиксированный;корпоративные;0,43;1015,25;2361,046512
RU000A103281;СберИОС405;0; AA;9;16,5;0,6;0;погашение;1000;0,44;0,5;0,01;0;фиксированный;корпоративные;0,44;999,56;2271,727273
RU000A1031G2;СберИОС412;0; AA;9;11;0,6;0;погашение;1000;0,44;0,5;0,01;0;фиксированный;корпоративные;0,44;999,56;2271,727273
RU000A102W50;СберИОС430;0; AA;9;14,4;2,5;0;погашение;1000;0,45;0,7;0,01;0;фиксированный;корпоративные;0,45;999,55;2221,222222
RU000A1026P3;СберИОС343;0; AA;9;9,2;0,1;0;погашение;1000;0,49;0,5;0,01;0;фиксированный;корпоративные;0,49;999,51;2039,816327
RU000A105V74;ЭлемЛиз1P4;-25,5; BB;6;15,8;0,3;0;погашение;113,6;0,72;0,99;10,55;12;фиксированный;корпоративные;0,72;1002,25;1392,013889
RU000A0ZZZ09;ИА ДОМ 8P2;0; AA;9;15,9;0,1;0;право продать (put);116,71;0,8;2,7;9,28;4;фиксированный;корпоративные;0,8;999,2;1249
RU000A107AZ6; Саммит 1P2;25,3; B;3;27,6;1,1;0;погашение;542,4;0,89;6,69;15;12;фиксированный;корпоративные;0,89;1086,08;1220,314607
RU000A102L87;ИАДОМ Б1P5;0; AA;9;16,1;25,4;0;погашение;314,31;1,49;5,02;6,4;4;фиксированный;корпоративные;1,49;1505,53;1010,422819
RU000A10B5C7;ТАЛК002P01;22,8; B+;4;22,6;2,4;0;погашение;1000;2,25;16,85;23,5;12;плавающий;корпоративные;2,25;1469,55;653,1333333
RU000A101TD6;ИА ДОМ15P2;0; AA;9;17,6;23,6;0;погашение;212,55;1,99;3,16;5,9;4;фиксированный;корпоративные;1,99;1295,05;650,7788945
RU000A104X32;sИАДОМ1P19;0; AA;9;16,7;6,7;0;погашение;645,55;3,96;9,9;18,65;12;плавающий;корпоративные;3,96;1788,04;451,5252525
RU000A1064Y6;СУЭК-Ф1P7R;11,3; BBB;7;30,3;0,9;0;погашение;1000;3,73;16,88;3,35;2;фиксированный;корпоративные;3,73;1013,15;271,6219839
RU000A10A133;ЕвроТранс4;0; BB;6;19,4;4;0;погашение;1000;7,4;12,33;11;12;изменяемый;корпоративные;7,4;1584,44;214,1135135
RU000A102887; ВТБСУБТ2-2;24,3; AA;9;18;5,4;88,51;погашение;10000000;68383,56;957369,86;6,7;2;плавающий;корпоративные;69268,66;9505429,94;137,2255496
RU000A104CF1; СолЛиз01;27; B;3;24,4;0,7;0;право продать (put);350;7,98;22,69;14,5;4;фиксированный;корпоративные;7,98;1037,4;130
RU000A10A802;РФ ЗО 42 Д;7; AAA;10;36,6;16,4;88;погашение;200000;687,5;5625;5,63;2;фиксированный;государственные;1567,5;179432,5;114,4704944
RU000A0JWM15;ПЕРЕСВ БП5;12,8; D;0;6,1;10,6;42,3;погашение;1000;42,43;96,63;13,5;45;фиксированный;корпоративные;465,43;46627,08;100,1806502
RU000A0JVVL4;ПЕРЕСВ БП2;15,1; D;0;10,2;10;39,41;погашение;1000;43,18;94,09;13,5;45;фиксированный;корпоративные;437,28;42903,22;98,1138401
RU000A10A877;РФ ЗО 43 Д;6,8; AAA;10;31,4;17,9;91,1;погашение;200000;1207,64;5875;5,88;2;фиксированный;государственные;2118,64;204506,36;96,52718725
RU000A109DP7;ТАЛК001P03;23,1; B+;4;17,6;1,8;0;погашение;920;13,76;14,75;23,5;12;плавающий;корпоративные;13,76;1295,99;94,18531977
RU000A0JVM32;ПЕРЕСВЕТБ3;10,5; D;0;6,6;9,7;49,99;погашение;1000;43,43;92,72;12,75;45;фиксированный;корпоративные;543,33;40882,59;75,2444923
RU000A10BQR6;СБСекьюр2А;18,4; n/a;;48,1;0,1;0;право продать (put);846,65;13,66;14,13;20,3;12;фиксированный;корпоративные;13,66;1000,47;73,24084919
RU000A0JQAM6;ДОМ.РФ15об;20,7; AA;9;13,1;2,9;0;погашение;1000;21,92;99,18;10,75;2;плавающий;корпоративные;21,92;1473,98;67,24361314
RU000A105EV1;ЕАБР П3-04;217,6; AA;9;9,7;0;0;право продать (put);1000;16,21;17,45;3,5;2;фиксированный;корпоративные;16,21;983,79;60,69031462
RU000A10A7Y8;РФ ЗО 35 Д;7,1; AAA;10;43,4;9,4;87;погашение;200000;793,33;5100;5,1;2;фиксированный;государственные;1663,33;91136,67;54,79169497
RU000A100725;БрайтФ БП1;26,1; B;3;20,9;1,4;0;право продать (put);1000;23,51;54,85;25;4;плавающий;корпоративные;23,51;1250,74;53,20034028
RU000A0JW0S4;ПКТ 01;14,6; A;8;26,4;0,1;0;погашение;1000;18,77;24,93;13,1;2;фиксированный;корпоративные;18,77;981,23;52,27650506
RU000A10AAQ4;СФО СФ1 01;15,3; n/a;;57,5;0,1;0;право продать (put);1000;19,18;20,55;25;12;фиксированный;корпоративные;19,18;1001,37;52,20907195
RU000A10A844;РФ ЗО 47 Д;6,8; AAA;10;37,1;21,7;83,85;погашение;200000;3587,5;5250;5,25;2;фиксированный;государственные;4426;222324;50,23136014
RU000A106ZZ5; ФабрФавБО1;0; D;0;15,9;1,9;2,1;погашение;1000;0;0;20;12;плавающий;корпоративные;21;979;46,61904762
RU000A101H84;РЖД 1Р-18R;17,1; AA;9;26,5;0,3;0;право продать (put);1000;22,76;70,21;6,44;2;фиксированный;корпоративные;22,76;977,24;42,93673111
RU000A104TD0;Ростел2P7R;16,3; AA;9;28,3;0,5;0;погашение;1000;25,11;29,29;11,75;4;фиксированный;корпоративные;25,11;1033,47;41,15770609
RU000A0JRJL7;ЗСД 02;8,3; A;8;9,4;5,5;0;погашение;1000;45,19;52,06;10,44;2;фиксированный;корпоративные;45,19;1527,47;33,80106218
RU000A106X30; Техпорт02;0; D;0;29,2;0,8;2,98;погашение;1000;8,88;14,79;18;12;фиксированный;корпоративные;38,68;1094,43;28,29446743
RU000A1083C2; Техпорт03;0; D;0;31,5;0,4;3,44;погашение;440;2,17;7,23;20;12;фиксированный;корпоративные;36,57;992,35;27,1356303
RU000A0ZYYN4;RUS-29;5,3; AAA;10;11,6;3,5;97;погашение;200000;291,67;4375;4,38;2;фиксированный;государственные;1261,67;30363,33;24,06598397
RU000A106U74;НИКА оббП02;0; D;0;31,8;2,8;3,51;погашение;1000;25,15;42,38;17;4;фиксированный;корпоративные;60,25;1405,93;23,33493776
RU000A1094L0;ФИНСИСТ1Р1;0; B;3;18;1,8;4,34;погашение;1000;0;0;23;4;плавающий;корпоративные;43,4;956,6;22,04147465
RU000A105XG2; ДОМСУБТ2-1;16,4; AA;9;17;2,9;87,6;право продать (put);10000000;142465,75;648219,18;13;2;фиксированный;корпоративные;143341,75;3098754,15;21,61794557
RU000A107SH6;НИКА оббП03;0; D;0;34,5;3,3;3,42;погашение;1000;38;47,37;19;4;фиксированный;корпоративные;72,2;1543,61;21,37963989
RU000A0JWGV2;ПочтаРосБ2;15,2; A;8;29,1;0,5;0;погашение;1000;53,56;57,34;11,5;2;фиксированный;корпоративные;53,56;1003,78;18,74122479
RU000A1052C7; СовкомТ2-1;13,7; A;8;11,2;5,3;75;погашение;200000;2635,62;6482,19;6,5;2;фиксированный;корпоративные;3385,62;62436,28;18,44160892
RU000A106TJ2;ФИНСИСТ 01;0; B;3;43,6;1,8;6,84;погашение;880;2,7;11,57;16;12;фиксированный;корпоративные;71,1;1171,87;16,48199719
RU000A10AKS9; СбКИБ1P69;0; AA;9;20,8;0,9;5,95;погашение;1000;0;0;0;0;нулевой;корпоративные;59,5;940,5;15,80672269
RU000A10CEL3; ВТБС1-1599;0; AA;9;22,8;0,9;6,5;погашение;1000;0;0,1;0,01;0;фиксированный;корпоративные;65;935;14,38461538
RU000A10CEM1; ВТБС1-1600;; AA;9;14,8;1;6,5;погашение;1000;0;0,1;0,01;0;фиксированный;корпоративные;65;935;14,38461538
RU000A10A8A6;РФ ЗО 29 Д;6,5; AAA;10;37,6;3,4;94;погашение;200000;850,69;4375;4,38;2;фиксированный;государственные;1790,69;25459,31;14,21759769
RU000A10A893;РФ ЗО 36 Е;6,6; AAA;10;30,9;10,6;70,69;погашение;100000;1103,56;2650;2,65;1;фиксированный;государственные;1810,46;25689,54;14,18950985
RU000A106GZ5;РКК БО-03;0; C;1;37,9;2,7;8,22;погашение;1000;10,85;41,14;16,5;4;фиксированный;корпоративные;93,05;1318,35;14,16818915
RU000A1089U1;РЖДЗО28-3Р;15,9; AA;9;24,2;2,9;82,08;погашение;100000;786,39;3725;7,45;2;фиксированный;корпоративные;1607,19;18017,81;11,21075293
RU000A102879; ВТБСУБТ2-1;14,6; AA;9;27;0,5;75,8;право продать (put);10000000;31232,88;378958,9;7,6;2;фиксированный;корпоративные;31990,88;347968,02;10,8771006
RU000A105ZW4;РКК БО-02;0; D;0;34,7;1,4;8,7;погашение;1000;18,74;44,88;18;4;фиксированный;корпоративные;105,74;1118,66;10,57934556
RU000A1014J2; ВТБ Т2-3;20,8; AA;9;20;4,6;0;погашение;10000000;753758,9;908504,11;8,4;2;фиксированный;корпоративные;753758,9;7423778,09;9,849008867
XS0767473852;RUS-42;6,1; AAA;10;11,6;1,4;95;вероятность выкупа (call);200000;187,5;5625;5,63;2;фиксированный;государственные;1137,5;11112,5;9,769230769
RU000A1065H8;Кузина1P02;0; D;0;28,6;1,4;10,54;погашение;760;4,68;9,37;15;12;фиксированный;корпоративные;110,08;1039,84;9,44622093
RU000A10BGE5; СПРИНТ Б1;0; D;0;33,2;4,4;22,5;погашение;1000;4,38;26,3;32;12;фиксированный;корпоративные;229,38;2138,22;9,321736856
RU000A0ZYFS2;ТрансФ1P05;-40,7; BB;6;1,8;0,1;0;право продать (put);1000;100,44;117,18;9,5;2;фиксированный;корпоративные;100,44;899,56;8,956192752
RU000A108BE7;СПРИНТ-01;0; D;0;34,7;3,5;17,06;погашение;1000;2,74;49,86;20;4;фиксированный;корпоративные;173,34;1524,7;8,796007846
RU000A10BRY0; СПРИНТ Б2;0; D;0;26,9;4,5;22,96;погашение;1000;14,3;23,84;29;12;фиксированный;корпоративные;243,9;2043,46;8,378269783
RU000A1098H9;СПРИНТ-02;0; D;0;35,6;3,8;18,52;погашение;1000;46;57,34;23;4;фиксированный;корпоративные;231,2;1628,9;7,045415225
RU000A1089X5;РЖДЗО28-1Р;16,7; AA;9;31,9;2,4;82;погашение;100000;989,7;3299;6,6;2;фиксированный;корпоративные;1809,7;12386,3;6,844394098
RU000A109KK3;ССМ-01;0; CCC;2;36,1;1,9;16,12;погашение;1000;26,03;62,33;25;4;фиксированный;корпоративные;187,23;1249,08;6,671366768
RU000A107PM2;МЕГАТКТ-01;438,6; CCC;2;48,5;2,3;16,31;погашение;1000;42,74;49,86;20;4;фиксированный;корпоративные;205,84;1242,9;6,038184998
RU000A10BP53;ИАДОМ 1P53;0; AA;9;21;30,2;95,65;погашение;981,02;9,45;14,92;18,5;12;плавающий;корпоративные;965,95;5435,09;5,6266784
RU000A106DJ6;МЛФТ БО-02;0; C;1;33,7;1,6;19,1;погашение;1000;10,03;12,53;15,25;12;фиксированный;корпоративные;201,03;1037,04;5,15863304
RU000A109791;ГарИнв2P10;0; D;0;38,2;4,8;16,75;погашение;1000;0,39;0,58;10;2;плавающий;корпоративные;167,89;837,33;4,987372684
RU000A10B3V2;ГлобалФ1P7;203,1; C;1;55,8;3,3;31,79;погашение;1000;9,53;23,84;29;12;фиксированный;корпоративные;327,43;1602,33;4,893656659
RU000A105VP7;РКК БО-01;0; C;1;34;0,3;16;погашение;500;17,7;23,68;19;4;фиксированный;корпоративные;177,7;845,98;4,760720315
RU000A105GV6;ГарИнв2P05;0; D;0;42;4,8;17,44;погашение;1000;0,19;0,37;10;3;изменяемый;корпоративные;174,59;830,59;4,75737442
RU000A106SK2;ГарИнв2P07;0; D;0;51,5;4,8;17,5;погашение;1000;0,27;0,45;14,5;2;изменяемый;корпоративные;175,27;828,78;4,728590175
RU000A10A836;РФ ЗО 32 Е;6,6; AAA;10;34,7;7,1;73,75;погашение;100000;1708,08;1850;1,85;1;фиксированный;государственные;2445,58;11504,42;4,704168336
RU000A106862;ГарИнв2P06;0; D;0;38;4,8;17,6;погашение;1000;0,42;0,6;10;2;изменяемый;корпоративные;176,42;828,98;4,698900351
RU000A108G88;ГарИнв2P09;0; D;0;49,1;4,8;17,66;погашение;1000;0,18;0,36;10;3;изменяемый;корпоративные;176,78;828,26;4,685258513
RU000A10B1M5;НафттрнБО7;0; D;0;39,2;3,3;31,85;погашение;1000;15,34;23,01;28;12;фиксированный;корпоративные;333,84;1563,55;4,683531033
RU000A107TR3;ГарИнв2P08;0; D;0;44;0,3;17,95;погашение;1000;6,41;14,79;18;12;фиксированный;корпоративные;185,91;858,46;4,617610672
RU000A109NH3;ИАДОМ 1P47;0; AA;9;16,4;27,6;101,19;погашение;892,25;10,38;14,15;19,3;12;плавающий;корпоративные;1022,28;4661,37;4,559778143
RU000A10AMP1;МАГНУМ-01;0; D;0;41,4;2,2;33,39;погашение;1000;13,97;27,95;34;12;фиксированный;корпоративные;347,87;1378,83;3,963635841
RU000A10CHX1; МГКЛ-G01;13,5; B;3;31,7;2,8;101,21;погашение;11050,78;21,19;122,37;14;12;фиксированный;корпоративные;1033,29;4004,92;3,87589157
RU000A10AAF7;ГлобалФ1P6;246,1; C;1;52,3;3,1;39,88;погашение;895;14,44;22,8;31;12;фиксированный;корпоративные;413,24;1430,36;3,461329978
RU000A10ADH7;НафттрнБО6;0; D;0;39,7;2,1;35,29;погашение;1000;9,86;24,66;30;12;фиксированный;корпоративные;362,76;1253,74;3,456114235
RU000A108VZ0;ГлобалФ1P5;198,4; C;1;49,1;2,6;36,4;погашение;1000;0,63;18,9;23;12;фиксированный;корпоративные;364,63;1221,27;3,349340427
RU000A10C1N2;ИАДОМ 1P55;0; AA;9;19,8;30,5;101,15;погашение;1000;0;27,4;9,18;4;плавающий;корпоративные;1011,5;3331,3;3,293425606
RU000A10C8J5;ИАДОМ 1P56;0; AA;9;18,2;30,2;81,8;погашение;972,13;6,26;6,71;8,4;12;фиксированный;корпоративные;824,26;2604,76;3,16011938
RU000A10B7E9;ГазКап1P11;4,6; AA;9;12,6;0,5;102;погашение;100000;320,55;739,73;9;12;фиксированный;корпоративные;1340,55;4097,83;3,056827422
RU000A106XD7;SELGOLD002;10,4; BBB;7;45,4;4,2;84,63;погашение;10946,3;28,04;145,82;5,5;4;фиксированный;корпоративные;874,34;2458,78;2,812155454
RU000A109NJ9;ИАДОМ 1P48;0; AA;9;20,2;29,1;82,1;погашение;853,83;5,57;5,97;8,5;12;фиксированный;корпоративные;826,57;2256,96;2,730512842
RU000A103K38; ГПБ Т2-04Д;9,9; AA;9;10;1,6;75;право продать (put);150000;2274,66;3365,75;4,5;2;фиксированный;корпоративные;3024,66;8072,59;2,668924772
RU000A106LS0;ГлобалФ1P3;647,5; C;1;48,1;1,7;32,57;погашение;840;4,41;10,18;14,75;12;фиксированный;корпоративные;330,11;873,49;2,646057375
RU000A1038V6;ОФЗ 26238;14,6; AAA;10;97,1;15,6;56,34;погашение;1000;28,01;35,4;7,1;2;фиксированный;государственные;591,41;1505,99;2,546439864
RU000A10A851;РФ ЗО 27 Д;5,8; AAA;10;38,1;1,7;97,7;погашение;200000;2904,17;4250;4,25;2;фиксированный;государственные;3881,17;9868,83;2,542746131
RU000A108RQ7;SELGOLD003;10,9; BBB;7;47,3;3,9;84,13;погашение;10946,3;61,03;145,82;5,5;4;фиксированный;корпоративные;902,33;2284,97;2,532299713
RU000A109RX1; ГТС БО-01;105,2; C;1;33,8;3,9;49,85;погашение;1000;41,42;59,84;27;4;плавающий;корпоративные;539,92;1357,68;2,514594755
RU000A10C1P7;ИАДОМ 1P57;0; AA;9;13,9;30,5;100;погашение;1000;0;20,3;6,8;4;плавающий;корпоративные;1000;2476,6;2,4766
RU000A10B4T4; ПионЛизБО7;29; CCC;2;43,6;9,3;92,14;погашение;1000;3,86;19,32;23,5;12;плавающий;корпоративные;925,26;2219,26;2,39852582
RU000A1090H6; ПионЛизБО6;30,9; CCC;2;36,3;8,6;95,56;погашение;1000;8,07;22,01;22,63;12;плавающий;корпоративные;963,67;2303,36;2,390195814
RU000A106Y21;НафттрнБО5;0; D;0;40,4;0,9;35,79;погашение;1000;8,44;23,01;28;12;фиксированный;корпоративные;366,34;863,76;2,357809685
RU000A100EF5;ОФЗ 26230;15; AAA;10;83,6;13,4;60,26;погашение;1000;5,27;38,39;7,7;2;фиксированный;государственные;607,87;1390,27;2,287117311
RU000A107CJ6;ГлобалФ1P4;269; C;1;47,9;2,1;43,94;погашение;1000;16,1;19,32;21,66;12;плавающий;корпоративные;455,5;1027,5;2,255762898
RU000A108EH4;ОФЗ 26248;15; AAA;10;100;14,6;86,75;погашение;1000;48,33;61,08;12,25;2;фиксированный;государственные;915,83;1855,49;2,026020113
RU000A106E90;ОФЗ 26243;15,1; AAA;10;81,5;12,6;72,85;погашение;1000;38,67;48,87;9,8;2;фиксированный;государственные;767,17;1454,58;1,896033474
RU000A108EF8;ОФЗ 26247;15,1; AAA;10;95;13,6;86,69;погашение;1000;50,68;61,08;12,25;2;фиксированный;государственные;917,58;1731,58;1,88711611
RU000A103BR0;ОФЗ 26240;15; AAA;10;78,7;10,8;59,68;погашение;1000;14,19;34,9;7;2;фиксированный;государственные;610,99;1121,91;1,836216632
RU000A104V00; ПионЛизБР5;30,8; CCC;2;42;6,5;98,99;погашение;1000;5,31;22,74;26,43;12;плавающий;корпоративные;995,21;1778,51;1,787070066
RU000A103Q24; Сбер2СУБ3R;14,1; AA;9;17,4;1,1;0;право продать (put);10000000;307397,26;423835,62;8,5;2;фиксированный;корпоративные;307397,26;541273,98;1,760828903
RU000A10AXZ7;ГПБ-СПК А1;16,5; n/a;;39,9;8,4;102,41;погашение;1000;0;18,26;21,5;12;фиксированный;корпоративные;1024,1;1801,9;1,759496143
RU000A101F94;ОФЗ 26233;15,1; AAA;10;83,1;9,7;56,64;погашение;1000;14,71;30,42;6,1;2;фиксированный;государственные;581,11;996,87;1,715458347
RU000A10BVH7;ОФЗ 26250;15,2; AAA;10;89,8;11,6;85,25;погашение;1000;40,44;59,84;12;2;фиксированный;государственные;892,94;1483,38;1,661231438
RU000A1066D5;ОФЗ 29024;0; AAA;10;55,1;9,5;96;погашение;1000;41,97;43,31;15,82;4;плавающий;государственные;1001,97;1643,81;1,640578061
RU000A1062M5;SELGOLD001;13,9; BBB;7;56,1;2,4;84,23;погашение;10946,3;37,94;145,82;5,5;4;фиксированный;корпоративные;880,24;1432,14;1,626988094
RU000A0JV4Q1;ОФЗ 29010;21,5; AAA;10;64,6;9,1;108,24;погашение;1000;80,17;112,24;8,8;2;плавающий;государственные;1162,57;1857,75;1,597968294
RU000A0GN9A7;ОФЗ 46020;14,1; AAA;10;44,9;10,3;64,5;погашение;1000;13,99;34,41;6,9;2;фиксированный;государственные;658,99;1029,21;1,561799117
RU000A1084Q0;РЖДЗО26-2Р;15,9; AA;9;31,8;0,9;93,92;погашение;100000;980,69;3837,5;7,68;2;фиксированный;корпоративные;1919,89;2917,61;1,519675606
RU000A108EE1;ОФЗ 26246;15,1; AAA;10;90,9;10,4;86,34;погашение;1000;10,52;59,84;12;2;фиксированный;государственные;873,92;1322,88;1,513731234
RU000A10CNG4; ВТБС1-1648;; AA;9;4,3;5;40;погашение;1000;0;0,5;0,01;0;фиксированный;корпоративные;400;600;1,5
RU000A10CNB5; ВТБС1-1643;0; AA;9;1,5;5,5;40;погашение;1000;0;0,55;0,01;0;фиксированный;корпоративные;400;600;1,5
RU000A108EG6;ОФЗ 26245;15,1; AAA;10;88,4;9,9;86,66;погашение;1000;5,92;59,84;12;2;фиксированный;государственные;872,52;1264,44;1,449181681
RU000A10BVW6;sЕвТранс01;21,9; BB;6;59,2;6,6;102,81;погашение;1000;1,26;18,9;20;12;изменяемый;корпоративные;1029,36;1463,74;1,421990363
RU000A105RU5;МЛФТ БО-01;0; C;1;34,7;0,2;41,47;погашение;150;1,18;2,22;18;12;фиксированный;корпоративные;415,88;588,56;1,415215928
RU000A0ZYUB7;ОФЗ 26225;15,1; AAA;10;73,2;8,5;64,75;погашение;1000;31,38;36,15;7,25;2;фиксированный;государственные;678,88;935,67;1,378255362
RU000A0ZZ893;КАМАЗ БО11;20,9; A;8;25,9;7,5;88;погашение;1000;72,92;83,47;8,2;2;плавающий;корпоративные;952,92;1299,13;1,363314864
RU000A0ZZ877;КАМАЗ БО10;20,8; A;8;29,6;7,5;88,19;погашение;1000;72,92;83,47;11,12;2;плавающий;корпоративные;954,82;1297,23;1,358612094
RU000A0ZZ885;КАМАЗ БО-9;20,8; A;8;29,4;7,5;88,28;погашение;1000;72,92;83,47;6,41;2;плавающий;корпоративные;955,72;1296,33;1,356390993
RU000A10C2R1;Виллин1P2;31,8; B+;4;36,4;4,7;88,28;погашение;1000;7,89;59,84;24;4;плавающий;корпоративные;890,69;1186,43;1,332034715
RU000A10CW87;РКСЭталон6;19,3; B;3;51;7,1;100,89;погашение;1000;12,33;31,56;18;6;фиксированный;корпоративные;1021,23;1304,29;1,277175563
RU000A10CAQ0; АЛЬФАДОНБ1;32,4; BB;6;45,5;4,7;99,08;погашение;1000;15,34;23,01;28;12;фиксированный;корпоративные;1006,14;1282,42;1,274593993
RU000A105G16;ОФЗ 29022;0; AAA;10;49,1;7,7;97,41;погашение;1000;41,97;43,31;7,22;4;плавающий;государственные;1016,07;1283,23;1,26293464
RU000A10BVF1;СИБАВТО1Р6;30,9; B;3;54;4,6;96,94;погашение;1000;2,14;21,37;26;12;фиксированный;корпоративные;971,54;1203,81;1,239074047
RU000A1074G2;ОФЗ 26244;15,1; AAA;10;75,4;8,4;84,1;погашение;1000;9,86;56,1;11,25;2;фиксированный;государственные;850,86;1046,74;1,230214136
RU000A0ZZRY2;РЖД 1Р-09R;16; AA;9;25,6;8;99,8;погашение;1000;0,84;76,39;10,24;2;плавающий;корпоративные;998,84;1223,4;1,224820792
RU000A10C8H9;ОилРес1P2;31,4; B+;4;66,9;4,7;100,88;погашение;1000;19,95;23,01;28;12;фиксированный;корпоративные;1028,75;1259,81;1,224602673
RU000A107G55;ИАДОМ 1P39;0; AA;9;11,3;8,1;100,51;погашение;795,17;10,82;12,98;22,86;12;плавающий;корпоративные;1015,92;1243,14;1,223659343
RU000A1031K4;ИАДОМ Б1P8;0; AA;9;19,1;25,5;78,32;погашение;419,66;7,19;7,35;6,95;4;фиксированный;корпоративные;790,39;959,31;1,213717279
RU000A10BQK1;РКСЭталон5;15,7; B;3;37,9;7,1;105,56;погашение;866,93;12,37;15,98;21,7;12;фиксированный;корпоративные;1067,97;1290,33;1,208208096
RU000A10D4Y2;ОФЗ 26252;15,1; AAA;10;55,6;8;90,4;погашение;1000;1,37;62,33;12,5;2;фиксированный;государственные;905,37;1091,91;1,206037311
RU000A106169;РЭО-02;22,9; BBB;7;28,7;6,9;100,49;погашение;865,46;14,68;46,07;21,35;4;плавающий;корпоративные;1019,58;1224,31;1,200798368
RU000A0JXFM1;ОФЗ 26221;15,1; AAA;10;71;7,4;69,49;погашение;1000;5,27;38,39;7,7;2;фиксированный;государственные;700,17;837,29;1,195838154
RU000A10CFK2;ТБ-4_А1;18,9; n/a;;60,9;7;98,3;погашение;1000;2,19;13,59;16;12;фиксированный;корпоративные;985,19;1156,37;1,173753286
RU000A10B4H9; ИПС БО-01;33,7; n/a;;31,4;4,4;100,5;погашение;950;29,37;72,24;30,5;4;фиксированный;корпоративные;1034,37;1193,71;1,154045458
RU000A108D81;sЕвТрнс2P2;22; BB;6;47,7;5,4;85,61;погашение;1000;0,88;13,15;17;12;изменяемый;корпоративные;856,98;984,62;1,148941632
RU000A1060U2;ГлобалФ1P2;682,9; C;1;47,4;0,9;49,09;погашение;440;2,59;5,97;16,5;12;фиксированный;корпоративные;493,49;566,21;1,147358609
RU000A10B750;СИБАВТО1Р5;30,8; B;3;51,1;4,3;98,29;погашение;1000;1,45;21,78;26,5;12;фиксированный;корпоративные;984,35;1126,43;1,144338904
RU000A10CLT1;СФОРЛО-2 А;28,3; n/a;;49,6;4,8;97,08;погашение;968,1;16,55;58,56;24;4;фиксированный;корпоративные;987,35;1125,29;1,139707297
RU000A1082G5;sЕвТран2P1;21,9; BB;6;49,9;5,3;85,78;погашение;1000;7,01;13,15;14;12;изменяемый;корпоративные;864,81;963,64;1,114279437
RU000A107KV4;СИБАВТО1Р3;46,6; B;3;54,3;3,2;73,78;погашение;1000;5,21;47,37;19;4;фиксированный;корпоративные;743,01;825,43;1,110927175
RU000A10BUN7;ДрктЛиз2Р5;29,2; B;3;41,1;4,6;101,75;погашение;933,2;2,76;20,71;27;12;фиксированный;корпоративные;1020,26;1118,79;1,096573422
RU000A1075D6;ГазТранс01;68,3; C;1;40,5;3;68,42;погашение;870;42,43;43,38;20;4;фиксированный;корпоративные;726,63;793,93;1,092619352
RU000A10BXQ4;ДрктЛиз2Р4;30,2; B;3;32,7;4,6;96,59;погашение;949,9;17,22;19,13;27,5;12;плавающий;корпоративные;983,12;1069,03;1,08738506
RU000A10A1U9;СИБАВТО1Р4;32,1; B;3;57,3;4;99,63;погашение;1000;13,04;23,01;28;12;фиксированный;корпоративные;1009,34;1095,14;1,085006044
RU000A10BA68; ВТБС1-1474;0; AA;9;7,2;5,2;48,03;погашение;1000;0,03;0,55;0,01;0;фиксированный;корпоративные;480,33;519,67;1,081902026
RU000A10BBG1;ТЕХЛиз 1P7;28,1; B+;4;49,4;4,4;103;погашение;1000;13,32;22,19;27;12;фиксированный;корпоративные;1043,32;1110,56;1,064448108
RU000A107DR7;МОСМСП6 02;18,1; n/a;;21,6;8;97,51;погашение;795,76;0;10,54;15,6;12;фиксированный;корпоративные;975,1;1036,74;1,063214029
RU000A10CLZ8;Л-Старт 01;34,3; C;1;51,8;3,8;98,75;погашение;1000;47,67;74,79;30;4;фиксированный;корпоративные;1035,17;1086,68;1,049759943
RU000A10CU97;ЛТрейд1P12;25; B+;4;53;4,8;101,36;погашение;1000;0;18,9;23;12;фиксированный;корпоративные;1013,6;1063,7;1,049427782
RU000A1069H0; ВТБ С1-518;0; AA;9;35,4;0,8;48,78;погашение;1000;0,22;0,3;0,01;0;фиксированный;корпоративные;488,02;511,98;1,049096349
RU000A10BXV4;Реиннол1P3;26,3; B;3;30,7;4,7;98,88;погашение;1000;16,74;58,59;26,5;4;плавающий;корпоративные;1005,54;1049,08;1,043300117
RU000A10BNK8;ЭНИКА 1Р06;26,4; B+;4;45;4,5;107,14;погашение;1000;4,44;22,19;27;12;фиксированный;корпоративные;1075,84;1122,42;1,043296401
RU000A0NTYA7; ВТБ С1-713;0; AA;9;33,3;0,9;49,01;погашение;1000;0,21;0,3;0,01;0;фиксированный;корпоративные;490,31;509,69;1,039526014
RU000A105FZ9;ОФЗ 26241;15,2; AAA;10;72,2;7,1;77,84;погашение;1000;39,3;47,37;9,5;2;фиксированный;государственные;817,7;845,48;1,03397334
RU000A105JF3;sИАДОМ1P26;0; AA;9;10,9;7,2;97,19;погашение;747,48;1,51;11,35;18,47;12;плавающий;корпоративные;973,41;1002,69;1,030079822
RU000A102V51;НафттрнБО3;0; D;0;38;0,3;49,93;погашение;333,6;0,33;3,29;12;12;фиксированный;корпоративные;499,63;510,24;1,021235714
RU000A108WJ2;БИЗНЕС01;52,8; C;1;57,7;2,2;70,7;погашение;1000;15,12;57,34;23;4;фиксированный;корпоративные;722,12;736,6;1,020052069
RU000A1092T7;Омега01;52,7; B;3;41,5;2,2;71,35;погашение;1000;5,18;17,26;22;12;плавающий;корпоративные;718,68;730,08;1,015862414
RU000A106CB5;СИБАВТО1Р2;46,3; B;3;45,4;2,6;64,71;погашение;950;20,38;34,34;14,5;4;фиксированный;корпоративные;667,48;675,92;1,012644574
RU000A10CN88; ВТБС1-1641;0; AA;9;1,1;5,5;50;погашение;1000;0;0,55;0,01;0;фиксированный;корпоративные;500;500;1
RU000A10BA76; ВТБС1-1475;0; AA;9;20,4;5,2;50;погашение;1000;0,03;0,55;0,01;0;фиксированный;корпоративные;500,03;499,97;0,999880007
RU000A10C4G0; ВТБС1-1573;0; AA;9;0,8;5,5;50,01;погашение;1000;0;0,55;0,01;0;фиксированный;корпоративные;500,1;499,9;0,99960008
RU000A10BA35; ВТБС1-1471;0; AA;9;21,3;4,8;50,2;погашение;1000;0,04;0,53;0,01;0;фиксированный;корпоративные;502,04;497,96;0,991873158
RU000A10B925;ЕАС 1P2;26,6; B;3;35,1;4,4;100,36;погашение;1000;13,81;19,73;27;12;плавающий;корпоративные;1017,41;1008,55;0,991291613
RU000A10CZB9;ЕвроТранс8;22; BB;6;57,4;4,9;99,32;погашение;1000;13,23;17,26;17;12;изменяемый;корпоративные;1006,43;994,65;0,988295261
RU000A1094W7;ХРОМОС Б2;29,7; B;3;33,6;3,7;89,87;погашение;1000;0,6;17,88;24,75;12;плавающий;корпоративные;899,3;887,42;0,986789725
RU000A10AWZ9; ВТБС1-1453;0; AA;9;10,8;4,8;50,41;погашение;1000;0;0,53;0,01;0;фиксированный;корпоративные;504,1;495,9;0,983733386
RU000A10C9Z9;УПТК65 1P1;24,5; B;3;42,8;4,7;102,55;погашение;1000;13,86;18,9;23;12;фиксированный;корпоративные;1039,36;1019,04;0,980449507
RU000A10AX13; ВТБС1-1455;0; AA;9;14,6;4,8;50,6;погашение;1000;0,05;0,53;0,01;0;фиксированный;корпоративные;506,05;493,95;0,976089319
RU000A105NZ3;ИАДОМ 1P32;0; AA;9;11,9;7,1;97,94;погашение;726,39;6,7;11,16;16,7;12;плавающий;корпоративные;986,1;962,5;0,976067336
RU000A10A4C1;ЭНИКА 1Р05;26,7; B+;4;44,7;4;106,26;погашение;1000;6,9;23,01;28;12;фиксированный;корпоративные;1069,5;1034,98;0,967723235
RU000A10C4E5; ВТБС1-1571;0; AA;9;14,2;4,8;51,01;погашение;1000;0,02;0,5;0,01;0;фиксированный;корпоративные;510,12;489,88;0,960323061
RU000A10AWY2; ВТБС1-1452;0; AA;9;7,6;4,8;51,1;погашение;1000;0;0,53;0,01;0;фиксированный;корпоративные;511;489;0,956947162
RU000A101S08;Казахст12;16,6; n/a;;29;5,6;70,71;погашение;1000;27,12;39,49;7,92;2;фиксированный;государственные;734,22;700,17;0,953624254
RU000A10B2F7;Роделен2P3;25,7; B+;4;53,8;4,3;104,92;погашение;1000;11,88;20,96;25,5;12;фиксированный;корпоративные;1061,08;1007,88;0,949862404
RU000A102JB9;ИАДОМ Б1P2;0; AA;9;16,3;25,1;77,3;погашение;335,4;3,11;5,11;6,05;4;фиксированный;корпоративные;776,11;734,89;0,946888972
RU000A1086N2;CTRLлиз1Р2;38,7; B;3;56,1;3,4;79,78;погашение;927,6;4,64;13,91;18,25;12;фиксированный;корпоративные;802,44;753,96;0,939584268
RU000A10C6U6; МГКЛ-1P8;23,6; B;3;47;4,7;112,27;погашение;1000;0;20,96;25,5;12;фиксированный;корпоративные;1122,7;1051,06;0,936189543
RU000A10BVC8;ОФЗ 26249;15,1; AAA;10;68,3;6,6;84,95;погашение;1000;37,07;54,85;11;2;фиксированный;государственные;886,57;826,48;0,932221934
RU000A1084J5; ВТБС1-1011;0; AA;9;12;4,6;51,88;погашение;1000;0,04;0,5;0,01;0;фиксированный;корпоративные;518,84;481,16;0,927376455
RU000A10C8S6;Сбер SbD8R;19,1; AA;9;60,2;4,8;52,23;погашение;1000;0;0;0;0;нулевой;корпоративные;522,3;477,7;0,914608463
RU000A10CF88;ГПБ006Р01P;0; AA;9;37,1;4,8;52,24;погашение;1000;0;0;0;0;нулевой;корпоративные;522,4;477,6;0,91424196
RU000A1058R2;ИАДОМ 1P22;0; AA;9;14,6;6,9;97,63;погашение;707,92;10,1;10,82;16,6;12;плавающий;корпоративные;986,4;900,84;0,913260341
RU000A102K13;ИАДОМ Б1P4;0; AA;9;23,3;25,7;82,39;погашение;287,83;1,56;5,67;7,9;4;фиксированный;корпоративные;825,46;752,88;0,912073268
RU000A101S16;Казахст13;16; n/a;;32,2;5,6;72,34;погашение;1000;27,12;39,49;7,92;2;фиксированный;государственные;750,52;683,87;0,911194905
RU000A10CPB0;ЭлАп БО-03;22; B;3;26,3;4,9;101,82;погашение;1000;26,47;52,36;21;4;фиксированный;корпоративные;1044,67;950,17;0,909540812
RU000A10AJR3; ВТБС1-1410;0; AA;9;18,5;4,3;52,39;погашение;1000;0;0,5;0,01;0;фиксированный;корпоративные;523,9;476,1;0,908761214
RU000A103901;ОФЗ 26239;15,1; AAA;10;68,1;5,7;70,76;погашение;1000;16,64;34,41;6,9;2;фиксированный;государственные;724,24;654,27;0,90338838
RU000A10AR60; ВТБС1-1422;0; AA;9;15,7;4,4;52,62;погашение;1000;0,06;0,5;0,01;0;фиксированный;корпоративные;526,26;473,74;0,900201421
RU000A106ZL5;РЖД 1Р-28R;20; AA;9;60,3;4,9;99,13;погашение;1000;3,96;15,35;18,9;12;плавающий;корпоративные;995,26;895,04;0,899302695
RU000A10BZH8;Сбер SbD7R;19,1; AA;9;58,7;4,7;52,69;погашение;1000;0;0;0;0;нулевой;корпоративные;526,9;473,1;0,897893338
RU000A10CTJ5;БЭЛТИ БОП8;26,5; B;3;46,6;3,9;100,54;погашение;1000;0,66;19,73;24;12;фиксированный;корпоративные;1006,06;901,52;0,896089696
RU000A0JVW48;ОФЗ 26218;15,1; AAA;10;69;5,9;76,67;погашение;1000;7,45;42,38;8,5;2;фиксированный;государственные;774,15;692,03;0,893922366
RU000A10AR86; ВТБС1-1424;0; AA;9;12,8;4,4;52,83;погашение;1000;0;0,5;0,01;0;фиксированный;корпоративные;528,3;471,7;0,892863903
RU000A1084M9; ВТБС1-1014;0; AA;9;9,8;4,8;52,86;погашение;1000;0,02;0,5;0,01;0;фиксированный;корпоративные;528,62;471,38;0,891718058
RU000A102D46;ИА ДОМ18P2;0; AA;9;16;25,4;77,34;погашение;314,13;2,97;4,63;5,85;4;фиксированный;корпоративные;776,37;691,26;0,890374435
RU000A10CBA2;Сбер SbD9R;18,1; AA;9;47,3;4,9;52,92;погашение;1000;0;0;0;0;нулевой;корпоративные;529,2;470,8;0,889644747
RU000A10AR52; ВТБС1-1421;0; AA;9;12,2;4,3;53;погашение;1000;0,07;0,5;0,01;0;фиксированный;корпоративные;530,07;469,93;0,886543287
RU000A10C055; ВТБС1-1551;0; AA;9;15,6;4,8;53,07;погашение;1000;0,03;0,5;0,01;0;фиксированный;корпоративные;530,73;469,27;0,884197238
RU000A105RH2;ГазКЗ-37Д;7,8; AA;9;57,6;11,8;96,39;погашение;1000;14,17;36,44;7,29;2;фиксированный;корпоративные;978,07;860,05;0,87933379
RU000A1028E3;ОФЗ 26235;15,1; AAA;10;71,7;5,4;68,36;погашение;1000;6,3;29,42;5,9;2;фиксированный;государственные;689,9;604,3;0,875924047
RU000A10BAN9; ВТБС1-1490;0; AA;9;4,7;4,8;53,38;погашение;1000;0,03;0,5;0,01;0;фиксированный;корпоративные;533,83;466,17;0,873255531
RU000A108C17;ПИР 1P2;29,9; B;3;38,3;3,4;95,8;погашение;1000;6,04;20,14;24,5;12;фиксированный;корпоративные;964,04;841,56;0,87295133
RU000A10C0A1; ВТБС1-1556;0; AA;9;13,7;4,8;53,47;погашение;1000;0,02;0,5;0,01;0;фиксированный;корпоративные;534,72;465,28;0,870137642
RU000A10BL99;Сбер SbD6R;19; AA;9;52,7;4,6;53,53;погашение;1000;0;0;0;0;нулевой;корпоративные;535,3;464,7;0,868111339
RU000A10BK17;Газпн3P15R;15,9; AA;9;63,3;4,5;58,17;погашение;1000;1,21;1,64;2;12;фиксированный;корпоративные;582,91;505,65;0,867458098
RU000A101RZ3;Казахст11;16,9; n/a;;41,4;4,9;69,65;погашение;1000;7,48;34,9;7;2;фиксированный;государственные;703,98;610,12;0,866672349
RU000A105NN9;ИАДОМ 1P29;0; AA;9;25,3;7,1;100,86;погашение;649,44;6,31;10,52;20,7;12;плавающий;корпоративные;1014,91;879,29;0,866372388
RU000A10C3B3; БДеньг-3P1;27; B;3;42,3;3,7;106,34;погашение;1000;8,14;22,19;27;12;фиксированный;корпоративные;1071,54;904,82;0,844410848
RU000A107TD3;МоторТ1Р04;28,6; B;3;40,1;3,3;82,63;погашение;1000;33,53;44,88;18;4;фиксированный;корпоративные;859,83;723,61;0,841573334
RU000A10BPF3;ТГК-14 1Р7;21,9; BB-;5;57,2;4,6;103,63;погашение;1000;34,75;53,6;21,5;4;фиксированный;корпоративные;1071,05;893,75;0,83446151
RU000A103125;ИАДОМ Б1P7;0; AA;9;15,2;23,7;82,67;погашение;316,13;1,67;5,44;6,9;4;фиксированный;корпоративные;828,37;682,99;0,824498714
RU000A1006C3;ПионЛизБП2;28,6; CCC;2;41;3,2;95,21;погашение;1000;11,29;19,93;10,5;12;плавающий;корпоративные;963,39;793,95;0,824121072
RU000A107LU4;ПушкПЗ1Р02;29,8; B;3;34;3,2;89,09;погашение;1000;2,88;52,36;21;4;плавающий;корпоративные;893,78;734,54;0,821835351
RU000A10B0E4;Сбер SbD5R;18,8; AA;9;54,9;4,4;54,89;погашение;1000;0;0;0;0;нулевой;корпоративные;548,9;451,1;0,821825469
RU000A10BHX3;СибКХП 1P3;26,1; B;3;39,9;3,5;103,6;погашение;1000;0;20,96;25,5;12;фиксированный;корпоративные;1036;844,32;0,814980695
RU000A10AS85;Сбер SbD4R;18,9; AA;9;51,5;4,3;55,24;погашение;1000;0;0;0;0;нулевой;корпоративные;552,4;447,6;0,810282404
RU000A102AP8;ИА ДОМ17P2;0; AA;9;8,9;25,1;77;погашение;303,46;2,33;3,98;5,2;4;фиксированный;корпоративные;772,33;625,67;0,810107079
RU000A107GM1;ИАДОМ 1P41;0; AA;9;10,4;7,9;80,17;погашение;756,79;4,04;14,72;7,8;4;фиксированный;корпоративные;805,74;650,58;0,807431678
RU000A104UV0;ИАДОМ 1P18;0; AA;9;24,6;6,6;97,19;погашение;644,04;9,09;9,74;21,4;12;плавающий;корпоративные;980,99;788,47;0,803749274
RU000A1015T8;Апт36,61P1;24,8; BB-;5;3,8;4,2;100;погашение;1000;78,55;117,18;18,5;2;плавающий;корпоративные;1078,55;858,89;0,796337676
RU000A109NC4;РКСЭталон4;17,6; B;3;49,9;7,1;104,08;погашение;569,29;8,38;10,4;21,5;12;фиксированный;корпоративные;1049,18;834,82;0,795688061
RU000A1080Y2;ПушкПЗ1Р03;29; B;3;31,8;3,4;90,31;погашение;1000;25,27;51,11;23,25;4;плавающий;корпоративные;928,37;736,06;0,792851988
RU000A102BK7;О'КЕЙ Б1Р4;16,3; BB;6;30,7;5;81,24;погашение;1000;23,33;24,68;7,5;4;фиксированный;корпоративные;835,73;657,87;0,78718007
RU000A10CKS5;АлфФб ПК1;17,6; n/a;;48,6;5,7;98,75;погашение;1000;20,6;36,38;16;4;фиксированный;корпоративные;1008,1;792,26;0,785894257
RU000A10BW39;ВОКСИС-03;24,7; BB-;5;44,6;3,6;103,9;погашение;1000;0,66;19,73;24;12;фиксированный;корпоративные;1039,66;808,73;0,777879307
RU000A10ATC4; МГКЛ-1P7;23,6; B;3;45,7;4,2;123,89;погашение;1000;18,08;24,66;30;12;фиксированный;корпоративные;1256,98;976,02;0,776480135
RU000A0ZYAP9;ГТЛК 1P-06;22,3; BBB;7;31,4;6,8;97,63;погашение;571,23;14,04;27,77;10,5;4;плавающий;корпоративные;990,34;759,45;0,766857847
RU000A107YT9;Рубеж 1P2;25,9; B;3;45,9;3,4;88,19;погашение;1000;23,82;46,12;18,5;4;фиксированный;корпоративные;905,72;693,84;0,766064567
RU000A10CRP6;Байсэл 1Р3;25; BB-;5;36,9;3,6;100;погашение;1000;20,79;57,34;23;4;фиксированный;корпоративные;1020,79;781,97;0,766043946
RU000A109X37;Сбер SbD3R;18,8; AA;9;51,9;4;56,83;погашение;1000;0;0;0;0;нулевой;корпоративные;568,3;431,7;0,759633996
RU000A10CQG7;ГПБ006Р02P;15,4; AA;9;26,7;4,9;56,92;погашение;1000;0;0;0;0;нулевой;корпоративные;569,2;430,8;0,756851722
RU000A10AR94; ВТБС1-1425;0; AA;9;18,1;4,7;56,93;погашение;1000;0;0,53;0,01;0;фиксированный;корпоративные;569,3;430,7;0,756543123
RU000A10D4S4;ПЭТ 1Р1;29,1; n/a;;40;3;100,4;погашение;1000;3,56;21,37;26;12;фиксированный;корпоративные;1007,56;761,76;0,756044305
RU000A105XV1;ОФЗ 52005;8,2; AAA;10;45,1;7,5;69;погашение;1231,61;13,33;15,33;2,5;2;фиксированный;государственные;703,33;526,62;0,748752364
RU000A1094T3;ДрктЛиз2Р3;32,7; B;3;33,3;3,7;89,73;погашение;749,5;0,43;12,94;25;12;плавающий;корпоративные;897,73;671,63;0,748142537
RU000A109AU3; Агродом01;38,8; CCC;2;31,1;2,3;84,07;погашение;1000;40,11;59,84;27;4;плавающий;корпоративные;880,81;657,75;0,746755827
RU000A108KV2;МоторТ1Р05;24,4; B;3;31,3;3,6;94,1;погашение;1000;31,78;49,86;20;4;фиксированный;корпоративные;972,78;725,26;0,745553979
RU000A10C5P8;ПИР 1P4;32,2; B;3;48,6;2,7;100,44;погашение;1000;3,9;23,42;28,5;12;фиксированный;корпоративные;1008,3;741,14;0,735039175
RU000A1083V2;АГТК БО-05;24,5; B;3;30,5;3,4;89,97;погашение;1000;15,29;44,88;18;4;фиксированный;корпоративные;914,99;668,45;0,730554432
RU000A1097T6;СБ СекьюрА;17,6; n/a;;49,4;7,8;102,33;погашение;487,47;0;8,28;20;12;фиксированный;корпоративные;1023,3;746,74;0,729737125
RU000A1083X8;АГТК БО-04;24,5; B;3;31,2;3,4;90,02;погашение;1000;15,29;44,88;18;4;фиксированный;корпоративные;915,49;667,95;0,72960928
RU000A107B19;Новосиб 23;15,8; A;8;48,9;5,1;94,3;погашение;1000;2,79;31,79;12,75;4;фиксированный;субфедеральные/муниципальные;945,79;690,01;0,729559416
RU000A107CG2;Россет1Р11;20,1; AA;9;47,8;4,1;98,73;погашение;1000;11,87;14,84;0;12;плавающий;корпоративные;999,17;727,99;0,728594734
RU000A109LG9;Сбер SbD2R;18,5; AA;9;48,6;3,9;57,89;погашение;1000;0;0;0;0;нулевой;корпоративные;578,9;421,1;0,727414061
RU000A107NJ3;ЛТрейд1P11;26,3; B+;4;36,7;3,2;86,45;погашение;1000;3,95;13,15;15;12;изменяемый;корпоративные;868,45;631,25;0,72686971
RU000A109L72;Якут-35016;20; BBB;7;45,4;4;99,92;погашение;1000;12,53;15,54;22,3;12;плавающий;субфедеральные/муниципальные;1011,73;734,19;0,725677799
RU000A108C33;ИнвОбл05;17,6; B;3;16,1;3,4;58;погашение;1000;0,06;0,1;0,01;1;фиксированный;корпоративные;580,06;420,24;0,724476778
RU000A10D3R8;СМСтройБ01;26,7; B;3;42,6;3;98,8;погашение;1000;7,16;59,21;23,75;4;фиксированный;корпоративные;995,16;715,36;0,718839182
RU000A102GD1;ИАДОМ Б1P3;0; AA;9;18,9;24,2;79,67;погашение;257,51;1,19;3,85;6;4;фиксированный;корпоративные;797,89;571,71;0,716527341
RU000A100A82;ОФЗ 26228;15; AAA;10;73,3;4,5;78,03;погашение;1000;2,31;38,15;7,65;2;фиксированный;государственные;782,61;560,74;0,716499917
RU000A108KT6; Росагрл2Р1;21,4; BBB;7;37;3,7;98,87;погашение;1000;8,83;16,09;17,54;12;плавающий;корпоративные;997,53;710,43;0,712189107
RU000A0JWHU2;РЖД БО-17;14,1; AA;9;23,1;5,5;85,63;право продать (put);1000;43,99;49,12;9,85;2;фиксированный;корпоративные;900,29;640,03;0,710915372
RU000A10CN47; РоялКапБ3;31,2; C;1;40,2;2,8;103;погашение;1000;16,68;23,84;29;12;фиксированный;корпоративные;1046,68;740,04;0,707035579
RU000A10CKT3;ОФЗ 26251;15; AAA;10;63,1;4,8;83,04;погашение;1000;15,62;49,19;9,5;2;фиксированный;государственные;846,02;596,69;0,705290655
RU000A10CST6; СКСЛомбБ02;28,9; B;3;44,8;2,9;102,69;погашение;1000;2,96;22,19;27;12;фиксированный;корпоративные;1029,86;724,6;0,703590779
RU000A10BP87;ПИР 1P3;32,6; B;3;50,8;2,5;102,07;погашение;1000;1,64;24,66;30;12;фиксированный;корпоративные;1022,34;717,46;0,701782186
RU000A1065R7;ИАДОМ 1P33;0; AA;9;13,4;7,4;82,97;погашение;673,62;4,44;4,76;8,6;12;фиксированный;корпоративные;834,14;584,74;0,701009423
RU000A107FN1;ТЕХЛиз 1P6;24,7; B+;4;38,8;3,1;88,7;погашение;1000;6,99;13,97;17;12;фиксированный;корпоративные;893,99;622,9;0,696763946
RU000A1076A0;БЭЛТИ БОП6;24,8; B;3;31,8;3;87,34;погашение;1000;13,04;13,97;14;12;изменяемый;корпоративные;886,44;616,48;0,695455981
RU000A105AV9;ИАДОМ 1P23;0; AA;9;9,8;6,9;80,12;погашение;670,99;3,68;13,38;8;4;фиксированный;корпоративные;804,88;556,38;0,691258324
RU000A10B255;ММЗ001P-02;23,1; B;3;35,7;3,3;108,97;погашение;1000;13,32;22,19;27;12;фиксированный;корпоративные;1103,02;762,39;0,691184203
RU000A10ATS0;ЕвроТранс6;20,3; BB;6;49,3;4,2;118,46;погашение;1000;14,38;20,55;25;12;фиксированный;корпоративные;1198,98;828,52;0,691020701
RU000A10CRJ9;ЦР БО-05;28,2; CCC;2;44,3;2,9;99,86;погашение;1000;6,16;20,55;25;12;фиксированный;корпоративные;1004,76;693,94;0,690652494
RU000A108Z85;РЖД 1Р-32R;19,7; AA;9;54,4;3,8;99,75;погашение;1000;1,48;15,3;18,02;12;плавающий;корпоративные;998,98;689,52;0,690224029
RU000A106T85;CTRLлиз1Р1;39,5; B;3;51,3;2,8;80,03;погашение;800,7;2,5;10,69;16,25;12;фиксированный;корпоративные;802,8;549,97;0,685064773
RU000A10CT33;Атомэнпр08;15,7; AA;9;60,7;4,9;99,5;погашение;1000;13,29;36,65;14,7;4;фиксированный;корпоративные;1008,29;688,06;0,68240288
RU000A0JRU46;СЗКК 04;20,3; CCC;2;10,1;5,9;81,01;погашение;605;4,25;33,61;9,85;2;плавающий;корпоративные;814,35;555,36;0,681967213
RU000A10B222;ВОКСИС-02;24,8; BB-;5;43,6;3,3;108,72;погашение;1000;13,07;21,78;26,5;12;фиксированный;корпоративные;1100,27;749,15;0,68087833
RU000A108ZU2; МГКЛ-1P6;22,3; B;3;42,2;3,6;106,91;погашение;1000;10,08;18,9;23;12;фиксированный;корпоративные;1079,18;733,52;0,679701255
RU000A10C6L5;Атомэнпр07;15,9; AA;9;59,6;4,7;97,83;погашение;1000;0,79;35,78;14,35;4;фиксированный;корпоративные;979,09;664,95;0,679151048
RU000A108447; Росагрл1Р5;21,2; BBB;7;40,8;3,5;98,97;погашение;1000;9,36;16,12;22,25;12;плавающий;корпоративные;999,06;677,98;0,678617901
RU000A10CFH8;МОНОП 1P07;43,3; B+;4;62;1,8;82,53;погашение;1000;7,56;18,9;23;12;фиксированный;корпоративные;832,86;564,04;0,677232668
RU000A103MX5;ОФЗ 52004;8,3; AAA;10;45,3;6,4;72,19;погашение;1435,64;3,15;17,84;2,5;2;фиксированный;государственные;725,05;489,03;0,674477622
RU000A10CR92;КВАЗАРЛ-01;28,5; CCC;2;40,9;2,9;99,63;погашение;972,22;6,66;19,98;25;12;фиксированный;корпоративные;1002,96;676,36;0,674363883
RU000A10D3T4; СЗА БО-04;27,4; B;3;32,8;2,9;100,02;погашение;1000;7,38;20,14;24,5;12;фиксированный;корпоративные;1007,58;677,18;0,672085591
RU000A101CL5;ФСК РС1Р4;15,3; AA;9;32,3;4,2;75,9;право продать (put);1000;0,55;16,83;6,75;4;фиксированный;корпоративные;759,55;509,73;0,671094727
RU000A107480;ЛТрейд1P10;27,6; B+;4;37,3;2,9;86,2;погашение;1000;6,14;13,15;15;12;изменяемый;корпоративные;868,14;578,96;0,666897044
RU000A10CQJ1;ГПБ004Р29;19; AA;9;2,5;2,9;60,09;погашение;1000;0,01;0,1;0,01;1;фиксированный;корпоративные;600,91;399,29;0,664475545
RU000A10D1U6; Бустер Б01;27,4; B;3;48,4;2,9;100,08;погашение;1000;11,41;20,14;24,5;12;фиксированный;корпоративные;1012,21;672,55;0,664437222
RU000A10A828;РФ ЗО 27 Е;5,5; AAA;10;32,8;2,1;91,69;погашение;100000;1038,7;1125;1,13;1;фиксированный;государственные;1955,6;1294,4;0,661894048
RU000A10D3P2;ЮУЛЦ 1Р1;26,7; B;3;37,8;2,9;100,11;погашение;1000;7,23;19,73;24;12;фиксированный;корпоративные;1008,33;662,49;0,657017048
RU000A1099S4;Новосиб 24;17; A;8;46,2;3,8;101,76;погашение;1000;4,05;46,12;19;4;фиксированный;субфедеральные/муниципальные;1021,65;670,15;0,65594871
RU000A10A141;ЕвроТранс5;20; BB;6;51,4;4;118,67;погашение;1000;13,01;20,55;25;12;фиксированный;корпоративные;1199,71;786,69;0,655733469
RU000A10CT09; ИнтелК Б01;26,2; CCC;2;48,5;2,9;102,46;погашение;1000;2,05;20,55;25;12;фиксированный;корпоративные;1026,65;672,05;0,654604783
RU000A10AC67;ВОКСИС-01;24,2; BB-;5;34,9;3,1;104,27;погашение;1000;3,29;19,73;28;12;плавающий;корпоративные;1045,99;684,02;0,653945066
RU000A10BGC9; МаниМен2П1;22,8; B+;4;45,1;3,4;110,85;погашение;1000;3,49;20,96;25,5;12;фиксированный;корпоративные;1111,99;726,41;0,653252277
RU000A10BLP1; РегПродБ01;31,5; C;1;37,9;2,5;105,99;погашение;1000;7,64;25,48;31;12;фиксированный;корпоративные;1067,54;696,86;0,652771793
RU000A10CSR0;ГЛАВСНАБ01;26,2; B;3;45,6;2,9;100;погашение;1000;2,58;19,32;23,5;12;фиксированный;корпоративные;1002,58;654,3;0,65261625
RU000A105NP4;ИАДОМ 1P30;0; AA;9;10,3;7;85,05;погашение;642,62;14,99;15,32;9,46;4;фиксированный;корпоративные;865,49;563,47;0,651041606
RU000A10CH37; Денум 1Р2;27,1; B;3;41,8;2,8;100,5;погашение;1000;4,03;20,14;24,5;12;фиксированный;корпоративные;1009,03;655,59;0,649723001
RU000A107R29;ЕАС 1P1;24,4; B;3;32,6;3,3;98,99;погашение;1000;49,42;54,85;22;4;плавающий;корпоративные;1039,32;673,73;0,648241158
RU000A100YY4;ИА ДОМ11P2;0; AA;9;19,2;24,3;82,4;погашение;209,54;3,67;3,75;7,1;4;фиксированный;корпоративные;827,67;536,08;0,647697754
RU000A10C873; СКСЛомбБ01;29,8; B;3;33,6;2,7;104,09;погашение;1000;21,08;23,42;28,5;12;фиксированный;корпоративные;1061,98;687,46;0,647337991
RU000A1017J5;Газпнф3P2R;15,4; AA;9;51,1;4,1;77,21;погашение;1000;8,62;17,83;7,15;4;фиксированный;корпоративные;780,72;504,56;0,646275233
RU000A105P72;ИАДОМ 1P28;0; AA;9;22,5;7;80,55;погашение;603,31;1,92;11,66;7,75;4;фиксированный;корпоративные;807,42;519,06;0,642862451
RU000A10CCB8; СЗА БО-03;27,3; B;3;40,7;2,8;101,24;погашение;1000;10,27;20,55;25;12;фиксированный;корпоративные;1022,67;655,48;0,640949671
RU000A105LN3;ИАДОМ 1P27;0; AA;9;10,4;7,1;80,27;погашение;623,03;3,54;3,79;7,4;12;фиксированный;корпоративные;806,24;515,91;0,639896309
RU000A10BFG2;Атомэнпр05;15,7; AA;9;59;4,5;107,94;погашение;1000;4,74;43,13;17,3;4;фиксированный;корпоративные;1084,14;692,2;0,638478425
RU000A10CU48;Систем2P04;18,3; BBB;7;53,6;3,9;100,28;погашение;1000;0;13,97;17;12;фиксированный;корпоративные;1002,8;639,82;0,638033506
RU000A101JD7;ИА ДОМ 5P1;0; AA;9;22,7;19,5;79,58;погашение;241,24;3,87;3,95;6,5;4;фиксированный;корпоративные;799,67;508,43;0,635799767
RU000A10B4A4;ИнтЛиз1Р11;20,7; BB;6;49,9;3,3;107,55;погашение;1000;6,58;19,73;24;12;фиксированный;корпоративные;1082,08;687,39;0,63524878
RU000A10BW96;СамолетP18;20,7; BBB;7;65;3,6;113,18;погашение;1000;0,66;19,73;24;12;фиксированный;корпоративные;1132,46;715,93;0,632190099
RU000A10CM06;АПРИ 2Р11;27,5; B+;4;63;2,8;101;погашение;1000;19,18;20,55;25;12;фиксированный;корпоративные;1029,18;648,97;0,630569968
RU000A10ARZ9;ТГК-14 1Р6;23,6; BB-;5;34,3;3,2;103,68;погашение;1000;18,27;18,9;0;12;плавающий;корпоративные;1055,07;663,13;0,628517539
RU000A0ZZ984;ГТЛК 1P-10;18,6; BBB;7;20,4;2,8;61,71;право продать (put);1000;0,16;0,25;0,1;4;фиксированный;корпоративные;617,26;385,49;0,624518031
RU000A0JV4P3;ОФЗ 29008;19,7; AAA;10;58,1;3,9;104,89;погашение;1000;10,18;102,92;12,46;2;плавающий;государственные;1059,08;661,36;0,624466518
RU000A10C758;РКС2Р6;28; B+;4;52,6;2,7;100,11;погашение;1000;19,86;20,55;25;12;фиксированный;корпоративные;1020,96;636,64;0,623569973
RU000A10CTG1;МИРРИКО1P5;24,8; B+;4;49,5;2,9;100,32;погашение;1000;0,62;18,49;22,5;12;фиксированный;корпоративные;1003,82;624,84;0,622462194
RU000A10C5B8; Денум 1Р1;27,4; B;3;34,7;2,7;105;погашение;1000;4,44;22,19;27;12;фиксированный;корпоративные;1054,44;655,64;0,621789765
RU000A0JS4K9;ЗСД 04;11; A;8;10,7;6,3;96,05;погашение;1000;19,41;49,07;9,84;2;фиксированный;корпоративные;979,91;608,93;0,621414212
RU000A10AYB6;АСпэйс 1Р2;26,4; B;3;40,6;2,8;112,94;погашение;1000;5,95;25,48;31;12;фиксированный;корпоративные;1135,35;705,49;0,621385476
RU000A10AJQ5; ВТБС1-1409;0; AA;9;7,6;3,4;61,78;погашение;1000;0;0,4;0,01;0;фиксированный;корпоративные;617,8;382,2;0,618646811
RU000A10C8B2;СОБИЛИЗ1Р7;26,1; B;3;37,8;2,7;99,09;погашение;1000;17,75;19,73;22;12;изменяемый;корпоративные;1008,65;622,71;0,617369752
RU000A1018T2;ИА ДОМ13P2;0; AA;9;25,2;24,6;87,85;погашение;189,28;0;1,42;8,83;12;плавающий;корпоративные;878,5;540,4;0,615139442
RU000A10B115;РЖД 1Р-40R;15,8; AA;9;53,6;4,5;109,49;право продать (put);1000;11,12;14,51;17,65;12;фиксированный;корпоративные;1106,02;677,52;0,612574818
RU000A10BQM7;РКС2Р5;28,7; B+;4;45,7;2,6;104,62;погашение;1000;17,64;23,01;28;12;фиксированный;корпоративные;1063,84;649,47;0,610495939
RU000A106ZP6;РКСЭталон3;17,8; B;3;39,6;7,1;96,9;погашение;577,92;4,92;6,63;13,5;12;фиксированный;корпоративные;973,92;589,63;0,605419336
RU000A10CSA6;АЛЬЯНС 1P8;24,3; B;3;36,3;2,9;100,16;погашение;1000;4,22;18,08;22;12;фиксированный;корпоративные;1005,82;608,9;0,605376708
RU000A109P52; ВТБС1-1340;0; AA;9;31,5;3,1;62,4;погашение;1000;0;0,4;0,01;0;фиксированный;корпоративные;624;376;0,602564103
RU000A10CU30;Патриот1Р2;23,9; B+;4;44,5;2,9;100,78;погашение;1000;0;18,08;22;12;фиксированный;корпоративные;1007,8;606,92;0,602222663
RU000A107PU5;РЖД 1Р-30R;13; AA;9;19,5;5,3;100;погашение;1000;29,9;30,92;12,4;4;фиксированный;корпоративные;1029,9;619,42;0,601437033
RU000A10C6F7;sГТЛК 2P-9;18; BBB;7;60;3,7;100,14;погашение;1000;1,38;13,77;16,75;12;фиксированный;корпоративные;1002,78;603,1;0,60142803
RU000A10BB83; РоялКапБ2;31,7; C;1;37,7;2,4;105,51;погашение;1000;16,14;25,48;31;12;фиксированный;корпоративные;1071,24;642,2;0,599492177
RU000A1083A6;НорНикБ1P7;20; AA;9;58,5;3,4;99,86;погашение;1000;4,51;15,04;22,3;12;плавающий;корпоративные;1003,11;598,49;0,596634467
RU000A1041Q0;ИАДОМ 1P13;0; AA;9;16,3;6;98,06;погашение;523,41;7,49;8,02;15,65;12;плавающий;корпоративные;988,09;589,35;0,596453764
RU000A107UB5; МГКЛ 1P5;21,6; B;3;40,6;3,3;99,9;погашение;1000;33,42;49,86;20;4;фиксированный;корпоративные;1032,42;615,76;0,596423936
RU000A100YQ0;Роснфт2P9;14,8; AA;9;31,2;4;84,9;погашение;1000;2,47;22,44;7,1;4;фиксированный;корпоративные;851,47;507,57;0,596110256
RU000A105A95;ГазКЗ-34Д;7,9; AA;9;50;8,5;104,4;погашение;1000;42,65;43,13;8,63;2;фиксированный;корпоративные;1086,65;646,56;0,595002991
RU000A109SX9;Садко 1P1;20,8; B+;4;36,7;3;106,19;погашение;1000;7,08;58,59;23,5;4;фиксированный;корпоративные;1068,98;634,1;0,593182286
RU000A100ZB9;ИА ДОМ10P2;0; AA;9;21;23,9;87,56;погашение;182,32;0;1,38;9,21;12;плавающий;корпоративные;875,6;519,08;0,592827775
RU000A10A232; ВТБС1-1350;0; AA;9;16,3;3,1;63;погашение;1000;0,09;0,4;0,01;0;фиксированный;корпоративные;630,09;369,91;0,587074862
RU000A10B0T2;РЖД 1Р-39R;16,1; AA;9;10;4,3;109,2;право продать (put);1000;11,77;14,71;17,9;12;фиксированный;корпоративные;1103,77;646,44;0,585665492
RU000A10C3P3;МИРРИКО1P4;25; B+;4;28;2,7;98,96;погашение;1000;6,03;18,08;23;12;плавающий;корпоративные;995,63;582,93;0,585488585
RU000A10BT00;СОБИЛИЗ1Р6;26,9; B;3;34,3;2,6;99,88;погашение;970;7,65;19,13;25;12;плавающий;корпоративные;1006,45;586,58;0,582820806
RU000A106GB6;ЛТрейд 1P9;27,9; B+;4;39,9;2,6;85,55;погашение;1000;1,92;11,51;14;12;фиксированный;корпоративные;857,42;499,39;0,582433347
RU000A10BYR0;Самокат03;27,3; B;3;43;2,6;105,01;погашение;1000;18,49;22,19;27;12;фиксированный;корпоративные;1068,59;619,3;0,579548751
RU000A108CE5;ЮДПАвтО Б1;19,4; B;3;34,5;3,4;100,98;погашение;1000;3,5;15;18,25;12;фиксированный;корпоративные;1013,3;586,7;0,578999309
RU000A10C3N8;МИРРИКО1P3;24,8; B+;4;48,1;2,7;100,2;погашение;1000;6,16;18,49;22,5;12;фиксированный;корпоративные;1008,16;583,52;0,578797016
RU000A105898;ИАДОМ 1P21;0; AA;9;10;6,8;85,96;погашение;676,28;12,91;13,98;8,2;4;фиксированный;корпоративные;872,51;504,95;0,578732622
RU000A10AZ60;РЖД 1Р-38R;15,3; AA;9;59,4;4,3;111,43;погашение;1000;0,98;14,71;17,9;12;фиксированный;корпоративные;1115,28;634,93;0,569300983
RU000A105H23;ИАДОМ 1P25;0; AA;9;25,4;7;86;погашение;547,04;3,92;4,2;9,35;12;фиксированный;корпоративные;863,92;488,88;0,56588573
RU000A10CS83;Органик1Р2;22,8; B;3;41,5;2,9;102,29;погашение;1000;4,17;17,88;21,75;12;фиксированный;корпоративные;1027,07;580,85;0,56554081
RU000A10B354;ЭффТех1P2;29,9; B;3;46,3;2,4;98,99;погашение;1000;29,77;66,07;26,5;4;фиксированный;корпоративные;1019,67;574,96;0,563868703
RU000A1088K4;СберИОС617;0; AA;9;14;3,5;64;погашение;1000;0;0,01;0,01;12;фиксированный;корпоративные;640;360,42;0,56315625
RU000A10CQH5;ГПБ004Р28;16,3; AA;9;4,9;3;64;погашение;1000;0;0,1;0,01;1;фиксированный;корпоративные;640;360,3;0,56296875
RU000A10B7S9; СЗА БО-02;29,7; B;3;38,7;2,4;103,84;погашение;1000;21,08;23,42;28,5;12;фиксированный;корпоративные;1059,48;596,28;0,562804395
RU000A10AA77; СЗА БО-01;33,1; B;3;39,2;2,1;103,25;погашение;1000;16,99;25,48;31;12;фиксированный;корпоративные;1049,49;587,51;0,559805239
RU000A106987;ЛТрейд 1P8;28,4; B+;4;35,8;2,5;86,62;погашение;1000;6,75;11,92;14,5;12;фиксированный;корпоративные;872,95;484,65;0,555186437
RU000A10C5Z7;МОНОП 1P06;37,5; B+;4;51,7;1,7;90,22;погашение;1000;2,71;20,34;24,75;12;фиксированный;корпоративные;904,91;501,89;0,554629742
RU000A10A976; ВТБС1-1397;0; AA;9;30,9;3,2;64,38;погашение;1000;0;0,4;0,01;0;фиксированный;корпоративные;643,8;356,2;0,553277415
RU000A108FE8;УрожайБО04;32,6; B;3;43,2;2;86,13;погашение;1000;40;49,86;20;4;фиксированный;корпоративные;901,3;497,58;0,552069233
RU000A0JRU20;СЗКК 03;16,7; CCC;2;13,6;5,9;87,9;погашение;605;4,25;33,61;6,73;2;плавающий;корпоративные;883,25;486,46;0,550761393
RU000A109PF2;РЖД 1Р-33R;20; AA;9;45,4;3;100,1;погашение;1000;8,59;15,67;20,55;12;плавающий;корпоративные;1009,59;554,53;0,549262572
RU000A108Z10;СберИОС634;0; AA;9;13,6;3,8;64,6;погашение;1000;0,01;0,01;0,01;12;фиксированный;корпоративные;646,01;354,44;0,548660237
RU000A108K25;СберИОС623;0; AA;9;18,6;3,7;64,7;погашение;1000;0;0,01;0,01;12;фиксированный;корпоративные;647;353,44;0,546275116
RU000A102VR0;ГТЛК 2P-01;22,7; BBB;7;38;2,9;98,15;право продать (put);1000;22,58;50,11;23,1;4;плавающий;корпоративные;1004,08;547,13;0,54490678
RU000A107936;РЖД 1Р-29R;12,2; AA;9;25;5,1;103,17;погашение;1000;22,35;31,29;12,55;4;фиксированный;корпоративные;1054,05;571,75;0,542431573
RU000A108JQ4; АЛЬФАЗО350;8,6; AA;9;33,3;6;86,25;погашение;1000;0;27,5;5,5;2;плавающий;корпоративные;862,5;467,5;0,542028986
RU000A10D1H3;РЖД 1Р-46R;19,9; AA;9;25,8;3;101,01;погашение;1000;9,74;15,89;18,71;12;плавающий;корпоративные;1019,84;552,2;0,541457484
RU000A10B6K8;ТЕХНЛГ 02;27,3; B;3;41,4;2,4;106,45;погашение;1000;2,3;23,01;28;12;фиксированный;корпоративные;1066,8;577,48;0,541319835
RU000A107Q12;ИнвОбл02;13,5; B;3;10,5;3,4;64,99;погашение;1000;0,06;0,1;0,01;1;фиксированный;корпоративные;649,96;350,34;0,539017786
RU000A105RV3;ОФЗ 26242;15,1; AAA;10;72;3,8;84,09;погашение;1000;13,07;44,88;9;2;фиксированный;государственные;853,97;460,19;0,538883099
RU000A0ZZ1J8;ГТЛК 1P-09;21,9; BBB;7;42;2,9;98,15;право продать (put);1000;16,03;48,62;23,5;4;плавающий;корпоративные;997,53;537,29;0,538620392
RU000A10AFQ3;МИРРИКО1P2;31; B+;4;37,9;2,1;90,55;погашение;1000;18,99;52,36;21;4;плавающий;корпоративные;924,49;494,39;0,534770522
RU000A10AS02;ТГК-14 1Р5;20,8; BB-;5;52,4;3,2;113,56;погашение;1000;19,66;20,34;24,75;12;фиксированный;корпоративные;1155,26;617,66;0,534650209
RU000A10AHU1;ОилРес1P1;33,4; B+;4;61;2,1;109,17;вероятность выкупа (call);1000;1,81;27,12;33;12;фиксированный;корпоративные;1093,51;584,49;0,534508144
RU000A107SA1;Роделен2P2;29,6; B+;4;51,6;2,2;88;погашение;1000;9,78;13,97;15;12;изменяемый;корпоративные;889,78;473,44;0,532086583
RU000A10AXX2;ХРОМОС Б3;28,1; B;3;45;2,3;107,75;погашение;1000;6,47;24,25;29,5;12;фиксированный;корпоративные;1083,97;570,78;0,526564388
RU000A1087F6;Ульоб34008;17,7; B+;4;55,4;3,4;98,74;погашение;1000;7,45;39,89;16;4;фиксированный;субфедеральные/муниципальные;994,85;523,72;0,52643112
RU000A10C8F3;Брус 2Р04;22,8; BB;6;69;2,7;101,61;погашение;1000;11,19;17,67;21,5;12;фиксированный;корпоративные;1027,29;538,15;0,523854024
RU000A10D3G1;ГТЕК БО-01;21,5; B+;4;55;2,9;105,3;погашение;1000;6,63;18,08;22;12;фиксированный;корпоративные;1059,63;555,09;0,523852666
RU000A10BP46;Страна 03;24,6; B+;4;49,8;2,5;108,38;погашение;1000;1,45;21,78;26,5;12;фиксированный;корпоративные;1085,25;568,15;0,523519926
RU000A103PH1;СберИОС470;0; AA;9;11,6;3;65,6;погашение;1000;0,41;0,7;0,01;0;фиксированный;корпоративные;656,41;343,59;0,523438095
RU000A10CDZ5;РЖД 1Р-45R;15,5; AA;9;54,1;3,7;98,1;погашение;1000;4,93;11,38;13,85;12;фиксированный;корпоративные;985,93;514,79;0,52213646
RU000A103FA7;СберИОС458;0; AA;9;13,7;2,9;65,8;погашение;1000;0,42;0,7;0,01;0;фиксированный;корпоративные;658,42;341,58;0,5187874
RU000A10B7D1;ЦР БО-04;27,2; CCC;2;40,4;2,4;108,22;погашение;1000;23,44;24,25;29,5;12;фиксированный;корпоративные;1105,64;573,36;0,518577475
RU000A10CC32;БалтЛизП19;21,8; BBB;7;68,9;2,8;95,7;досрочное погашение;1000;6,52;13,97;17;12;фиксированный;корпоративные;963,52;497,49;0,516325556
RU000A10B5A1;БИАНКА-02;26,2; B;3;41,2;2,4;108,97;погашение;1000;3,9;23,42;28,5;12;фиксированный;корпоративные;1093,6;562,16;0,514045355
RU000A105ND0;КалинОбл22;14,8; BBB;7;28,1;4,1;92,13;погашение;1000;10,72;25,68;10,3;4;фиксированный;субфедеральные/муниципальные;932,02;478,86;0,513787258
RU000A1008V9;РОСНАНО 8;25,3; D;0;38,2;2,4;85,99;погашение;1000;11,81;79,63;7,66;2;плавающий;корпоративные;871,71;446,81;0,512567253
RU000A103ZJ6;СберИОС486;0; AA;9;22;3,1;66,1;погашение;1000;0,39;0,7;0,01;0;фиксированный;корпоративные;661,39;338,61;0,511967221
RU000A107P62;СибКХП 1P2;24,7; B;3;34,3;2,3;87,83;погашение;1000;43,15;43,63;19;4;изменяемый;корпоративные;921,45;471,22;0,511389658
RU000A100030;Автодор2Р1;17,9; AA;9;24,6;5,1;97,49;погашение;670;37,58;53,02;15,87;2;плавающий;корпоративные;1012,48;517,72;0,511338496
RU000A104AM1;ИАДОМ 1P17;0; AA;9;13;6,1;79,86;погашение;516,78;2,7;2,89;6,8;12;фиксированный;корпоративные;801,3;409,67;0,511256708
RU000A10BTA6;РЖД 1Р-43R;15,8; AA;9;51,3;3,6;103,23;право продать (put);1000;4,36;13,07;15,9;12;фиксированный;корпоративные;1036,66;525,35;0,506771748
RU000A109RR3;Ульоб34009;16,3; B+;4;39,9;3,9;117,49;погашение;1000;48,08;56,1;22,5;4;фиксированный;субфедеральные/муниципальные;1222,98;618,52;0,505748254
RU000A0ZYUA9;ОФЗ 26224;14,9; AAA;10;68,3;3,6;79,57;погашение;1000;28,55;34,41;6,9;2;фиксированный;государственные;824,25;416,62;0,505453443
RU000A1095N3;СФОРЛО-А;0; n/a;;31,7;3,9;95;погашение;615,1;8,32;29,46;19;4;фиксированный;корпоративные;958,32;483,58;0,504612238
RU000A103CP2;СберИОС455;0; AA;9;15,9;2,8;66,5;погашение;1000;0,42;0,7;0,01;0;фиксированный;корпоративные;665,42;334,58;0,502810255
RU000A108E80;PLAZABO-02;24,2; B;3;33;2,5;95,71;погашение;1000;41,1;49,86;20;4;фиксированный;корпоративные;998,2;500,4;0,501302344
RU000A10C7C2;iЭдьюкейшн;21,8; B+;4;43,2;2,7;99,72;погашение;1000;15,15;16,23;19,75;12;фиксированный;корпоративные;1012,35;507,01;0,500824814
RU000A109TF4; АСВ 1Р03;28,2; B;3;36,6;2;100,22;погашение;1000;6,35;64,2;25,75;4;фиксированный;корпоративные;1008,55;505,05;0,50076843
RU000A109890; ВЭББНКР 07;25,9; B;3;32,6;2,3;98,2;погашение;1000;10,85;18,08;24;12;плавающий;корпоративные;992,85;495,31;0,49887697
RU000A103YG5;ИАДОМ 1P11;0; AA;9;17,1;6;80,53;погашение;533,51;8,35;9,14;6,8;4;фиксированный;корпоративные;813,65;405,71;0,498629632
RU000A103MW7;СберИОС467;0; AA;9;15;3;66,7;погашение;1000;0,41;0,7;0,01;0;фиксированный;корпоративные;667,41;332,59;0,498329363
RU000A103YK7;ИАДОМ 1P12;0; AA;9;11,7;5,9;76,54;погашение;476,88;3,59;6,61;5,5;4;фиксированный;корпоративные;768,99;383,04;0,498107908
RU000A107FG5;ТрансМ БО2;28,7; CCC;2;44,6;2,1;106,71;погашение;1000;12,33;24,66;20,24;12;фиксированный;корпоративные;1079,43;537,07;0,497549633
RU000A105WZ4;ЛТрейд 1P7;28,4; B+;4;33;2,3;88,14;погашение;1000;1,59;11,92;14,5;12;фиксированный;корпоративные;882,99;438,85;0,497004496
RU000A105WP5;ВымпелК1Р7;16,1; A;8;36,9;3,3;86,28;досрочное погашение;1000;18,62;24,56;9,85;4;фиксированный;корпоративные;881,42;437,86;0,496766581
RU000A102069;ОФЗ 52003;8,6; AAA;10;48,7;4,7;77,29;погашение;1527,07;9,94;18,98;2,5;2;фиксированный;государственные;782,84;387,98;0,495605743
RU000A106ZU6;РусГидБП12;19,8; AA;9;44,6;2,9;99,45;погашение;1000;8,98;45,38;17,2;4;плавающий;корпоративные;1003,48;495,7;0,493980946
RU000A10D665;РДВ ТЕХ 02;26,6; B;3;25,2;2;100,13;неизвестное событие;1000;2,05;62,33;24;4;изменяемый;корпоративные;1003,35;495,29;0,493636318
RU000A1078X8;ДрктЛиз2Р2;31,6; B;3;32,7;3;91;погашение;615,9;4,39;10,12;24;12;плавающий;корпоративные;914,39;449,93;0,492054812
RU000A1038Z7;ОФЗ 26237;15; AAA;10;66,1;3,4;79,81;погашение;1000;7,16;33,41;6,7;2;фиксированный;государственные;805,26;395,2;0,490773166
RU000A10BGU1;ПКБ 1Р-07;22,3; BB;6;48;2,5;107,43;погашение;1000;2,68;20,14;24,5;12;фиксированный;корпоративные;1076,98;527,22;0,489535553
RU000A106K43;РЖД 1Р-26R;20,4; AA;9;55,3;2,7;99,98;погашение;1000;13,31;15,87;12,73;12;плавающий;корпоративные;1013,11;494,73;0,48832802
RU000A10BZJ4;БалтЛизП18;20,4; BBB;7;60,3;2,7;100,42;досрочное погашение;1000;3,64;15,62;19;12;фиксированный;корпоративные;1007,84;492;0,488172726
RU000A108F63; БДеньг-2P6;28,3; B;3;39,6;2;95,4;погашение;1000;10,85;18,08;23;12;плавающий;корпоративные;964,85;469,07;0,48615847
RU000A10CH03;Эфферон1Р1;21,7; B;3;38,1;2,8;104;погашение;1000;39,78;54,85;22;4;фиксированный;корпоративные;1079,78;523,57;0,48488581
RU000A103LE7;СберИОС464;0; AA;9;11,5;2,9;67,4;погашение;1000;0,41;0,7;0,01;0;фиксированный;корпоративные;674,41;325,59;0,482777539
RU000A105JT4;ГазКЗ-31Д;8,1; AA;9;44,9;5,7;79,49;погашение;1000;9,92;17,5;3,5;2;фиксированный;корпоративные;804,82;387,68;0,481697771
RU000A10BV89;Арктик 01;22,3; B;3;41,6;2,6;115,5;погашение;1000;3,07;23,01;28;12;фиксированный;корпоративные;1158,07;555,24;0,479452883
RU000A106Y70;АЛЬФАДОН01;40,1; BB;6;43,5;1,9;85,25;погашение;900;14,65;40,39;18;4;фиксированный;корпоративные;867,15;415,58;0,479248112
RU000A10AMY3;ЛКХ-01;27,1; B;3;35;2,2;111,33;погашение;1000;11,04;25,48;31;12;фиксированный;корпоративные;1124,34;538,14;0,478627461
RU000A10CB66;Сегежа3P6R;24,9; B;3;63,8;2,3;101,86;погашение;1000;12,23;19,32;23,5;12;фиксированный;корпоративные;1030,83;490,81;0,476130885
RU000A10BS76;iВУШ 1P4;21,2; BB;6;63;2,6;101,77;погашение;1000;9,43;16,64;20,25;12;фиксированный;корпоративные;1027,13;488,71;0,475801505
RU000A10BY52;iКарРус1P6;21,4; BB;6;54,5;2,6;100,9;погашение;1000;14,79;16,44;20;12;фиксированный;корпоративные;1023,79;485,85;0,474560213
RU000A10A505;Виллин1P1;30; B+;4;35,4;2,1;100,98;погашение;1000;47,56;69,81;28;4;фиксированный;корпоративные;1057,36;501,12;0,473935084
RU000A107761;ПушкПЗ1Р01;18,6; B;3;39,5;3;100,86;погашение;1000;36,99;44,88;18;4;фиксированный;корпоративные;1045,59;492,97;0,471475435
RU000A1008D7;РЖД 1Р-14R;15,1; AA;9;37,3;3,5;85,39;погашение;1000;42,38;45,38;9,1;2;фиксированный;корпоративные;896,28;421,38;0,470143259
RU000A1078K5;УльтраБО2;26,1; B;3;29,6;2;92,51;погашение;1000;7,71;15,41;18,75;12;фиксированный;корпоративные;932,81;437,03;0,468509128
RU000A10C6S0;ВЭБ2Р-53;21,1; AA;9;49,6;2,8;99,86;погашение;1000;47,73;48,76;0;4;плавающий;корпоративные;1046,33;490,03;0,468332171
RU000A106R79;ЭНИКА 1Р04;27,1; B+;4;35,7;2,8;89,62;погашение;800;25,6;31,91;16;4;фиксированный;корпоративные;921,8;429,21;0,46562161
RU000A10BGF2;РЖД 1Р-42R;15,8; AA;9;54,7;3,4;107,09;право продать (put);1000;2,38;14,3;17,4;12;фиксированный;корпоративные;1073,28;498,72;0,464669052
RU000A10AYM3;УрКаПБО7P;18,9; BB;6;15,8;2,7;102;погашение;1000;0,52;15,45;18,8;12;плавающий;корпоративные;1020,52;473,88;0,464351507
RU000A108Y11;ДФФ ЗО28;20,7; BB-;5;46,2;2,3;74,5;погашение;1000;11,59;26,75;5,35;2;фиксированный;корпоративные;756,59;350,41;0,463143843
RU000A109SJ8;ОСТРОВМ-01;29,8; CCC;2;43;1,9;99,42;погашение;1000;11,4;21,37;26;12;фиксированный;корпоративные;1005,6;464,54;0,461953063
RU000A1007Z2;РЖД 1Р-13R;14,9; AA;9;36,8;3,4;86,19;погашение;1000;8,48;45,38;9,1;2;фиксированный;корпоративные;870,38;401,9;0,461752338
RU000A100KY3;Роснфт2P8;14; AA;9;27,6;3,7;87,2;погашение;1000;27,37;44,88;9;2;фиксированный;корпоративные;899,37;414,79;0,461200618
RU000A10D2Y6;УралСт1Р06;22,5; BBB;7;52,6;2,4;100;погашение;1000;7,3;16,85;20,5;12;фиксированный;корпоративные;1007,3;464,5;0,461133724
RU000A1059R0;ЛУКОЙЛ 31;7,2; AA;9;39,4;6;83,25;погашение;1000;0;18;3,6;2;фиксированный;корпоративные;832,5;383,5;0,460660661
RU000A109XN0;СЛДК 1P1;29,8; B;3;18,8;2;95,6;погашение;1000;56,55;59,84;26;4;плавающий;корпоративные;1012,55;466,17;0,460392079
RU000A10AX05; ВТБС1-1454;0; AA;9;10,3;2,5;68,51;погашение;1000;0,05;0,3;0,01;0;фиксированный;корпоративные;685,15;314,85;0,459534409
RU000A10C8C0;РЖД 1Р-44R;15,7; AA;9;60,9;3,3;98,17;погашение;1000;10,32;11,47;13,95;12;фиксированный;корпоративные;992,02;455,31;0,458972601
RU000A10CKY3;ЛСР БО1Р11;18,2; BB;6;53,5;2,8;98,34;погашение;1000;0;13,15;16;12;фиксированный;корпоративные;983,4;450,55;0,458155379
RU000A104B79;ИАДОМ 1P16;0; AA;9;9,1;6,1;84,22;погашение;506,05;2,97;3,18;7,65;12;фиксированный;корпоративные;845,17;386,97;0,457860549
RU000A106MV2; МГКЛ 1P4;24,1; B;3;35;2,3;89,36;погашение;1000;39,01;39,89;16;4;фиксированный;корпоративные;932,61;426,4;0,457211482
RU000A1080W6;СберИОС612;0; AA;9;17,2;3,5;68,7;погашение;1000;0;0,01;0,01;11;фиксированный;корпоративные;687;313,38;0,456157205
RU000A10BJX9;БалтЛизП16;20,5; BBB;7;55,7;2,5;104,6;досрочное погашение;1000;17,68;18,29;22,25;12;фиксированный;корпоративные;1063,68;485,02;0,455983002
RU000A1068S9;ЛайфСтр П2;21,3; BB-;5;34,8;2,5;89,2;погашение;1000;27;33,66;13,5;4;фиксированный;корпоративные;919;417,6;0,454406964
RU000A105RF6;ЛТрейд 1P6;28,2; B+;4;31,6;2,2;89,31;погашение;1000;8,34;11,92;14,5;12;фиксированный;корпоративные;901,44;408,48;0,45314164
RU000A103N43;ИАДОМ Б1P9;0; AA;9;14,2;5,8;82,45;погашение;463,27;5,24;8,93;7,65;4;фиксированный;корпоративные;829,74;375,65;0,452732181
RU000A10C8T4;СибурХ1Р07;15,5; AA;9;56,2;3,3;98,65;погашение;1000;9,94;11,47;13,95;12;фиксированный;корпоративные;996,44;450,89;0,452500903
RU000A104B46;ГПБ001P21P;15,8; AA;9;43;3,7;102,73;право продать (put);1000;53,87;81,47;9,3;2;фиксированный;корпоративные;1081,17;489,12;0,45239879
RU000A106565;Газпнф3P6R;19,7; AA;9;43,8;2,5;99,88;погашение;1000;4,51;45,62;18,3;4;плавающий;корпоративные;1003,31;452,89;0,45139588
RU000A10B2D2;Патриот1Р1;24,4; B+;4;42,8;2,3;109;погашение;1000;12,58;22,19;27;12;фиксированный;корпоративные;1102,58;496,55;0,450352809
RU000A10BNM4;АБЗ-1 2Р03;19,6; BB-;5;52,3;2,5;111,95;погашение;1000;4,19;20,96;25,5;12;фиксированный;корпоративные;1123,69;505,11;0,449510096
RU000A10A0H8;ВЕРАТЕК-01;29,4; B;3;50,5;2;99,03;погашение;1000;57,7;64,82;26;4;фиксированный;корпоративные;1048;470,56;0,449007634
RU000A107P47;ЦР БО-03;27,7; CCC;2;37,2;2,2;92,5;погашение;850;3,98;13,27;19;12;фиксированный;корпоративные;928,98;416,04;0,447846025
RU000A10B495;РЖД 1Р-41R;15,8; AA;9;49,7;3,4;105,7;право продать (put);1000;17,85;42,76;17,15;4;фиксированный;корпоративные;1074,85;481,03;0,447532214
RU000A100TB2;ПНППК 1P01;14,3; B;3;28,6;3,8;113;погашение;1000;26,63;44,88;13;4;фиксированный;корпоративные;1156,63;516,57;0,446616463
RU000A109KG1;НэппиБО01;28,4; C;1;39,6;1,9;99,99;погашение;1000;8,3;20,75;25,25;12;фиксированный;корпоративные;1008,2;448,3;0,444653839
RU000A103TS0;ТЕХЛиз 1P5;28,6; B+;4;39,6;1,9;83,22;погашение;1000;4,1;9,45;11,5;12;фиксированный;корпоративные;836,3;371,6;0,444338156
RU000A10B7N0;БиоВит 1Р1;23,9; B;3;37,9;2,4;111,79;погашение;1000;20,71;23,01;28;12;фиксированный;корпоративные;1138,61;505,67;0,44411168
RU000A106TV7;ВымпелК3Р4;13,3; A;8;16,9;3,4;87,28;погашение;1000;2,2;20;8,02;4;фиксированный;корпоративные;875;385;0,44
RU000A10B8C1; ЛаймЗайм05;24,9; B;3;42,7;2,4;107,33;погашение;900;16,95;20,34;27,5;12;фиксированный;корпоративные;1090,25;479,27;0,439596423
RU000A10ASC6;Европлн1Р9;16,8; A;8;60,8;2,7;111,55;погашение;1000;18,41;19,73;24;12;фиксированный;корпоративные;1133,91;497,45;0,438703248
RU000A10ATW2;БалтЛизП15;20,4; BBB;7;55,8;2,3;106,08;досрочное погашение;1000;0;19,48;23,7;12;фиксированный;корпоративные;1060,8;465,16;0,438499246
RU000A10C634;ВИС Ф БП09;18,2; BBB;7;56;2,7;100,41;погашение;1000;1,86;13,97;17;12;фиксированный;корпоративные;1005,96;441,08;0,438466738
RU000A10A7A8;ВЗВТ-01;27,5; CCC;2;38,9;2,1;106,68;погашение;1000;44,38;74,79;30;4;фиксированный;корпоративные;1111,18;487,14;0,438398819
RU000A1038M5;ГТЛК 1P-20;22,7; BBB;7;34,1;2,4;98,45;право продать (put);1000;25,39;50,24;7,85;4;плавающий;корпоративные;1009,89;442,27;0,437938785
RU000A10A968; ВТБС1-1396;0; AA;9;16,9;2,3;69,56;погашение;1000;0;0,3;0,01;0;фиксированный;корпоративные;695,6;304,4;0,437607821
RU000A10BP38;Якут-34005;19,3; BBB;7;30,9;2,5;102,06;погашение;1000;1,04;15,62;22;12;плавающий;субфедеральные/муниципальные;1021,64;446,96;0,437492659
RU000A10A3Q3;АНТЕРРА-03;29; B;3;41,7;2,1;105,71;погашение;1000;55,89;74,79;30;4;фиксированный;корпоративные;1112,99;485,33;0,436059623
RU000A10AZG2;КЛВЗ 1P02;21,8; B;3;43,1;2,3;112,91;погашение;1000;0,77;23,01;28;12;фиксированный;корпоративные;1129,87;491,4;0,434917291
RU000A10D4V8;АйДиКол1P6;24,7; B+;4;49,9;2;100,38;право продать (put);1000;3,08;18,49;22,5;12;фиксированный;корпоративные;1006,88;436,88;0,433894804
RU000A10AST0;ССекьюр_А;19; n/a;;44,4;2,3;106,51;досрочное погашение;1000;0,63;19,53;23;12;фиксированный;корпоративные;1065,73;461,58;0,433111576
RU000A10AT01;ЛКХ-02;25,5; B;3;35,6;2,2;114;погашение;1000;20,38;25,48;31;12;фиксированный;корпоративные;1160,38;502,1;0,43270308
RU000A105XE7;ВымпелК1Р2;16,8; A;8;33,2;2,5;85,09;вероятность выкупа (call);1000;9,68;23,19;9,3;4;фиксированный;корпоративные;860,58;371,32;0,431476446
RU000A106UA9;СМАК БП02;27,7; CCC;2;24,5;1,8;88,08;погашение;1000;0;12,33;16;12;изменяемый;корпоративные;880,8;378,13;0,429302906
RU000A10C097; ВТБС1-1555;8,7; AA;9;13,4;4,9;69,99;погашение;1000;0,01;0,5;0,01;0;фиксированный;корпоративные;699,91;300,09;0,428755126
RU000A10CWF7;ПГК3Р01;17,1; AA;9;57,4;2,9;99,69;погашение;1000;11,22;12,95;15,75;12;фиксированный;корпоративные;1008,12;432,18;0,428698964
RU000A10A950; ВТБС1-1395;0; AA;9;15,3;2,1;70;погашение;1000;0;0,3;0,01;0;фиксированный;корпоративные;700;300;0,428571429
RU000A10CC99;МБЭС 2P-04;17; AA;9;53,1;2,8;97,36;право продать (put);1000;5,22;12,04;14,65;12;фиксированный;корпоративные;978,82;418,5;0,427555628
RU000A10AYU6; МаниМенБО1;22,4; B+;4;39,7;2,3;111,1;погашение;1000;2,18;21,78;26,5;12;фиксированный;корпоративные;1113,18;474,88;0,426597675
RU000A10B081;ЭконЛиз1Р8;23,6; B+;4;38,7;2,3;110,26;погашение;1000;18,49;22,19;27;12;фиксированный;корпоративные;1121,09;478,04;0,426406444
RU000A107RW7;СберИОС603;0; AA;9;18,2;3,4;70,2;погашение;1000;0;0,01;0,01;12;фиксированный;корпоративные;702;298,4;0,425071225
RU000A10AQD8;БЭЛТИ БОП7;23,2; B;3;28,9;2,2;103,82;погашение;900,1;1,23;18,5;25;12;фиксированный;корпоративные;1039,43;441,57;0,424819372
RU000A107U65; ВЭББНКР 05;27,6; B;3;32,9;1,8;91,4;погашение;1000;5,92;14,79;16;12;изменяемый;корпоративные;919,92;390,67;0,424678233
RU000A10A026;АРЕНЗА1Р06;22,3; B+;4;27,4;2,1;100,49;погашение;1000;7,96;17,62;24,75;12;плавающий;корпоративные;1012,86;427,64;0,422210375
RU000A108FG3;AGROFRGT01;38,4; CCC;2;40,4;1,6;89,5;погашение;1000;45;56,1;22,5;4;фиксированный;корпоративные;940;396,6;0,421914894
RU000A1095L7;СамолетP14;28,9; BBB;7;57,5;1,7;91,8;погашение;1000;14,07;16,23;20,75;12;плавающий;корпоративные;932,07;392,53;0,421137897
RU000A109221;МИРРИКО1P1;29,6; B+;4;35,6;1,7;92,23;погашение;1000;2,88;52,36;25;4;плавающий;корпоративные;925,18;388,98;0,420437104
RU000A10CQE2;ВТБЛИЗ 1Р3;17,2; A;8;50,6;2,8;99,43;погашение;1000;5,95;12,74;15,5;12;фиксированный;корпоративные;1000,25;420,17;0,420064984
RU000A10A216; ВТБС1-1348;0; AA;9;9,6;2,3;70,42;погашение;1000;0;0,3;0,01;0;фиксированный;корпоративные;704,2;295,8;0,420051122
RU000A10CLX3;УралСт1Р05;21,5; BBB;7;62,9;2,3;97,95;погашение;1000;14,19;15,21;18,5;12;фиксированный;корпоративные;993,69;416,98;0,419627852
RU000A10B2P6;АйДиКол1P1;22,6; B+;4;48,3;2,3;110;погашение;1000;11,4;21,37;26;12;фиксированный;корпоративные;1111,4;465,59;0,41892208
RU000A109KW8;НКНХ 1Р-03;20,1; AA;9;39,3;2,4;99,49;право продать (put);1000;5,48;14,96;21,2;12;плавающий;корпоративные;1000,38;418,5;0,41834103
RU000A10BBE6;Новотр 1Р6;16,8; A;8;45,7;2,9;106,57;погашение;1000;9,25;15,41;18,75;12;фиксированный;корпоративные;1074,95;448,99;0,417684543
RU000A0ZZGT5;РЖД 1Р-08R;18,6; AA;9;33;2,8;92,86;погашение;1000;31,74;72,2;6,1;2;плавающий;корпоративные;960,34;400,66;0,417206406
RU000A10CSQ2;НоваБев3Р1;16; A;8;48,8;2,9;99;погашение;1000;1,59;11,92;14,5;12;фиксированный;корпоративные;991,59;413,69;0,417198641
RU000A10BTJ7;Ульоб34010;17,7; B+;4;49,5;2,7;102,66;погашение;1000;4,56;46,12;18,5;4;фиксированный;субфедеральные/муниципальные;1031,16;430,04;0,417044881
RU000A106UW3;iКарРус1P3;25,7; BB;6;59,4;1,8;86,25;погашение;1000;10,88;11,26;13,7;12;фиксированный;корпоративные;873,38;363,08;0,415718244
RU000A0ZZY59; РСХБ 11В1;10; AA;9;29,9;3,1;86,3;вероятность выкупа (call);1000;34,03;44,88;9;2;фиксированный;корпоративные;897,03;372,25;0,414980547
RU000A10B4L1;ДЕВАР 1Р1;21,7; B;3;41,1;2,4;118,15;погашение;1000;7,27;24,25;29,5;12;фиксированный;корпоративные;1188,77;490,23;0,412384229
RU000A102556;СЭЗ 1P2;24; BB-;5;38,8;1,9;82,91;погашение;1000;11,78;26,8;10,75;4;фиксированный;корпоративные;840,88;346,72;0,41232994
RU000A1089A3;АСпэйс 1Р1;26,4; B;3;40,2;1,9;94;погашение;1000;11,97;15,62;21;12;изменяемый;корпоративные;951,97;391,67;0,411431032
RU000A1031U3;ВЭБ1P-26;16,1; AA;9;33,8;2,5;85,21;погашение;1000;1,11;40,54;8,13;2;фиксированный;корпоративные;853,21;349,49;0,409617796
RU000A102TH5;СберИОС425;0; AA;9;13;2,4;70,9;погашение;1000;0,46;0,7;0,01;0;фиксированный;корпоративные;709,46;290,54;0,409522736
RU000A10CJ92;ПР-Лиз 2P3;25,8; BB-;5;54,3;1,8;95,39;право продать (put);1000;0,55;16,44;20;12;фиксированный;корпоративные;954,45;390,79;0,409439992
RU000A10AUE8;РЖД 1Р-36R;15,7; AA;9;49,4;3,1;113,08;погашение;1000;9,29;16,4;19,95;12;фиксированный;корпоративные;1140,09;466,71;0,409362419
RU000A108VL0;ГПБ005P12P;0; AA;9;33,2;2,3;98,23;погашение;1000;11,99;14,86;21,5;12;плавающий;корпоративные;994,29;406,93;0,409266914
RU000A104W33;ПочтаР2P03;18,1; A;8;37,9;2,6;85,29;право продать (put);1000;36,43;50,61;10,15;2;фиксированный;корпоративные;889,33;363,72;0,408982043
RU000A108B83;ОилРесур01;31,7; B+;4;49,7;1,4;88,09;погашение;1000;6,25;15,62;21;12;изменяемый;корпоративные;887,15;362,77;0,408916192
RU000A105WK6;ВымпелК1Р4;16,5; A;8;27,5;2,5;86,47;досрочное погашение;1000;1,7;22,06;8,85;4;фиксированный;корпоративные;866,4;354,2;0,408818098
RU000A10D3C0;РусГид2Р08;16; AA;9;45,3;2,9;101,15;погашение;1000;5,08;12,7;15,45;12;фиксированный;корпоративные;1016,58;415,22;0,408447933
RU000A10C6P6;АФБАНК1Р15;16,9; A;8;56,6;2,7;102,18;погашение;1000;1,38;13,77;16,75;12;фиксированный;корпоративные;1023,18;417,46;0,408002502
RU000A108LN7;СмартФ1Р03;30,3; B;3;36,3;1,6;93,03;погашение;1000;15,72;17,47;21,25;12;плавающий;корпоративные;946,02;385,91;0,407930065
RU000A109UE5; РАТ 001-01;25,5; B;3;21,1;1,9;100,06;погашение;1000;5,04;18,9;23;12;фиксированный;корпоративные;1005,64;410,16;0,407859671
RU000A10B0J3;ДелЛиз1Р2;19,1; BBB;7;50,9;2,3;107,35;погашение;1000;15,78;19,73;24;12;фиксированный;корпоративные;1089,28;443,43;0,407085414
RU000A107E99; СовкомЗО-4;9,6; A;8;25,6;4,5;104,02;погашение;1000;5,52;52,32;10,46;2;фиксированный;корпоративные;1045,72;425,16;0,406571549
RU000A10D3S6;Селигдар6Р;19,6; BBB;7;57,2;2,4;100,85;погашение;1000;5,58;15,21;18,5;12;фиксированный;корпоративные;1014,08;411,8;0,40608236
RU000A1008P1;Роснфт2P6;12,8; AA;9;28,7;3,4;91,18;погашение;1000;7,4;22,44;9;4;фиксированный;корпоративные;919,2;372,52;0,405265448
RU000A107DB1;СберИОС598;0; AA;9;21,3;3,3;71,2;погашение;1000;0,01;0,01;0,01;11;фиксированный;корпоративные;712,01;288,35;0,404980267
RU000A106YE3;МгдОбл2023;16,6; BB-;5;41,6;2,9;96,81;погашение;1000;12,05;34,28;13,75;4;фиксированный;субфедеральные/муниципальные;980,15;396,93;0,404968627
RU000A108Q29; АЛЬФАЗО850;9,1; AA;9;40;4,5;98;погашение;1000;2,58;42,25;8,45;2;фиксированный;корпоративные;982,58;397,67;0,404720226
RU000A0ZZCH9;ИА ДОМ 5P2;0; AA;9;16,5;17,5;85,11;погашение;141,04;2,78;2,84;8;4;фиксированный;корпоративные;853,88;344,92;0,403944348
RU000A10D2N9; СибСтекБ03;27,1; B;3;32,9;1,8;100,03;право продать (put);1000;10,63;19,93;24,25;12;фиксированный;корпоративные;1010,93;407,6;0,403193099
RU000A108KK5;СОБИЛИЗ1Р5;27,2; B;3;28,4;2,5;94,59;погашение;692;1,46;10,95;19,25;12;фиксированный;корпоративные;947,36;381,14;0,402318021
RU000A10AZN8;Органик1Р1;21,6; B;3;38,1;2,3;118,03;погашение;1000;0;24,25;29,5;12;фиксированный;корпоративные;1180,3;474,45;0,401974074
RU000A0ZZTL5;ФПК 1P-05;17,8; AA;9;21,4;3;98,99;погашение;1000;77,72;82,72;7,68;2;плавающий;корпоративные;1067,62;428,7;0,401547367
RU000A10BFX7;СамолетP16;18,9; BBB;7;59,1;2,5;115,87;погашение;1000;4,89;20,96;25,5;12;фиксированный;корпоративные;1163,59;465,21;0,399805774
RU000A108DE3;ГТЛК 1P-21;22,1; BBB;7;47,4;2;97,89;право продать (put);1000;52,19;55,22;23,15;4;плавающий;корпоративные;1031,09;410,67;0,398287249
RU000A10CP78;ПСБ 4P-01;15,5; AA;9;56,1;2,9;99,37;погашение;1000;6,64;11,71;14,25;12;фиксированный;корпоративные;1000,34;397,8;0,397664794
RU000A106QL4;СберИОС580;0; AA;9;19,9;2,9;71,61;погашение;1000;0;0,01;0,01;11;фиксированный;корпоративные;716,1;284,21;0,39688591
RU000A10CC24;РусГид2Р07;15,8; AA;9;52,5;2,8;97,9;погашение;1000;6,07;11,38;13,85;12;фиксированный;корпоративные;985,07;390,47;0,396388074
RU000A10AEF9;ТГК-14 1Р3;18,6; BB-;5;40,2;2,6;119,37;погашение;1000;7,99;21,78;26,5;12;фиксированный;корпоративные;1201,69;473,49;0,394020088
RU000A107QL2;АЛЬЯНС 1P3;39,3; B;3;38,6;1,2;87,41;погашение;1000;16,68;17,26;22;12;плавающий;корпоративные;890,78;350,86;0,393879521
RU000A108RK0;РКС2Р4;29,6; B+;4;43,7;1,6;91,19;погашение;1000;20,27;49,86;20;4;фиксированный;корпоративные;932,17;366,99;0,393694283
RU000A107SR5;СберИОС605;0; AA;9;17,6;3,4;71,8;погашение;1000;0;0,01;0,01;11;фиксированный;корпоративные;718;282,37;0,393272981
RU000A106037;РусГидБП10;19,9; AA;9;35,5;2,4;99,54;погашение;1000;17,05;45,62;17,3;4;плавающий;корпоративные;1012,45;398,13;0,393234234
RU000A107C00;ИСТРСЫР 03;22; CCC;2;26,2;2,1;97,04;погашение;1000;12,82;14,79;18;12;плавающий;корпоративные;983,22;386,53;0,393126665
RU000A101RW0;Казахст08;16,4; n/a;;29,3;2,6;82,99;погашение;1000;26,34;38,34;7,69;2;фиксированный;государственные;856,24;335,46;0,391782678
RU000A108GM9;АЛЬЯНС 1P5;28,2; B;3;29,4;1,5;89,42;погашение;1000;5,12;13,97;17;12;изменяемый;корпоративные;899,32;352,14;0,391562514
RU000A10D1J9;ЭЛРЕШ 1Р2;25; B+;4;50,8;1,9;99,95;погашение;1000;11,71;18,49;22,5;12;фиксированный;корпоративные;1011,21;395,57;0,391184818
RU000A107J45;СберИОС601;0; AA;9;25,4;3,3;71,91;погашение;1000;0;0,01;0,01;12;фиксированный;корпоративные;719,1;281,29;0,391169517
RU000A109NM3;РСТ-01;24,3; B+;4;44,8;1,9;102,44;погашение;1000;0,64;19,32;23,5;12;фиксированный;корпоративные;1025,04;400;0,390228674
RU000A107W97;СберИОС610;0; AA;9;19,7;3,4;72;погашение;1000;0;0,01;0,01;12;фиксированный;корпоративные;720;280,4;0,389444444
RU000A103TZ5;ВТБ Б1-244;12,7; AA;9;11,8;2,8;71,99;погашение;1000;0,02;0,05;0,01;2;фиксированный;корпоративные;719,92;280,33;0,389390488
RU000A108U80;СберИОС631;0; AA;9;22,9;3,8;72,01;погашение;1000;0;0,01;0,01;12;фиксированный;корпоративные;720,1;280,35;0,389320928
RU000A109LC8;РОЛЬФ 1Р03;23,8; BB;6;38,1;1,9;97,67;погашение;1000;3,84;16,44;22;12;плавающий;корпоративные;980,54;381,14;0,388704183
RU000A109T74;АйДиКол1Р2;24,4; B+;4;40,4;1,9;99,99;погашение;1000;8,44;18,08;26;12;плавающий;корпоративные;1008,34;389,42;0,3861991
RU000A106TR5;ВымпелК3Р3;12,9; A;8;16,6;3,3;93,47;погашение;1000;17,27;24,56;9,85;4;фиксированный;корпоративные;951,97;367,31;0,385841991
RU000A106UL6;ЭлАп БО-02;24,6; B;3;26,1;1,9;90,18;погашение;1000;22,36;39,89;16;4;фиксированный;корпоративные;924,16;355,07;0,384208362
RU000A1097X8;БИАНКА-01;25,8; B;3;39,4;1,8;99,8;погашение;1000;11,97;18,9;23;12;фиксированный;корпоративные;1009,97;386,93;0,383110389
RU000A1053H4;ЛТрейд 1P5;25,1; B+;4;33,5;1,7;89,12;погашение;1000;10,68;12,33;15;12;фиксированный;корпоративные;901,88;344,72;0,382223799
RU000A104XE0;ЛТрейд 1P4;25,9; B+;4;33,6;1,6;88,95;погашение;1000;3,7;12,33;19;12;фиксированный;корпоративные;893,2;341,07;0,381851769
RU000A0JRJB8;ЗСД 01;8,5; A;8;11,9;5,5;109,35;погашение;1000;44,62;52,06;10,44;2;фиксированный;корпоративные;1138,12;434,54;0,381805082
RU000A105VQ5;Россети1Р8;20,6; AA;9;32,5;2,3;100,16;право продать (put);1000;35,96;48,12;17,3;4;плавающий;корпоративные;1037,56;395,52;0,381202051
RU000A1043P8;ВТБ Б1-274;14,4; AA;9;14,5;2,4;72,58;досрочное погашение;1000;0,01;0,02;0,01;4;фиксированный;корпоративные;725,81;274,37;0,378019041
RU000A10B9Q9;ГЛОРАКС1Р4;20; BB-;5;54,4;2,4;113,77;погашение;1000;13,97;20,96;25,5;12;фиксированный;корпоративные;1151,67;435,21;0,377894709
RU000A10CU55;Систем2P05;22,9; BBB;7;57,6;1,9;99,5;погашение;1000;0;16,85;0;12;плавающий;корпоративные;995;375,7;0,37758794
RU000A107D33;ВИС Ф БП05;22,8; BBB;7;39,8;2,1;102,43;погашение;1000;27,74;56,1;16,2;4;плавающий;корпоративные;1052,04;396,76;0,377133949
RU000A10AC75;Томскобл24;17,1; BB-;5;52,5;2,1;111,26;погашение;1000;2,14;21,37;26;12;фиксированный;субфедеральные/муниципальные;1114,74;419,51;0,376329907
RU000A10BWC6;iПозитивР3;16,8; A;8;56,6;2,5;104,9;погашение;1000;0,49;14,79;18;12;фиксированный;корпоративные;1049,49;394,21;0,37562054
RU000A1065Y3;АГТК БО-02;27,3; B;3;32,9;1,7;88,92;погашение;1000;1,23;37,4;15;4;фиксированный;корпоративные;890,43;333,97;0,375065979
RU000A109JX8;ЛАЗСИСТ-01;23,5; B+;4;38,2;1,9;99,9;погашение;1000;8,15;17,47;25,25;12;плавающий;корпоративные;1007,15;377,19;0,374512238
RU000A106P06;ВСК 1P-04R;16,4; A;8;45,4;2,8;91,76;погашение;1000;28,27;59,84;12;2;фиксированный;корпоративные;945,87;353,33;0,373550276
RU000A102952;ВИС Ф БП01;19,3; BBB;7;40,5;2;87;погашение;1000;3,29;24,93;9;4;фиксированный;корпоративные;873,29;326,15;0,37347273
RU000A10CRB6;Кокс01Р6;23,1; BB;6;49,3;1,9;99,24;право продать (put);1000;5,62;16,85;20,5;12;фиксированный;корпоративные;998,02;372,68;0,37341937
RU000A109TJ6;ПСБ 3P-09;19,9; AA;9;50,1;2;100,27;погашение;1000;0,51;15,71;22,5;12;плавающий;корпоративные;1003,21;373,83;0,372633845
RU000A104BC0;КалинОбл21;15,7; BBB;7;32,1;3,1;92,69;погашение;1000;9,89;23,68;9,5;4;изменяемый;субфедеральные/муниципальные;936,79;347,37;0,370808826
RU000A109R19;ГПБФин1Р2;19,3; AA;9;24,6;2;100,99;погашение;1000;0;48,04;0;4;плавающий;корпоративные;1009,9;374,42;0,370749579
RU000A108TE9;ИнвОбл08;17,7; B;3;20,2;1,9;73;погашение;1000;0,01;0,1;0,01;1;фиксированный;корпоративные;730,01;270,09;0,369981233
RU000A10ALQ1; СбКИБ1P100;0; AA;9;20,8;4,4;73;погашение;1000;0;0;0;0;нулевой;корпоративные;730;270;0,369863014
RU000A102HA5; МСПБанкС01;29; BB;6;10,2;0,6;50;право продать (put);10000000;309726,03;423835,62;8,5;2;фиксированный;корпоративные;310226,03;114609,59;0,369438986
RU000A10C5L7;Селигдар4Р;19; BBB;7;67,8;2,2;102,7;погашение;1000;3,12;15,62;19;12;фиксированный;корпоративные;1030,12;376;0,365006019
RU000A106SD7;СберИОС582;0; AA;9;25;2,9;73,3;погашение;1000;0,01;0,01;0,01;12;фиксированный;корпоративные;733,01;267,33;0,364701709
RU000A10BW70;Томскобл25;17,4; BB-;5;49,5;2,4;103,93;погашение;1000;1,5;15;18,25;12;фиксированный;субфедеральные/муниципальные;1040,8;379,2;0,364335127
RU000A107EC7;РСетиЛЭ1P1;19,9; AA;9;50,9;2,1;99,75;погашение;1000;8,95;14,92;22,15;12;плавающий;корпоративные;1006,45;366,55;0,364200904
RU000A0ZZV86;ИА ДОМ 6P2;0; AA;9;29,7;22,6;90,9;погашение;107,17;1,72;2,69;9,95;4;фиксированный;корпоративные;910,72;331,38;0,363865952
RU000A107Q04;СберИОС604;0; AA;9;20,7;3,3;73,4;погашение;1000;0,07;0,1;0,01;1;фиксированный;корпоративные;734,07;266,23;0,362676584
RU000A10BQB0;ГТЛК 2P-08;16,6; BBB;7;51,1;2,6;108,61;погашение;1000;13,36;16,03;19,5;12;фиксированный;корпоративные;1099,46;397,47;0,361513834
RU000A109NA8;СолСАТЛ01;23,5; B;3;36,4;2,4;103,3;погашение;740;1,95;14,6;24;12;фиксированный;корпоративные;1034,95;373,85;0,36122518
RU000A10D3J5; ПочтаР3P01;17,5; A;8;38,6;2,4;102;погашение;1000;5,65;14,14;17,2;12;фиксированный;корпоративные;1025,65;370,27;0,361010091
RU000A10CLD5;МСБЛиз3P06;24,9; B;3;45,2;1,8;100,88;право продать (put);1000;18,27;18,9;23;12;фиксированный;корпоративные;1027,07;369,83;0,360082565
RU000A10CTX6;ВЭБ2Р-54В;7,9; AA;9;56,7;4,8;98,2;погашение;1000;0;5,88;7,15;12;фиксированный;корпоративные;982;353,16;0,359633401
RU000A10ASY0;РЖД 1Р-34R;16,1; AA;9;10,6;2,7;111,15;погашение;1000;13,22;16,52;20,1;12;фиксированный;корпоративные;1124,72;403,92;0,359129383
RU000A106YL8;АГТК БО-03;28,1; B;3;33,6;1,7;90,4;погашение;1000;14,01;41,14;16,5;4;фиксированный;корпоративные;918,01;328,83;0,358198712
RU000A109YT5;АЛЬФАБ1Р17;0; AA;9;9,7;6;73,69;погашение;1000;0;0;0;0;нулевой;корпоративные;736,9;263,1;0,357036233
RU000A101Z74;ГПБ001P17P;15,9; AA;9;47,1;2,8;94,41;право продать (put);1000;30,39;64,27;12,75;2;фиксированный;корпоративные;974,49;346,86;0,35594003
RU000A10ABC2;Новосиб 26;17,5; A;8;49,9;2,1;105,31;погашение;1000;10,6;17,67;25,5;12;плавающий;субфедеральные/муниципальные;1063,7;378,05;0,35541036
RU000A1074S7;СберИОС591;0; AA;9;17,7;3,1;73,81;погашение;1000;0;0,01;0,01;13;фиксированный;корпоративные;738,1;262,3;0,355371901
RU000A106M09;СберИОС579;0; AA;9;26,9;2,8;73,8;погашение;1000;0,01;0,02;0,01;4;фиксированный;корпоративные;738,01;262,21;0,355293289
RU000A108Q78;Кеарли 1Р1;26,5; B;3;37,9;1,6;97,13;погашение;1000;8,63;17,26;21;12;фиксированный;корпоративные;979,93;348,01;0,355137612
RU000A10AZ45;РЖД 1Р-37R;14,9; AA;9;47,8;2,8;112,86;погашение;1000;1,07;16,03;19,5;12;фиксированный;корпоративные;1129,67;399,32;0,353483761
RU000A105H98;Эфферон01;20,8; B;3;39,5;2,1;91,35;погашение;1000;24,41;33,66;17,5;4;изменяемый;корпоративные;937,91;331,37;0,35330682
RU000A1097C2;АРЕНЗА1Р05;22,1; B+;4;24,4;1,8;100,11;погашение;1000;4,99;17,2;21,25;12;плавающий;корпоративные;1006,09;355,11;0,352960471
RU000A1033Z8;sМГор74-об;15,5; AA;9;45,4;2,6;84,39;погашение;1000;31,75;36,8;7,38;2;фиксированный;субфедеральные/муниципальные;875,65;308,35;0,352138411
RU000A10AQF3;СберИОС674;0; AA;9;27;4,4;74;погашение;1000;0;0,01;0,01;13;фиксированный;корпоративные;740;260,57;0,352121622
RU000A109R50;Самокат02;22,4; B;3;31,2;1,9;103,3;погашение;1000;14,49;18,9;23;12;фиксированный;корпоративные;1047,49;368,31;0,351611949
RU000A107W71; СолЛиз БО2;33,9; B;3;36,8;1,8;91,44;погашение;700;24,47;38,39;25;4;плавающий;корпоративные;938,87;329,86;0,351337246
RU000A102BT8;ОФЗ 26236;14,8; AAA;10;65,3;2,6;82,06;погашение;1000;24,67;28,42;5,7;2;фиксированный;государственные;845,27;296,83;0,3511659
RU000A1043E2;Новосиб 22;15,6; A;8;31,1;3;89,95;погашение;800;1,58;18,01;9,03;4;фиксированный;субфедеральные/муниципальные;901,08;315,04;0,349624895
RU000A10B7W1;R-Vision 2;18,6; B;3;44,3;2,4;114,19;погашение;1000;17,45;20,14;24,5;12;фиксированный;корпоративные;1159,35;404,57;0,348962781
RU000A1099W6;ЕДА-01;25; B;3;37,8;1,8;99,99;погашение;1000;40,96;57,34;23;4;фиксированный;корпоративные;1040,86;360,52;0,346367427
RU000A10D4E4;Векус01;30,6; CCC;2;45,1;1,4;100;право продать (put);1000;6,66;22,19;27;12;фиксированный;корпоративные;1006,66;348,38;0,34607514
RU000A105SG2;ГазКЗ-30Д;7,9; AA;9;48,8;4,3;83,4;погашение;1000;5,51;16,25;3,25;2;фиксированный;корпоративные;839,51;290,49;0,346023275
RU000A10C6Y8;ЛЕГЕНДА2P5;23,4; B+;4;30,6;1,7;99,99;погашение;1000;0;17,26;0;12;плавающий;корпоративные;999,9;345,3;0,345334533
RU000A10CCG7;iКарРус1P7;22,3; BB;6;53,1;1,8;97;погашение;1000;7,5;15;18,25;12;фиксированный;корпоративные;977,5;337,5;0,345268542
RU000A1089L0; АСВ 1Р02;35,3; B;3;40,8;1,4;92;погашение;1000;8,77;49,86;20;4;фиксированный;корпоративные;928,77;320,53;0,345112353
RU000A10AMK2;СберИОС669;0; AA;9;15,5;4,3;74,4;погашение;1000;0,07;0,1;0,01;1;фиксированный;корпоративные;744,07;256,33;0,344497158
RU000A10BPX6;Спектр01;26,4; B;3;27,5;1,6;100,42;погашение;1000;19,07;19,73;0;12;плавающий;корпоративные;1023,27;351,6;0,343604327
RU000A10CU89;iСелктл1Р6;16; BBB;7;60;2,4;100,93;погашение;1000;0;12,66;15,4;12;фиксированный;корпоративные;1009,3;345,18;0,341999406
RU000A10BWL7;МОНОП 1P05;36,2; B+;4;51,4;1,2;94,47;погашение;1000;19,56;20,96;25,5;12;фиксированный;корпоративные;964,26;329,18;0,341380955
RU000A10BV55;НОВАТЭК1Р4;7,8; AA;9;51,6;4,6;99,8;погашение;1000;0,82;6,16;7,5;12;фиксированный;корпоративные;998,82;339,98;0,34038165
RU000A109MH5;МЦП-01;20,4; BB-;5;36,9;1,9;104,73;погашение;1000;3,08;18,49;22,5;12;фиксированный;корпоративные;1050,38;356,4;0,339305775
RU000A0ZYWU3;Система1P8;17,7; BBB;7;31,2;2,3;90,64;погашение;1000;19,73;59,84;9;2;фиксированный;корпоративные;926,13;313,23;0,338213858
RU000A0ZZNW5;ИА ДОМ 4P2;0; AA;9;17,9;21,9;88,07;погашение;98,98;0,63;2,05;8,3;4;фиксированный;корпоративные;881,33;297,02;0,337013378
RU000A0JS4L7;ЗСД 05;6,5; A;8;0,6;6,4;118;погашение;1000;9,17;49,07;9,84;2;фиксированный;корпоративные;1189,17;399,67;0,33609156
RU000A106FW4; МГКЛ 1P3;24,2; B;3;33,7;1,7;91,45;погашение;1000;13,15;39,89;16;4;фиксированный;корпоративные;927,65;311,69;0,335999569
RU000A109X03;СберИОС656;0; AA;9;16,6;4,1;74,9;погашение;1000;0,01;0,01;0,01;11;фиксированный;корпоративные;749,01;251,44;0,335696453
RU000A10BW88;АйДиКол1P5;24,5; B+;4;44,1;1,6;104,33;право продать (put);1000;0,69;20,75;25,25;12;фиксированный;корпоративные;1043,99;350,26;0,335501298
RU000A10A7C4;Европлн1Р8;18,5; A;8;40,9;2,1;105,69;погашение;1000;15,53;17,26;0;12;плавающий;корпоративные;1072,43;359,07;0,334819056
RU000A0JXR84;РЖД Б01P3R;15,6; AA;9;34,1;3;106,83;право продать (put);1000;84,09;89,5;8,4;2;фиксированный;корпоративные;1152,39;384,61;0,333749859
RU000A10CAU2;ГПБ004Р25;13,1; AA;9;12,9;2,9;75;погашение;1000;0,01;0,1;0,01;1;фиксированный;корпоративные;750,01;250,19;0,333582219
RU000A105TY3;ВымпелК1Р6;16,3; A;8;39,4;2,3;90,75;досрочное погашение;1000;19,94;26,3;10,55;4;фиксированный;корпоративные;927,44;309,26;0,333455534
RU000A10CKZ0;ЕврХол3P04;15,9; AA;9;51;2,3;98,18;погашение;1000;0;11,42;13,9;12;фиксированный;корпоративные;981,8;326,54;0,332593196
RU000A106VV3;РЖД 1Р-27R;19,6; AA;9;46,2;1,9;99,85;погашение;1000;15,4;15,92;17,07;12;плавающий;корпоративные;1013,9;336,34;0,331728967
RU000A107WD7; МаниКап1Р3;29,6; B;3;39,2;1,3;89;погашение;1000;0;12,33;20;12;фиксированный;корпоративные;890;294,95;0,331404494
RU000A10C6Z5;ЛЕГЕНДА2P4;22,1; B+;4;48,7;1,7;100,19;погашение;1000;0;16,64;20,25;12;фиксированный;корпоративные;1001,9;330,9;0,330272482
RU000A109KY4;АФБАНК1Р13;22; A;8;49,1;1,9;99,8;погашение;1000;20,58;50,61;23,3;4;плавающий;корпоративные;1018,58;335,69;0,329566652
RU000A10AC91;Башкорт24;15,8; AA;9;41,7;2,1;111,08;погашение;1000;8,46;19,52;23,75;12;фиксированный;субфедеральные/муниципальные;1119,26;368,74;0,329449815
RU000A1075J3;РЕСОЛиз2П5;21,1; BBB;7;40,2;2;99,92;право продать (put);1000;47,32;48,85;0;4;плавающий;корпоративные;1046,52;344,28;0,328976035
RU000A106MW0;ТГК-14 1Р2;22,1; BB-;5;44,4;1,8;88,99;погашение;1000;31,33;32,04;12,85;4;фиксированный;корпоративные;921,23;303,05;0,328962366
RU000A109NF7;ЯТЭК 1P-4;21,2; BB;6;37,6;1,9;100,24;погашение;1000;15,49;16,03;21,5;12;плавающий;корпоративные;1017,89;334,77;0,328886225
RU000A108U98;СберИОС630;0; AA;9;16,8;3,8;75,3;погашение;1000;0,01;0,01;0,01;11;фиксированный;корпоративные;753,01;247,4;0,328548094
RU000A1075E4;МТС 2P-01;20,9; AA;9;44,9;2;98,74;погашение;1000;45,54;46,5;0;4;плавающий;корпоративные;1032,94;339,06;0,328247526
RU000A107SG8;СИМПЛСК1Р1;30,3; B+;4;31,9;1,3;92,82;право продать (put);1000;10,41;16,44;21;12;плавающий;корпоративные;938,61;307,99;0,328134156
RU000A10C8M9;ММЗ001P-03;23,7; B;3;36,1;1,7;101,54;право продать (put);1000;16,03;18,49;22,5;12;фиксированный;корпоративные;1031,43;338,37;0,328059102
RU000A10B8R9;Инаркт2Р2;16,5; BBB;7;44,5;2,4;106,85;погашение;1000;10,41;47,37;19;4;фиксированный;корпоративные;1078,91;347,42;0,322010177
RU000A1099A2;НоваБевБП7;20,8; A;8;47,6;1,8;99,07;погашение;1000;6,05;15,12;22,4;12;плавающий;корпоративные;996,75;320,77;0,321815902
RU000A10BUK3;ИКС5Фи3P12;15,7; AA;9;44;2,3;101,69;право продать (put);1000;0,85;12,78;15,55;12;фиксированный;корпоративные;1017,75;327,31;0,321601572
RU000A0JX199;ГТЛК 1P-02;10,3; BBB;7;14,4;6,1;97,31;погашение;549;7,45;12,32;9;4;фиксированный;корпоративные;980,55;315,13;0,321380858
RU000A109DV5;ИнтЛиз1Р09;24,6; BB;6;42,1;1,8;97,96;погашение;920;13,83;14,82;19,6;12;плавающий;корпоративные;993,43;317,79;0,319891688
RU000A10CMT9;ЯНДЕКС1Р2;15,6; AA;9;54,8;2,3;97,93;погашение;1000;6,29;11,1;13,5;12;фиксированный;корпоративные;985,59;314,11;0,318702503
RU000A106AT1;ГазпромКP6;15,3; AA;9;49,5;2,3;91,22;право продать (put);1000;16,71;24,93;10;4;фиксированный;корпоративные;928,91;295,46;0,318071718
RU000A107DC9;СберИОС599;0; AA;9;17;3,3;75,9;погашение;1000;0,01;0,01;0,01;12;фиксированный;корпоративные;759,01;241,38;0,318019525
RU000A109KL1;ВТБ Б1-359;18,6; AA;9;36,4;1,9;99,65;погашение;1000;3,26;14,44;17;12;плавающий;корпоративные;999,76;317,92;0,317996319
RU000A108FS8;ANTERRA-02;26,1; B;3;37,5;1,6;95;погашение;1000;37,26;49,86;20;4;фиксированный;корпоративные;987,26;311,9;0,315924883
RU000A10CUB0; БинФарм2P1;21,9; BB;6;27,2;1,6;99,14;погашение;1000;0;16,03;0;12;плавающий;корпоративные;991,4;313,17;0,315886625
RU000A107G22;КОРПСАН 01;32,1; C;1;35,8;1,1;87,17;погашение;1000;17,23;42,38;15;4;изменяемый;корпоративные;888,93;280,59;0,315649151
RU000A1074E7;РУССОЙЛ-01;41,9; B;3;32,3;1;92,53;погашение;1000;3,01;54,85;21;4;плавающий;корпоративные;928,31;291,09;0,31356982
RU000A10BG88;СберИОС707;0; AA;9;19;4,6;76,2;погашение;1000;0,04;0,06;0,01;2;фиксированный;корпоративные;762,04;238,5;0,312975697
RU000A10BQH7;АйДиКол1P4;24,1; B+;4;42,7;1,6;104,54;право продать (put);1000;16,6;20,75;25,25;12;фиксированный;корпоративные;1062;332,25;0,312853107
RU000A106L18;СберИОС577;0; AA;9;13,4;2,9;76,2;погашение;1000;0,01;0,01;0,01;13;фиксированный;корпоративные;762,01;238,36;0,312804294
RU000A1070G0; БДеньг-2P3;27,4; B;3;37,8;1,4;90,18;погашение;1000;10,68;12,33;15;12;фиксированный;корпоративные;912,48;284,8;0,31211643
RU000A10CZC7;Аэрфью2Р06;19,9; BB;6;47,3;1,9;99,49;погашение;1000;10;45,5;18,25;4;фиксированный;корпоративные;1004,9;313,6;0,312070853
RU000A108NQ6; МКБ ЗО2027;17,8; BBB;7;41,2;1,9;84,43;погашение;1000;4,38;37,5;7,5;2;фиксированный;корпоративные;848,68;263,82;0,310859217
RU000A108L65;АйДиКоле07;23,9; B+;4;41,2;1,6;97,45;погашение;1000;15,1;15,62;19;12;фиксированный;корпоративные;989,6;307,18;0,310408246
RU000A107QM0;АЛЬЯНС 1P4;29,7; B;3;44,9;1,2;89,9;погашение;1000;13,51;13,97;16;12;изменяемый;корпоративные;912,51;283,07;0,310210299
RU000A10C5U8;ГИДРОМАШ05;21; BBB;7;37,1;1,7;101,5;право продать (put);1000;2,77;16,64;20,25;12;плавающий;корпоративные;1017,77;315,03;0,309529658
RU000A10C9Y2;НОВАТЭК1Р5;7,8; AA;9;59,1;4,2;97,92;погашение;1000;4,22;5,75;7;12;фиксированный;корпоративные;983,42;304,08;0,309206646
BYM000001925;РесБел 335;6,5; n/a;;42;5,3;99,85;погашение;1000;11,01;32,15;6,38;2;фиксированный;государственные;1009,51;311,99;0,309050926
RU000A0JWHA4;RUS-26;10,9; AAA;10;17,6;0,6;96,5;погашение;200000;3430,56;4750;4,75;2;фиксированный;государственные;4395,56;1354,44;0,308138212
RU000A1059Q2;ЛУКОЙЛ 30;7; AA;9;39,3;4,5;87,97;погашение;1000;18,3;19,38;3,88;2;фиксированный;корпоративные;898;276,42;0,307817372
RU000A1079H9;РоялКапБ10;34,2; C;1;37;1,1;87,19;погашение;1000;30,08;44,88;20;4;изменяемый;корпоративные;901,98;277,54;0,307700836
RU000A107464;СберИОС590;0; AA;9;19,8;3,1;76,5;погашение;1000;0;0,01;0,01;12;фиксированный;корпоративные;765;235,37;0,307673203
RU000A108TD1;ИнвОбл07;14,8; B;3;15;2;76,49;погашение;1000;0;0,1;0,01;1;фиксированный;корпоративные;764,9;235,3;0,307621911
RU000A10BTT6;УЛК1Р01;22,7; B+;4;43,1;1,6;105,29;погашение;1000;6,04;20,14;24,5;12;фиксированный;корпоративные;1058,94;323,72;0,305701928
RU000A10CRG5;ФеррумБП2;26; B;3;37;1,4;99,23;право продать (put);1000;5,67;18,9;23;12;фиксированный;корпоративные;997,97;304,43;0,30504925
RU000A10BQ03;Спектр02;24,2; B;3;42,7;1,6;107,35;погашение;1000;21,85;22,6;27,5;12;фиксированный;корпоративные;1095,35;334,05;0,304971014
RU000A107UR1;СберИОС609;0; AA;9;17,5;3,4;76,7;погашение;1000;0,01;0,01;0,01;12;фиксированный;корпоративные;767,01;233,39;0,304285472
RU000A109LL9;СберИОС649;0; AA;9;20,4;4;76,71;погашение;1000;0;0,01;0,01;12;фиксированный;корпоративные;767,1;233,38;0,304236736
RU000A10CSP4;Башкрт125;14,9; AA;9;27,1;1,9;99,99;погашение;1000;13,04;14,58;14;12;фиксированный;субфедеральные/муниципальные;1012,94;307,82;0,303887693
RU000A10CJ84; СибСтекБ02;27,7; B;3;43,6;1,3;99,8;право продать (put);1000;1,34;20,14;24,5;12;фиксированный;корпоративные;999,34;302,76;0,302959954
RU000A10D4D6;Амур 31002;16,5; n/a;;38,8;2;101,98;погашение;1000;4,13;41,76;16,75;4;фиксированный;субфедеральные/муниципальные;1023,93;310,15;0,302901566
RU000A109528;Россет1Р13;19,8; AA;9;47,3;1,7;99,5;погашение;1000;0;14,79;0;12;плавающий;корпоративные;995;300,8;0,302311558
RU000A106FN3;СПМК БО-02;24,3; CCC;2;35,8;1,6;91,6;погашение;1000;15,78;35,51;14,4;4;фиксированный;корпоративные;931,78;281,28;0,301873833
RU000A107F49;ГПБ005P02P;0; AA;9;45,1;1,6;97,65;погашение;1000;2,79;14,44;18;12;плавающий;корпоративные;979,29;295,07;0,301310133
RU000A10C6M3;Уралкуз1Р1;20,3; B;3;48;1,7;102;погашение;1000;1,64;16,44;20;12;фиксированный;корпоративные;1021,64;307,16;0,300653851
RU000A10BRM5;Акрон Б1P9;8; A;8;40,8;4;100,02;погашение;1000;4,67;6,37;7,75;12;фиксированный;корпоративные;1004,87;300,89;0,299431767
RU000A1084F3;ГПБ004Р05;19,1; AA;9;12,5;1,5;77;погашение;1000;0,05;0,1;0,01;1;фиксированный;корпоративные;770,05;230,05;0,298746835
RU000A101SD8;ГТЛК 1P-19;15,9; BBB;7;29,6;1,6;85,03;право продать (put);1000;11,57;19,87;7,97;4;фиксированный;корпоративные;861,87;257,35;0,298594916
RU000A10BQ78;СИМПЛ1Р04;22,4; BB;6;38,1;1,6;100,78;погашение;1000;14,96;17,26;0;12;плавающий;корпоративные;1022,76;305,18;0,298388674
RU000A10A3Z4;ГТЛК 2P-04;17,9; BBB;7;56,7;2;114,46;право продать (put);1000;6,85;20,55;25;12;фиксированный;корпоративные;1151,45;341,75;0,296799687
RU000A101RV2;Казахст07;17,5; n/a;;39,9;1,9;84;погашение;1000;7;32,66;6,55;2;фиксированный;государственные;847;250,98;0,296316411
RU000A10AM16; СбКИБ1P111;0; AA;9;16,5;4,5;77,2;погашение;1000;0;0;0;0;нулевой;корпоративные;772;228;0,295336788
RU000A0ZYVU5;Роснфт2P5;15; AA;9;37,5;2,3;89,49;погашение;1000;16,03;44,88;7,3;2;фиксированный;корпоративные;910,93;268,59;0,294852513
RU000A10B4M9;СберИОС694;0; AA;9;26,4;4,5;77,3;погашение;1000;0,05;0,06;0,01;2;фиксированный;корпоративные;773,05;227,49;0,29427592
RU000A108VW7;РУСАЛ 1Р9;20,6; BBB;7;48,5;1,6;100,39;погашение;1000;0,53;15,78;0;12;плавающий;корпоративные;1004,43;295,39;0,294087194
RU000A10BFP3;МВ ФИН 1Р6;22,9; BB;6;52,7;1,5;106,48;погашение;1000;5,7;21,37;26;12;фиксированный;корпоративные;1070,5;314,16;0,293470341
RU000A106Y88; ВЭББНКР 04;27,8; B;3;38,9;1,4;92,19;погашение;1000;4,52;12,33;15;12;фиксированный;корпоративные;926,42;270,86;0,29237279
RU000A10B396;МОНОП 1P04;42; B+;4;56,5;0,9;93,29;погашение;1000;9,44;21,78;26,5;12;фиксированный;корпоративные;942,34;275,46;0,292314876
RU000A0ZZ4P9;РЖД 1Р-06R;15,8; AA;9;37,4;2;105,33;право продать (put);1000;6,59;92,25;18,5;2;фиксированный;корпоративные;1059,89;309,11;0,291643472
RU000A106SE5; Фордевинд4;27; B;3;37,3;1,3;93,25;погашение;1000;4,66;13,97;17;12;фиксированный;корпоративные;937,16;272,39;0,290654744
RU000A109H86; СбКИБ1P15;0; AA;9;24,1;0,4;77,5;погашение;1000;0;0;0;0;нулевой;корпоративные;775;225;0,290322581
RU000A10CMQ5;НовТех1Р8;19; BB;6;52,8;1,8;99,21;погашение;1000;10,71;13,97;17;12;фиксированный;корпоративные;1002,81;290,56;0,289745814
RU000A0ZYHW0;ЛевенгукБ1;16,8; B;3;30,4;2,1;97,62;погашение;1000;24,63;36,15;14,5;4;фиксированный;корпоративные;1000,83;288,37;0,288130851
RU000A10BYZ3;Медскан1Р1;18,4; BB;6;50,5;1,9;102,4;погашение;1000;12,16;15,21;18,5;12;фиксированный;корпоративные;1036,16;298,46;0,288044317
RU000A103VQ0;СберИОС480;0; AA;9;12,4;3;77,6;погашение;1000;0,4;0,7;0,01;0;фиксированный;корпоративные;776,4;223,6;0,287995878
RU000A107AG6;РоссЦP03;20; AA;9;45,4;1,6;99,34;погашение;1000;0,49;14,71;21,9;12;плавающий;корпоративные;993,89;285,6;0,287355744
RU000A0ZYR91;ГТЛК 1P-08;19,1; BBB;7;32,7;1,8;90,36;право продать (put);1000;27,6;28,22;11,32;4;фиксированный;корпоративные;931,2;266,34;0,286018041
RU000A107985;СберИОС595;0; AA;9;21,1;3,2;77,9;погашение;1000;0;0,01;0,01;12;фиксированный;корпоративные;779;221,38;0,284184852
RU000A101SC0;ГТЛК 1P-18;19,4; BBB;7;32,2;1,6;85,88;право продать (put);1000;11,38;19,55;7,84;4;фиксированный;корпоративные;870,18;247,12;0,283987221
RU000A0JTU85;РЖД-28 обл;16,4; AA;9;36,5;2,4;104,47;погашение;1000;16,36;90,25;15;2;фиксированный;корпоративные;1061,06;299,94;0,282679585
RU000A1055Y4;ПочтаР2P04;18,2; A;8;38,7;1,9;87,44;право продать (put);1000;13,43;46,12;9,25;2;фиксированный;корпоративные;887,83;250,53;0,2821824
RU000A10B933;Селигдар3Р;18,9; BBB;7;62,2;1,9;109,46;погашение;1000;13,38;19,11;23,25;12;фиксированный;корпоративные;1107,98;312,44;0,28199065
RU000A0JTK38;ОФЗ 26212;14,4; AAA;10;64,8;2,2;87,15;погашение;1000;18,35;35,15;7,05;2;фиксированный;государственные;889,85;250,75;0,281789066
RU000A10CQ77;КАМАЗ БП16;17,1; A;8;46,2;1,9;98,48;погашение;1000;5,72;12,25;14,9;12;фиксированный;корпоративные;990,52;278,98;0,281650042
RU000A10BQ60;РОЛЬФ 1Р08;22; BB;6;54,9;1,6;107,34;погашение;1000;18,16;20,96;25,5;12;фиксированный;корпоративные;1091,56;306,68;0,280955696
RU000A10ASF9; СибСтекБ01;27,7; B;3;38,6;1,3;104,04;погашение;1000;19,86;23,84;29;12;фиксированный;корпоративные;1060,26;297,34;0,280440647
RU000A108Y60;ПУБ001Р-01;21,8; B;3;39,7;1,7;101,59;погашение;875,5;12,66;15,83;22;12;фиксированный;корпоративные;1028,56;288,04;0,280042
RU000A100QA0;Самолет1P6;20,5; BBB;7;35,4;1,8;99,48;право продать (put);1000;42,12;46,75;10,85;4;плавающий;корпоративные;1036,92;290,33;0,279992671
RU000A105VC5;Полюс Б1P3;15; AA;9;45,3;2,3;92,28;погашение;1000;20,52;51,86;10,4;2;фиксированный;корпоративные;943,32;264,12;0,279989823
RU000A107EW5; Джой 1P1;27,2; B;3;37,5;1,1;93,2;погашение;1000;8,33;15,62;22;12;изменяемый;корпоративные;940,33;262,73;0,279401912
RU000A10CM71;iАйдеко 01;29,3; B;3;50,5;1,4;100,48;право продать (put);1000;39,95;67,32;27;4;фиксированный;корпоративные;1044,75;291,85;0,279349127
RU000A105KR6;ВСК 1P-03R;17; A;8;41,1;2,1;91,24;погашение;1000;44,69;56,1;11,25;2;фиксированный;корпоративные;957,09;267,31;0,279294528
RU000A0JXN05;РЖД Б01P1R;15,8; AA;9;41,6;2,6;106,46;право продать (put);1000;76,62;91,75;8,7;2;фиксированный;корпоративные;1141,22;317,53;0,278237325
RU000A10BPN7;ПолиплП2Б5;20,1; BB;6;57,7;1,6;109,44;погашение;1000;0;20,96;25,5;12;фиксированный;корпоративные;1094,4;303,84;0,277631579
RU000A108RP9;АФБАНК1Р12;21,8; A;8;47;1,6;99,96;погашение;1000;20,48;50,36;18,2;4;плавающий;корпоративные;1020,08;282,08;0,276527331
RU000A107UU5;Брус 2P02;22,8; BB;6;66;1,4;100,25;погашение;1000;5,18;17,84;21;12;фиксированный;корпоративные;1007,68;277,76;0,275643061
BYM000001941;РесБел 336;7,1; n/a;;38,7;4,3;97;погашение;1000;10,02;31,25;6,2;2;фиксированный;государственные;980,02;269,98;0,275484174
RU000A10BQX4;РСетиСЗ1Р1;20,2; AA;9;42,3;1,6;100,5;погашение;1000;11,91;15,53;18,9;12;плавающий;корпоративные;1016,91;278,16;0,273534531
RU000A10BPP2;ГазКап3P14;8,1; AA;9;53;3,5;98,2;погашение;1000;0;5,96;7,25;12;фиксированный;корпоративные;982;268,32;0,273238289
RU000A108P61;РСетиМР1P6;19,9; AA;9;41,2;1,6;99,86;погашение;1000;9,45;14,92;22,15;12;плавающий;корпоративные;1008,05;275,43;0,273230495
RU000A10BUM9;ЭТС 1Р07;19,7; BB-;5;31,6;1,6;104,09;право продать (put);1000;2,3;17,26;21;12;фиксированный;корпоративные;1043,2;284,74;0,27294862
RU000A108ZH9;Славнеф2Р5;20,2; A;8;45;1,6;99,77;право продать (put);1000;13,61;15,12;17,4;12;плавающий;корпоративные;1011,31;275,97;0,272883686
RU000A10CMD3;РостелP19R;15,3; AA;9;34,8;2;98,3;погашение;1000;8,75;10,93;13,3;12;фиксированный;корпоративные;991,75;270,57;0,272820771
RU000A101XN7;Систем1P14;19; BBB;7;39,2;1,5;90,68;право продать (put);1000;3,16;26,18;10,5;4;фиксированный;корпоративные;909,96;247,12;0,271572377
RU000A10C2E9;Аэрфью2Р05;20,3; BB;6;55,7;1,7;101,19;погашение;1000;7,03;49,24;19,75;4;фиксированный;корпоративные;1018,93;276,51;0,271372911
RU000A10AYH3;СберИОС683;0; AA;9;22,8;4,5;78,7;погашение;1000;0;0,01;0,01;12;фиксированный;корпоративные;787;213,54;0,27133418
RU000A108CC9;ПКБ 1Р-04;20,2; BB;6;44;1,5;98,6;погашение;1000;0,93;42,38;17;4;фиксированный;корпоративные;986,93;267,35;0,270890539
RU000A0ZZ9R4;РЖД 1Р-07R;15,2; AA;9;31,3;2,6;106,95;право продать (put);1000;70,52;89,75;7,3;2;фиксированный;корпоративные;1140,02;308,73;0,270811038
RU000A10AK75; СбКИБ1P50;0; AA;9;6,1;1,9;78,7;погашение;1000;0;0;0;0;нулевой;корпоративные;787;213;0,27064803
RU000A1061K1;ЕвроТранс3;24,3; BB;6;56,2;1,4;92,56;погашение;1000;2,24;11,18;13,6;12;фиксированный;корпоративные;927,84;251,04;0,27056389
RU000A104WF9;Славнеф2Р4;16; A;8;43,1;2,1;105,16;право продать (put);1000;18,25;44,88;18;4;фиксированный;корпоративные;1069,85;289,19;0,270308922
RU000A1084N7;СЕРГВ БО-1;25,9; B;3;32,7;1,4;96,71;погашение;1000;16,44;49,86;20;4;фиксированный;корпоративные;983,54;265,76;0,270207617
RU000A107D58;ГТЛК ЗО29Д;8,6; BBB;7;36,4;3,3;88,31;погашение;1000;7,13;21,75;4,35;2;фиксированный;корпоративные;890,23;240,27;0,269896544
RU000A105SZ2;СИБАВТО1Р1;40,2; B;3;47,8;1,3;91,01;погашение;900;38,61;40,39;18;4;фиксированный;корпоративные;948,71;253,24;0,266930885
RU000A104H08;СберИОС522;0; AA;9;13,9;1,9;78,9;погашение;1000;0,32;0,5;0,01;0;фиксированный;корпоративные;789,32;210,68;0,266913292
RU000A0JXZB2;РЖД Б01P4R;15,8; AA;9;35;2,3;98,59;право продать (put);1000;31,78;72,3;8,25;2;фиксированный;корпоративные;1017,68;271,52;0,266802924
RU000A105GW4;ГПБ001P22P;15; AA;9;38,9;2,6;106,33;право продать (put);1000;74,32;88,22;9,1;2;фиксированный;корпоративные;1137,62;303,48;0,266767462
RU000A107F07;Унител БО1;27,6; B;3;34,8;1,1;90,51;погашение;1000;18,16;42,38;19;4;изменяемый;корпоративные;923,26;246,26;0,266728765
RU000A107TT9;ГТЛК 2P-03;22,6; BBB;7;54,7;1,6;99,2;право продать (put);1000;37,26;50,61;20,3;4;плавающий;корпоративные;1029,26;274,4;0,266599304
RU000A10CCL7;ГПБ004Р26;13,6; AA;9;13,3;1,9;79;погашение;1000;0,01;0,1;0,01;1;фиксированный;корпоративные;790,01;210,09;0,265933343
RU000A106607;Ульоб34005;16,9; B+;4;34,3;2,5;91,49;погашение;600;0,52;15,86;10,6;4;фиксированный;субфедеральные/муниципальные;915,42;243,18;0,265648555
RU000A10ARR6; Пиксода Б1;15,7; B;3;21,1;2,3;109,99;погашение;1000;48,68;50,29;0;4;плавающий;корпоративные;1148,58;304,03;0,264700761
RU000A106Q47; Фордевинд3;27,4; B;3;38,5;1,2;92,4;погашение;1000;12,27;13,15;16;12;фиксированный;корпоративные;936,27;247,83;0,264699285
RU000A1079G1; МаниКап1Р2;29,1; B;3;33,5;1,1;91,58;погашение;1000;3,29;12,33;15;12;фиксированный;корпоративные;919,09;241,2;0,262433494
RU000A108KU4;А101 1P01;18,2; BBB;7;40,1;1,6;100,2;погашение;1000;1,4;13,97;17;12;фиксированный;корпоративные;1003,4;262,03;0,261142117
RU000A10BY45;НовТех1Р7;19,7; BB;6;45,5;1,6;102,97;погашение;1000;14,42;16,64;20,25;12;фиксированный;корпоративные;1044,12;272,04;0,260544765
RU000A10C618;Магнит4P08;15,6; AA;9;53,7;1,9;100,67;погашение;1000;1,64;12,29;14,95;12;фиксированный;корпоративные;1008,34;262,04;0,259872662
RU000A107WF2;ПИР 1P1;34,7; B;3;37,2;1,3;93,01;погашение;750;0;11,4;18,5;12;фиксированный;корпоративные;930,1;240,9;0,259004408
RU000A10CM14;Росинтер01;27,3; B;3;47,5;1,3;100,64;право продать (put);1000;40,52;63,58;25,5;4;фиксированный;корпоративные;1046,92;270,98;0,258835441
RU000A10AHA3;ИКС5Фин3P7;16,7; AA;9;54,9;1,7;96,6;право продать (put);1000;1,45;10,89;13,25;12;фиксированный;корпоративные;967,45;250,35;0,258773063
RU000A100N12;Систем1P11;19; BBB;7;48,7;1,7;89,5;право продать (put);1000;28,97;54,35;9,4;2;фиксированный;корпоративные;923,97;239,08;0,25875299
RU000A10CZ35;ТЛК 1Р4;26,9; B;3;34,7;1,2;99,88;право продать (put);1000;15,78;19,73;24;12;фиксированный;корпоративные;1014,58;261,64;0,257880108
RU000A107SX3;ЭконЛиз1Р7;24,9; B+;4;32,6;1,3;92,42;погашение;1000;30,25;39,89;20;4;фиксированный;корпоративные;954,45;245;0,256692336
RU000A105KU0;ГазКЗ-29Д;8; AA;9;43,7;3,3;85,9;погашение;1000;7,29;14,75;2,95;2;фиксированный;корпоративные;866,29;222,21;0,256507636
RU000A105CM4;Новотр 1Р3;17,4; A;8;48,6;2;95,4;погашение;1000;28,53;29,17;11,7;4;фиксированный;корпоративные;982,53;250,83;0,255289915
RU000A10D483;Газпнф5P1R;8,1; AA;9;49,7;3,4;99,1;погашение;1000;2,05;6,16;7,5;12;фиксированный;корпоративные;993,05;253,35;0,255123106
RU000A10C5Y0;ИКС5Фи3P13;15,1; AA;9;37,9;1,9;100;право продать (put);1000;0;11,59;14,1;12;фиксированный;корпоративные;1000;254,98;0,25498
RU000A106UB7; Кириллица3;36,1; B+;4;36,1;0,8;89,46;погашение;1000;0;13,56;16,5;12;фиксированный;корпоративные;894,6;227,44;0,25423653
RU000A101RJ7;МБЭС 1P-02;17,3; AA;9;29;2,1;99,66;право продать (put);1000;62,45;81,78;16,4;2;фиксированный;корпоративные;1059,05;268,07;0,253123082
RU000A1014N4;ОФЗ 26232;14,6; AAA;10;69,4;1,9;86,7;погашение;1000;2,96;29,92;6;2;фиксированный;государственные;869,96;219,8;0,252655294
RU000A104JX9;СберИОС527;0; AA;9;11,1;1,8;79,8;погашение;1000;0,32;0,5;0,01;0;фиксированный;корпоративные;798,32;201,68;0,252630524
RU000A0ZYZ26;ОФЗ 52002;10; AAA;10;50,3;2,3;85,58;погашение;1679,6;9,32;20,88;2,5;2;фиксированный;государственные;865,12;218,4;0,252450527
RU000A1033B9;Якут-35015;16,7; BBB;7;37,1;2,5;88,97;погашение;700;10,57;12,65;7,25;4;фиксированный;субфедеральные/муниципальные;900,27;226,23;0,251291279
RU000A107VZ2;ГПБ004Р04;16,4; AA;9;20,9;1,5;79,98;погашение;1000;0,05;0,1;0,01;1;фиксированный;корпоративные;799,85;200,25;0,250359442
RU000A0JXT58;МежИнБ01P1;17,7; B;3;1,5;1,4;80;погашение;1000;0,01;0,05;0,01;2;фиксированный;корпоративные;800,01;200,09;0,250109374
RU000A10C7E8;ГПБ004Р24;13,2; AA;9;11,6;1,8;80;погашение;1000;0,02;0,1;0,01;1;фиксированный;корпоративные;800,02;200,08;0,250093748
RU000A10AZ78;ГПБ004Р17;15,9; AA;9;9,3;1,5;80;погашение;1000;0,05;0,1;0,01;1;фиксированный;корпоративные;800,05;200,05;0,250046872
RU000A10A7S0;iСелктл1Р5;19; BBB;7;52,5;1,6;104,74;погашение;1000;14,96;17,26;0;12;плавающий;корпоративные;1062,36;265,58;0,249990587
RU000A10C5T0;ГИДРОМАШ04;16,7; BBB;7;42,4;1,7;102,14;право продать (put);1000;2,33;13,97;17;12;фиксированный;корпоративные;1023,73;255,67;0,249743585
RU000A105492;ЭНИКА 1Р03;26,6; B+;4;32,6;1,8;87,91;погашение;500;12,11;16,21;13;4;фиксированный;корпоративные;891,21;222,26;0,249391277
RU000A107BH2;ИЛСБО-1-1Р;25,9; CCC;2;37,1;1,1;96,29;погашение;1000;0,52;15,62;19;12;фиксированный;корпоративные;963,42;239,64;0,248738868
RU000A100VX2;МБЭС 1P-01;17,3; AA;9;34,3;1,9;96,58;право продать (put);1000;9,93;72,3;7,9;2;фиксированный;корпоративные;975,73;241,17;0,247168786
RU000A1009Z8;О'КЕЙ Б1Р2;17,3; BB;6;34,8;0,5;83,76;право продать (put);1000;4,38;24,93;10;4;фиксированный;корпоративные;841,98;207,88;0,246894226
RU000A105YK2;ВымпелК1Р3;16,8; A;8;28,5;1,5;88,89;досрочное погашение;1000;1,4;18,2;7,3;4;фиксированный;корпоративные;890,3;218,9;0,245872178
RU000A102FS1;Систем1P16;17,8; BBB;7;29;1,6;91,11;право продать (put);1000;15,52;25,68;10,3;4;фиксированный;корпоративные;926,62;227,46;0,245472794
RU000A106W49; СолЛиз БО1;27,9; B;3;26,8;1,4;95,29;погашение;1000;26,52;109,7;16;2;плавающий;корпоративные;979,42;239,98;0,245022564
RU000A104KL2;СберИОС526;0; AA;9;8,9;1,7;80,4;погашение;1000;0,33;0,5;0,01;0;фиксированный;корпоративные;804,33;195,67;0,243270797
RU000A10C3M0;Атомэнпр06;7,2; AA;9;50,9;3,7;100,47;погашение;1000;1,78;17,95;7,2;4;фиксированный;корпоративные;1006,48;244,82;0,24324378
RU000A105DN0;ФСК РС БО6;13,8; AA;9;5,4;2;93,89;право продать (put);1000;21,79;24,18;9,7;4;фиксированный;корпоративные;960,69;232,75;0,242273782
RU000A10BSL5;РостелP17R;15,2; AA;9;46,2;1,9;103,8;погашение;1000;7,68;13,56;16,5;12;фиксированный;корпоративные;1045,68;252,64;0,24160355
RU000A106AU9;УльтраБО1;24,3; B;3;27,9;1,5;98,31;погашение;760;4,16;12,49;16;12;фиксированный;корпоративные;987,26;237,56;0,24062557
RU000A107W55;ВТБ Б1-351;20,2; AA;9;45;1,4;98,5;погашение;1000;11,82;14,65;21,25;12;плавающий;корпоративные;996,82;237,58;0,238337915
RU000A108P79;ПолюсЗО28Д;7,7; AA;9;43,4;3;88,6;погашение;1000;1,08;16,25;3,25;2;фиксированный;корпоративные;887,08;210,42;0,237205213
RU000A10CDX0;ЭконЛиз2Р1;25,4; B+;4;38,9;1,3;98,6;право продать (put);1000;44;54,85;22;4;фиксированный;корпоративные;1030;244,25;0,237135922
RU000A10CL07;Магнит4P09;14,6; AA;9;42,2;1,8;99,4;погашение;1000;0;10,93;13,3;12;фиксированный;корпоративные;994;235,53;0,23695171
RU000A1089W7;РЖДЗО282ФР;7,1; AA;9;33,5;2,4;87,2;погашение;5000;33,69;59,75;1,2;1;фиксированный;корпоративные;905,69;213,81;0,236074153
RU000A107407; ВТБ С1-800;0; AA;9;9,1;1,1;81;погашение;1000;0,18;0,3;0,01;0;фиксированный;корпоративные;810,18;189,82;0,234293614
RU000A104511;ИАДОМ 1P14;0; AA;9;9,4;6,1;81,09;погашение;488,64;0;0;7,4;4;плавающий;корпоративные;810,9;189,1;0,233197682
RU000A106672;ГазпромКP5;16,1; AA;9;50,2;1,5;92,91;право продать (put);1000;0,81;24,43;9,8;4;фиксированный;корпоративные;929,91;216,67;0,233001043
RU000A103U28;ВТБ Б1-247;18,7; AA;9;7,4;1,2;81,12;погашение;1000;0,03;0,05;0,01;2;фиксированный;корпоративные;811,23;188,87;0,232819299
RU000A1084E6;О'КЕЙ Б1Р6;19,1; BB;6;45,4;1,4;97,42;право продать (put);1000;2,55;12,74;15,5;12;фиксированный;корпоративные;976,75;227,09;0,232495521
RU000A101UE2;РСЭКСМБ2Р3;16,5; AA;9;17,2;1,6;86,93;право продать (put);1000;22,74;33,11;6,64;2;фиксированный;корпоративные;892,04;207,29;0,232377472
RU000A105NY6;ИАДОМ 1P31;0; AA;9;9,5;6,9;81,16;погашение;569,51;0;0;8,43;4;плавающий;корпоративные;811,6;188,4;0,232134056
RU000A107EP9;СмартФ1Р02;27,1; B;3;37,8;1,1;94,49;погашение;1000;20,82;47,37;19;4;фиксированный;корпоративные;965,72;223,76;0,231702771
RU000A10BPZ1;Систем2P02;18,1; BBB;7;53,1;1,6;108,25;погашение;1000;18,08;18,7;22,75;12;фиксированный;корпоративные;1100,58;254,72;0,231441604
RU000A105344;ИАДОМ 1P20;0; AA;9;21,2;6,7;81,21;погашение;562,5;0;0;5,17;4;плавающий;корпоративные;812,1;187,9;0,231375446
RU000A108AL4;ИнтЛиз1Р08;21,5; BB;6;41,7;1,4;97,38;погашение;1000;6,9;12,95;15,75;12;фиксированный;корпоративные;980,7;226,5;0,230957479
RU000A106B51; БДеньг-2P2;27,3; B;3;37,8;1;93,69;погашение;1000;3,95;13,15;16;12;фиксированный;корпоративные;940,85;216,95;0,230589361
RU000A108C74;РЕСОЛиБП25;17; BBB;7;42,6;1,5;99,57;право продать (put);1000;3,4;12,74;15,5;12;фиксированный;корпоративные;999,1;230,22;0,230427385
RU000A10BV22;Башкорт25;16; AA;9;35,9;1,6;101,74;погашение;1000;1,78;13,36;16,25;12;фиксированный;субфедеральные/муниципальные;1019,18;234,66;0,230243922
RU000A105A04;МЕТАЛИН028;7,5; AA;9;37,8;3;89,5;погашение;1000;0,38;16,88;3,38;2;фиксированный;корпоративные;895,38;205,9;0,22995823
RU000A10BU31;КАМАЗ БП15;16,4; A;8;51,3;1,6;103,82;погашение;1000;3,95;14,79;18;12;фиксированный;корпоративные;1042,15;238,86;0,229199252
RU000A105NT6;МгдОбл2022;16,9; BB-;5;32,4;2,1;92,66;погашение;700;7,53;18,52;10,61;4;фиксированный;субфедеральные/муниципальные;934,13;214,03;0,229122285
RU000A0JXPN8;Ростел1P2R;16,5; AA;9;42,5;1,5;104,55;погашение;1000;5,88;97,23;9,2;2;фиксированный;корпоративные;1051,38;240,31;0,228566265
RU000A0JXSS1;Акрон Б1P2;16,4; A;8;21,3;1,6;85,46;погашение;1000;20,82;24,93;5;2;фиксированный;корпоративные;875,42;199,37;0,227742112
RU000A107S10;РСХБ2Р3;19,6; AA;9;54,8;1,3;100,09;погашение;1000;2,48;15,37;20,59;12;плавающий;корпоративные;1003,38;227,17;0,226404752
RU000A0ZZ1M2;ПИК БО-П04;13,6; BBB;7;24,4;2,4;108,58;погашение;1000;14,38;87,26;7,75;2;плавающий;корпоративные;1100,18;248,86;0,226199349
RU000A0JXQK2;Роснфт1P4;15,3; AA;9;43,7;1,5;92,52;погашение;1000;0,74;44,88;8,65;2;фиксированный;корпоративные;925,94;208,7;0,225392574
RU000A0JUKX4;ДОМ.РФ30об;15; AA;9;7,2;1,9;98,95;право продать (put);1000;20,49;33,91;9,6;4;фиксированный;корпоративные;1009,99;227,38;0,225130942
RU000A103WB0;СлавЭКО1Р1;24,6; B+;4;32,7;1;90,23;погашение;1000;3,62;27,42;11;4;фиксированный;корпоративные;905,92;203,76;0,224920523
RU000A109VK0;ВсИнстр1Р3;17,1; BB;6;40,2;1,5;107,7;погашение;1000;3,59;17,96;21,85;12;фиксированный;корпоративные;1080,59;242,69;0,22459027
RU000A100881;Ростел1P5R;16,1; AA;9;30,1;1,9;97,57;право продать (put);1000;12,27;69,81;8,4;2;фиксированный;корпоративные;987,97;221,46;0,224156604
RU000A105X80;ВымпелК1Р8;16; A;8;42;0,2;81,48;вероятность выкупа (call);1000;2,2;20;8,02;4;фиксированный;корпоративные;817;183;0,223990208
RU000A1090A1;ТАЛК001P02;17; B+;4;20,2;1,7;101,89;погашение;840;4,62;12,6;18,25;12;фиксированный;корпоративные;1023,52;228,48;0,223229639
RU000A10BUQ0; ВТБС1-1531;0; AA;9;12;2,9;81,84;погашение;1000;0,02;0,31;0,01;0;фиксированный;корпоративные;818,42;181,58;0,221866523
RU000A10ALK4; СбКИБ1P95;0; AA;9;23,9;2,6;81,9;погашение;1000;0;0;0;0;нулевой;корпоративные;819;181;0,221001221
RU000A1074F4; МаниКап1Р1;28,3; B;3;31,8;0,9;91,51;погашение;1000;5,34;12,33;18;12;фиксированный;корпоративные;920,44;202,86;0,220394594
RU000A108Q60;СберИОС626;0; AA;9;19,9;3,7;82;погашение;1000;0;0,01;0,01;12;фиксированный;корпоративные;820;180,44;0,22004878
RU000A10C2N0;ГПБ004Р23;11,9; AA;9;13,9;1,8;82;погашение;1000;0,02;0,1;0,01;1;фиксированный;корпоративные;820,02;180,08;0,2196044
RU000A105BY1;ГазКЗ-28Е;7,6; AA;9;41,3;3,1;84,83;погашение;1000;17,38;18,5;1,85;1;фиксированный;корпоративные;865,68;189,82;0,21927271
RU000A10C741;Кокс01Р4;23; BB;6;54,2;1,2;100,17;право продать (put);1000;16,68;17,26;21;12;фиксированный;корпоративные;1018,38;223,26;0,219230543
RU000A106GY8;ДрктЛиз2Р1;31,2; B;3;31,7;1,7;89,17;погашение;437,5;4,03;15,27;14;4;фиксированный;корпоративные;895,73;195,89;0,218693133
RU000A1082X0;ЛСР БО 1Р9;18,2; BB;6;51,4;1,4;97,48;погашение;1000;5,25;12,12;14,75;12;фиксированный;корпоративные;980,05;213,87;0,21822356
RU000A106VN0; ТРДБ Б0-01;33,5; B;3;32,8;0,8;91,8;погашение;1000;12,33;14,79;18;12;фиксированный;корпоративные;930,33;202,78;0,217965668
RU000A107BD1;ФАРМФРД БО;22,3; B;3;40,4;1,1;98,29;погашение;1000;0,51;15,21;18,5;12;фиксированный;корпоративные;983,41;214,32;0,217935551
RU000A10BB75;ЕвроТранс7;20,3; BB;6;57,6;1,4;107,29;погашение;1000;12,75;20,14;24,5;12;фиксированный;корпоративные;1085,65;236,59;0,217924746
RU000A101TB0;ВЭБ 1P-19;16; AA;9;43,2;1,6;87,75;погашение;1000;24,55;32,86;6,59;2;фиксированный;корпоративные;902,05;196,53;0,217870406
RU000A102L53;ИАДОМ Б1P6;0; AA;9;7,4;25,6;82,12;погашение;344,72;0;0;7,94;4;плавающий;корпоративные;821,2;178,8;0,217730151
RU000A109B82;АЛЬЯНС 1P6;38,2; B;3;37,3;2,3;82;погашение;1000;1,77;0;0;12;плавающий;корпоративные;821,77;178,23;0,216885503
RU000A10BQC8;HENDERSON;16,3; BBB;7;47,9;1,6;105,95;погашение;1000;13,36;16,03;19,5;12;фиксированный;корпоративные;1072,86;231,71;0,215974125
RU000A109S83;МОНОП 1P01;40,3; B+;4;40,9;1,9;81,11;погашение;1000;11,37;0;0;12;плавающий;корпоративные;822,47;177,53;0,215849818
RU000A104V75;ПочтаР2P01;18,2; A;8;43,4;1,6;91,78;право продать (put);1000;44,98;56,84;11,4;2;фиксированный;корпоративные;962,78;207,74;0,215770996
RU000A102QP4;РЖД 1Р-21R;15,9; AA;9;50,2;1,6;88,16;погашение;1000;25,34;34,16;6,85;2;фиксированный;корпоративные;906,94;195,54;0,215604119
RU000A106AP9;СберИОС567;0; AA;9;15,3;2,7;82,3;погашение;1000;0;0,03;0,01;4;фиксированный;корпоративные;823;177,3;0,215431349
RU000A108Z77;ПрактЛК1Р3;23,1; BB;6;32,9;1,8;98,9;погашение;584,5;1,88;9,73;23,6;12;плавающий;корпоративные;990,88;213,45;0,215414581
RU000A10AKP5; СбКИБ1P66;0; AA;9;6,3;2;82,3;погашение;1000;0;0;0;0;нулевой;корпоративные;823;177;0,215066829
RU000A104XR2;Автодор3Р2;16,2; AA;9;47,5;1,7;92,95;погашение;1000;24,8;53,1;10,65;2;фиксированный;корпоративные;954,3;205;0,214817143
RU000A10BG13;РостелP16R;16; AA;9;46,3;1,5;103,55;погашение;1000;3,38;14,51;17,65;12;фиксированный;корпоративные;1038,88;222,3;0,21398044
RU000A108A19;СолтонБО01;19; B;3;33,3;1,4;103,07;погашение;1000;9,86;16,44;20;12;плавающий;корпоративные;1040,56;222,48;0,21380795
RU000A101T64;Славнеф1Р1;17,5; A;8;26,3;1,6;102,54;право продать (put);1000;23,5;45,5;6,1;4;фиксированный;корпоративные;1048,9;224,1;0,213652398
RU000A104Z48;sВЭБ2P-33;16,1; AA;9;47,5;1,7;92,17;погашение;1000;28,22;50,86;10,2;2;фиксированный;корпоративные;949,92;202,66;0,213344282
RU000A10BNF8;РусГидБП13;13,8; AA;9;47,1;1,8;106,91;погашение;1000;2,85;14,26;17,35;12;фиксированный;корпоративные;1071,95;227,51;0,212239377
RU000A0ZYKH5;Оренб35004;16,1; BBB;7;25,5;2,1;92,34;погашение;800;9,32;16,32;8,18;4;фиксированный;субфедеральные/муниципальные;932,72;197,84;0,212110816
RU000A10AK18; СбКИБ1P44;0; AA;9;6,2;2,7;82,51;погашение;1000;0;0;0;0;нулевой;корпоративные;825,1;174,9;0,211974306
RU000A10BFJ6;ПолиплП2Б4;19,6; BB;6;49,6;1,4;109,49;погашение;1000;7,68;20,96;25,5;12;фиксированный;корпоративные;1102,58;232,78;0,211123002
RU000A10BFK4;НовТех1Р5;19,1; BB;6;39,8;1,4;107,14;погашение;1000;7,01;19,11;23,25;12;фиксированный;корпоративные;1078,41;227,35;0,210819633
RU000A1041B2;Сегежа2P1R;27,1; B;3;35,9;1;86,28;право продать (put);1000;44,53;49,12;9,85;2;фиксированный;корпоративные;907,33;190,91;0,210408561
RU000A10ASD4;РОЛЬФ 1Р06;22,5; BB;6;34,3;1,2;102,73;погашение;1000;17,64;18,9;26;12;плавающий;корпоративные;1044,94;219,66;0,210213027
RU000A1089G0;ГИДРОМАШ02;17,9; BBB;7;40,1;1,4;98,29;право продать (put);1000;9,19;12,53;15,25;12;фиксированный;корпоративные;992,09;208,39;0,210051507
RU000A106L67; Кириллица2;36; B+;4;38,3;0,7;90,95;погашение;1000;6,78;13,56;16,5;12;фиксированный;корпоративные;916,28;192,2;0,209761208
RU000A10CZ68;ФосАгро2П4;7,5; AA;9;45,1;3;99,35;погашение;1000;4,6;5,75;7;12;фиксированный;корпоративные;998,1;208,9;0,209297666
RU000A106YN4;ГрупПро1P3;27,6; B;3;37,7;0,9;93,29;погашение;1000;3,95;13,15;16;12;фиксированный;корпоративные;936,85;194,65;0,207770721
RU000A107C34;АйДиКоле06;25,3; B+;4;47,4;1,1;97,3;погашение;1000;14,3;14,79;18;12;фиксированный;корпоративные;987,3;204,97;0,207606604
RU000A106RB3; АСВ 1Р01;35,6; B;3;34,9;0,8;90,01;погашение;1000;33,53;42,38;17;4;фиксированный;корпоративные;933,63;193,51;0,207266262
RU000A10BT34;Россет1Р17;14,8; AA;9;46,1;1,6;103,09;погашение;1000;4,82;13,15;16;12;фиксированный;корпоративные;1035,72;214,13;0,206745066
RU000A107CX7;ГТЛК ЗО28Д;9,9; BBB;7;39,1;2,3;90,07;погашение;1000;8;24;4,8;2;фиксированный;корпоративные;908,7;187,3;0,206118631
RU000A10B3S8;Аэрфью2Р04;21,1; BB;6;45;1,4;106,06;погашение;1000;25,09;61,71;24,75;4;фиксированный;корпоративные;1085,69;222,86;0,205270381
RU000A108413;СберИОС615;0; AA;9;22;3,5;83,11;погашение;1000;0;0,01;0,01;12;фиксированный;корпоративные;831,1;169,32;0,203729996
RU000A10BVT2;ЭТС 1Р08;21,5; BB-;5;15;1,2;102;право продать (put);1000;17,08;17,67;0;12;плавающий;корпоративные;1037,08;210,3;0,202780885
RU000A0JT403;ВЭБ.РФ 18;15,8; AA;9;21,2;1,9;103,02;право продать (put);1000;14,05;85,22;7,67;2;фиксированный;корпоративные;1044,25;211,41;0,20245152
RU000A1034H4;ВТБ Б1-227;19,1; AA;9;15,4;1,1;83,21;погашение;1000;0,05;0,05;0,01;2;фиксированный;корпоративные;832,15;167,95;0,201826594
RU000A1044Y8;СберИОС495;0; AA;9;20;1,1;83,21;погашение;1000;0,09;0,1;0,01;1;фиксированный;корпоративные;832,19;167,91;0,201768827
RU000A1032P1;ВТБРКС01;21,6; AA;9;54;5,1;94,56;погашение;333,15;1,83;2,26;8;12;фиксированный;корпоративные;947,43;190,43;0,20099638
RU000A1003A4;ГТЛК 1P-13;18,9; BBB;7;33,1;1,3;90,97;право продать (put);1000;22,55;23,86;9,57;4;фиксированный;корпоративные;932,25;187,05;0,200643604
RU000A10CCN3;О'КЕЙ Б1Р8;18,3; BB;6;42,5;1,3;100;право продать (put);1000;6,48;13,89;16,9;12;фиксированный;корпоративные;1006,48;201,87;0,200570304
RU000A1075R6;РегПрод1Р4;22,5; C;1;35,6;1;98,71;погашение;1000;2,08;15,62;19;12;фиксированный;корпоративные;989,18;198,26;0,200428638
RU000A10B2T8;ВИС Ф БП08;18,2; BBB;7;49,8;1,4;108,6;погашение;1000;10,52;19,73;24;12;фиксированный;корпоративные;1096,52;219,16;0,199868675
RU000A104Y15;НоваБевБП5;17,1; A;8;48,2;1,7;93,69;погашение;1000;32,7;54,1;10,85;2;фиксированный;корпоративные;969,6;192,7;0,198741749
RU000A0ZYNY4;ГТЛК 1P-07;19,9; BBB;7;39,3;1,2;92,7;право продать (put);1000;5,13;29,17;5,25;4;фиксированный;корпоративные;932,13;184,55;0,197987405
RU000A1078Y6;ЭконЛиз1Р6;24,6; B+;4;36,2;1,1;93,9;погашение;1000;28,93;39,89;16;4;фиксированный;корпоративные;967,93;191,63;0,197979193
RU000A10ASE2;РОЛЬФ 1Р07;22; BB;6;48,9;1,2;106,47;погашение;1000;19,95;21,37;26;12;фиксированный;корпоративные;1084,65;214,53;0,197787305
RU000A107Q95;ГПБ004Р03;14,3; AA;9;19,7;1,4;83,5;погашение;1000;0,06;0,1;0,01;1;фиксированный;корпоративные;835,06;165,04;0,197638493
RU000A106YD5;PLAZA BO01;29,1; B;3;36,5;0,9;92,74;погашение;1000;15,04;42,76;17,15;4;фиксированный;корпоративные;942,44;185,84;0,197190272
RU000A107225;АФАНСБО-01;21,7; B;3;32,7;1;96,42;погашение;1000;4,38;39,89;16;4;фиксированный;корпоративные;968,58;190,98;0,197175246
RU000A10CQ85;МТС 1P-29;16,4; AA;9;50,3;1,4;98,39;право продать (put);1000;5,37;11,51;14;12;фиксированный;корпоративные;989,27;194,89;0,197003851
RU000A10BW05;СберИОС732;0; AA;9;12,9;4,8;83,6;погашение;1000;0,02;0,06;0,01;2;фиксированный;корпоративные;836,02;164,52;0,19678955
RU000A10B1X2;Селигдар2Р;18; BBB;7;53,2;1,4;108,79;погашение;1000;12,49;19,73;24;12;фиксированный;корпоративные;1100,39;215,29;0,195648815
RU000A102RA4;СберИОС414;0; AA;9;15,6;2,4;83,6;погашение;1000;0,46;0,7;0,01;0;фиксированный;корпоративные;836,46;163,54;0,19551443
RU000A105A87;СКФ ЗО2028;7,7; AA;9;38,9;2,5;91,75;погашение;1000;0;19,25;3,85;2;фиксированный;корпоративные;917,5;178,75;0,194822888
RU000A104A05;Интерскол1;21,9; B;3;27,6;1,1;93,3;погашение;1000;16,64;33,66;13,5;4;фиксированный;корпоративные;949,64;185;0,194810665
RU000A1047M6;СберИОС502;0; AA;9;18,5;1,2;83,7;погашение;1000;0,08;0,1;0,01;1;фиксированный;корпоративные;837,08;163,02;0,194748411
RU000A10C2L4;СэтлГрБ2P6;18,1; BB;6;50,8;1,3;103,14;право продать (put);1000;6,95;16,03;19,5;12;фиксированный;корпоративные;1038,35;202,1;0,19463572
RU000A108405;iХРОМОС Б1;28,3; B;3;49,7;0,9;103,45;право продать (put);1000;5,66;24,25;29,5;12;фиксированный;корпоративные;1040,16;202,34;0,194527765
RU0002868001;ОФЗ 46012;4,4; AAA;10;30,1;3,9;101,06;погашение;950;9,19;72,69;3,08;1;фиксированный;государственные;1019,79;198,28;0,194432187
RU000A10BAP4;ЭталонФин3;18,5; BB;6;53,8;1,4;110,57;погашение;1000;12,58;20,96;25,5;12;фиксированный;корпоративные;1118,28;217,08;0,194119541
RU000A109NR2;АЛЬЯНС 1P7;26,4; B;3;33,5;0,9;100,28;право продать (put);1000;0;19,73;24;12;фиксированный;корпоративные;1002,8;194,5;0,193956921
RU000A10BY94;Систем2P03;18,1; BBB;7;57,8;1,4;105,91;погашение;1000;15,32;17,67;21,5;12;фиксированный;корпоративные;1074,42;208,3;0,193872043
RU000A106G56;ФосАЗО28-Д;6,9; AA;9;38,5;2,9;89,08;погашение;1000;2,89;13;2,6;2;фиксированный;корпоративные;893,69;171,31;0,191688393
RU000A106WZ2;АПРИ 2Р3;29,8; B+;4;47,6;0,9;96,4;право продать (put);1000;26,3;59,84;21;4;фиксированный;корпоративные;990,3;189,22;0,191073412
RU000A109A34;СберИОС644;0; AA;9;9,4;4;84;погашение;1000;0,01;0,01;0,01;11;фиксированный;корпоративные;840,01;160,43;0,190985822
RU000A105054;ММЦБ П01-2;22,4; B+;4;33,6;1,3;92,31;погашение;1000;34,14;69,81;14;2;фиксированный;корпоративные;957,24;182,38;0,190526932
RU000A1044X0;СберИОС496;0; AA;9;11,5;1,1;84;погашение;1000;0,09;0,1;0,01;1;фиксированный;корпоративные;840,09;160,01;0,190467688
RU000A107B35;ВТБ Б1-346;20; AA;9;43,2;1,1;98,62;погашение;1000;11,64;14,44;18;12;плавающий;корпоративные;997,84;189,88;0,190291029
RU000A10BZT3;БинФарм1P6;19,4; BB;6;45,1;1,2;101,8;право продать (put);1000;10,68;16,03;19,5;12;фиксированный;корпоративные;1028,68;195,74;0,190282692
RU000A109JJ7;СберИОС647;0; AA;9;13,6;4;84,1;погашение;1000;0;0,01;0,01;13;фиксированный;корпоративные;841;159,52;0,189678954
RU000A108YZ4;ММЗ001P-01;21,3; B;3;28,4;1,7;100,4;погашение;615;7,41;10,11;20;12;фиксированный;корпоративные;1011,41;190,79;0,188637644
RU000A104CR6;СберИОС511;0; AA;9;15,6;1,3;84,1;погашение;1000;0,37;0,5;0,01;0;фиксированный;корпоративные;841,37;158,63;0,188537742
RU000A10AT35;ИКС5Ф3P11;15,9; AA;9;41,7;1,4;102,98;право продать (put);1000;2,84;14,18;17,25;12;фиксированный;корпоративные;1032,64;194,24;0,188100403
RU000A106XJ4;АЛЬЯНС 1P2;27,1; B;3;28,3;0,9;91,28;погашение;1000;14,05;33,66;13,5;4;фиксированный;корпоративные;926,85;174,13;0,187872903
RU000A103166;ВТБ Б1-216;19,5; AA;9;11,7;1;84,2;погашение;1000;0;0,05;0,01;2;фиксированный;корпоративные;842;158,1;0,187767221
RU000A108LL1; Нижегород1;0; B;3;27,5;0,1;80,99;право продать (put);1000;32,05;56,1;21;4;фиксированный;корпоративные;841,95;158,05;0,187718986
RU000A1045F4;СберИОС493;0; AA;9;18,9;1,2;84,2;погашение;1000;0,39;0,5;0,01;0;фиксированный;корпоративные;842,39;157,61;0,187098612
RU000A10BQF1;ГИДРОМАШ03;20,9; BBB;7;40,2;1,1;101,81;право продать (put);1000;13,81;17,26;21;12;плавающий;корпоративные;1031,91;192,47;0,186518204
RU000A10A6J1;ТомскАдм 9;16,8; BB-;5;50,4;1,1;106,91;погашение;1000;15,67;22,08;26;12;фиксированный;субфедеральные/муниципальные;1084,77;202,27;0,18646349
RU000A10C6Q4;СберИОС749;0; AA;9;25,7;2,9;84,3;погашение;1000;0,02;0,1;0,01;1;фиксированный;корпоративные;843,02;157,18;0,18644872
RU000A106XT3; АйДиКоле04;25,1; B+;4;31,7;0,9;95,2;погашение;1000;5,42;13,56;16,5;12;фиксированный;корпоративные;957,42;178,18;0,186104322
RU000A0ZYWB3;АЛЬФА БО39;15,6; AA;9;27,1;1,9;105,21;право продать (put);1000;23,06;91,75;7,75;2;фиксированный;корпоративные;1075,16;200,09;0,186102534
RU000A10BFM0;ГазКап3P13;7,9; AA;9;49,9;2,5;99,99;погашение;1000;2,31;6,29;7,65;12;фиксированный;корпоративные;1002,21;186,49;0,186078766
RU000A1040T6;СберИОС488;0; AA;9;12;1,1;84,4;погашение;1000;0,39;0,5;0,01;0;фиксированный;корпоративные;844,39;155,61;0,184286882
RU000A101M04;РЖД 1Р-20R;15,8; AA;9;52,3;1,4;90,5;погашение;1000;1,81;36,65;7,35;2;фиксированный;корпоративные;906,81;166,49;0,183599652
RU000A105W81;ВымпелК1Р5;16,7; A;8;33,9;1,3;92,6;досрочное погашение;1000;17,68;23,31;9,35;4;фиксированный;корпоративные;943,68;172,87;0,183187097
RU000A106HE8;ИАДОМ 1P36;0; AA;9;22,4;7,7;84,56;погашение;637,02;0;0;10,43;4;плавающий;корпоративные;845,6;154,4;0,182592242
RU000A10B1Q6;Джи-гр 2P6;18,6; BB;6;46,7;1,3;109,01;погашение;1000;13,56;20,34;24,75;12;фиксированный;корпоративные;1103,66;201,44;0,182519979
RU000A10ATR2;ГЛОРАКС1Р3;18,6; BB-;5;50,7;1,3;112,08;погашение;1000;16,88;23,01;28;12;фиксированный;корпоративные;1137,68;207,47;0,182362351
RU000A104A96;СберИОС504;0; AA;9;12,4;1,3;84,6;погашение;1000;0,37;0,5;0,01;0;фиксированный;корпоративные;846,37;153,63;0,181516358
RU000A107DP1;РСетиМР1Р5;19,8; AA;9;43,5;1,1;99,96;погашение;1000;10,94;14,92;19,15;12;плавающий;корпоративные;1010,54;183,42;0,181506917
RU000A103Y57;СберИОС485;0; AA;9;17;1,1;84,7;погашение;1000;0,09;0,1;0,01;1;фиксированный;корпоративные;847,09;153,01;0,180630157
RU000A10AYF7;НовТех1Р4;20,4; BB;6;41,9;1,3;106;погашение;1000;43,18;60,46;24,25;4;фиксированный;корпоративные;1103,18;199,12;0,180496383
RU000A103X90;СберИОС481;0; AA;9;11,5;1,1;84,7;погашение;1000;0,39;0,5;0,01;0;фиксированный;корпоративные;847,39;152,61;0,180094172
RU000A101Z17;СвердлОбл8;15,9; A;8;34,4;1,8;90,12;погашение;600;0,3;9,12;6,1;4;фиксированный;субфедеральные/муниципальные;901,5;162,34;0,180077648
RU000A1070P1;ЧИСТПЛАН01;28,3; B;3;39,2;0,9;102,35;право продать (put);1000;19,18;23,01;17,5;12;фиксированный;корпоративные;1042,68;187,42;0,179748341
RU000A103DS4;СибурХ Б03;16,2; AA;9;30,9;1,7;99,8;право продать (put);1000;46,71;77,29;7,65;2;фиксированный;корпоративные;1044,71;187,16;0,179150195
RU000A10BBW8;ГазКап1P12;7,7; AA;9;41,4;2,5;100,77;погашение;1000;2,97;6,37;7,75;12;фиксированный;корпоративные;1010,67;180,43;0,178525137
RU000A0JS4Z7;ВЭБ.РФ 21;15,8; AA;9;29,2;1,8;106;право продать (put);1000;32;95,49;9,28;2;фиксированный;корпоративные;1092;194,47;0,178086081
RU000A1043K9;НижгорОб16;15,7; BBB;7;36,8;1,6;94,92;погашение;1000;17,23;23,06;9,25;4;фиксированный;субфедеральные/муниципальные;966,43;171,93;0,177902176
RU000A109RF8;ТЛК 1Р1;26,2; B;3;33,9;0,9;99,5;право продать (put);1000;14,49;18,9;24,5;12;фиксированный;корпоративные;1009,49;179,51;0,177822465
RU000A107795; ЛаймЗайм04;26,2; B;3;42,7;1;94,76;погашение;700;7,25;10,36;16;12;изменяемый;корпоративные;954,85;169,47;0,177483374
RU000A10CT74;ФЕРА1Р1;23,6; B;3;34,6;0,9;99,47;право продать (put);1000;1,73;17,26;21;12;фиксированный;корпоративные;996,43;176,17;0,17680118
RU000A10BR10; ВТБС1-1501;0; AA;9;6;3,8;85;погашение;1000;0,02;0,4;0,01;0;фиксированный;корпоративные;850,02;149,98;0,176442907
RU000A107W06;Новотр 1Р5;17; A;8;45,9;1,4;98,09;погашение;1000;20,3;35,53;14,25;4;фиксированный;корпоративные;1001,2;176,45;0,176238514
RU000A108JD2;АВТОБФ БП6;16,3; BBB;7;11,4;1,6;98,96;право продать (put);1000;51,37;74,79;15;2;фиксированный;корпоративные;1040,97;183,4;0,17618183
RU000A10B214;РостелP15R;15,6; AA;9;50,3;1,4;105,07;погашение;1000;9,25;15,41;18,75;12;фиксированный;корпоративные;1059,95;186,61;0,176055474
RU000A107A93;СНХТ БО-03;-40,4; CCC;2;39,8;0,8;100,36;право продать (put);1000;4,11;20,55;25;12;фиксированный;корпоративные;1007,71;177,24;0,175883935
RU000A101FH6;МТС 1P-14;15,4; AA;9;43,1;1,3;90,74;погашение;1000;13,2;16,45;6,6;4;фиксированный;корпоративные;920,6;161,65;0,175592005
RU000A101GD3;ГТЛК 1P-16;17,3; BBB;7;36,2;2,3;89,57;погашение;375;4,71;6,5;6,95;4;фиксированный;корпоративные;900,41;158,09;0,175575571
RU000A109U97;ДОМ 2P5;19,5; AA;9;43,6;1;100,25;погашение;1000;1,5;15;18,25;12;плавающий;корпоративные;1004;176;0,175298805
RU000A107W48;Инаркт2Р1;16,9; BBB;7;51,8;1,3;97,96;погашение;1000;22,64;35,53;14,25;4;фиксированный;корпоративные;1002,24;175,41;0,17501796
RU000A103C53;РЕСОЛиБП11;17,3; BBB;7;36,6;1,7;102,71;право продать (put);1000;61,66;92,75;18,6;2;фиксированный;корпоративные;1088,76;189,49;0,174042029
RU000A10A7H3;СибурХ1Р02;19,5; AA;9;50,1;1,1;101,15;погашение;1000;14,13;15,7;0;12;плавающий;корпоративные;1025,63;178,47;0,174010121
RU000A107HR8;АФБАНК1Р11;20,8; A;8;49,3;1,2;100,1;погашение;1000;16,56;48,62;21,5;4;плавающий;корпоративные;1017,56;176,92;0,173866897
RU000A1070A3;ОхтаГрБП03;23,6; B;3;35,4;0,9;93,5;погашение;1000;6,9;34,9;16;4;фиксированный;корпоративные;941,9;162,8;0,172842128
RU000A0ZZV11;ГТЛК 1P-12;19,7; BBB;7;27,9;1,1;91,21;право продать (put);1000;17,95;22,69;9,1;4;фиксированный;корпоративные;930,05;160,71;0,172797161
RU000A10C8K3;ВОКСИС-04;21,1; BB-;5;41,9;1;100,67;погашение;1000;14,25;16,44;20;12;фиксированный;корпоративные;1020,95;176,33;0,17271169
RU000A105KB0;ГТЛК 2P-02;19,6; BBB;7;38,2;1,1;93,51;право продать (put);1000;17,31;29,17;11,7;4;фиксированный;корпоративные;952,41;164,27;0,172478239
RU000A103UR0;СберИОС478;0; AA;9;15,1;1;85,31;погашение;1000;0;0,1;0,01;1;фиксированный;корпоративные;853,1;147;0,172312742
RU000A1075S4;ИКС5Фин3P2;19,2; AA;9;49,6;1;100,38;погашение;1000;1,98;14,88;17,1;12;плавающий;корпоративные;1005,78;172,78;0,171787071
RU000A0JXE06;ГТЛК 1P-03;21,4; BBB;7;45,3;1,1;98,99;вероятность выкупа (call);1000;52,92;55,35;11;4;плавающий;корпоративные;1042,82;178,58;0,171247195
RU000A102GJ8;ГПБ001P19P;15,4; AA;9;34,6;1,6;96,99;право продать (put);1000;47,86;63,92;12,75;2;фиксированный;корпоративные;1017,76;174;0,170963685
RU000A10B735;МСБЛиз3P04;24,2; B;3;39,4;0,9;103,8;право продать (put);1000;2,18;21,78;26,5;12;фиксированный;корпоративные;1040,18;177,62;0,170758907
RU000A10A810;РФ ЗО 26 Д;8,5; AAA;10;42,4;0,6;98;погашение;200000;3931,94;4750;4,75;2;фиксированный;государственные;4911,94;838,06;0,170616905
RU000A107S85; Саммит 1P3;24,3; B;3;35,8;1,3;100,04;погашение;667,2;8,45;12,06;22;12;плавающий;корпоративные;1008,85;172,05;0,170540715
RU000A109PK2;Сказка 1P1;27,3; B;3;37,6;0,9;99,25;право продать (put);1000;15,78;59,84;24;4;фиксированный;корпоративные;1008,28;171,24;0,169833776
RU000A10BPQ0;sСОПФДОМ13;14,7; AA;9;30,3;1,6;105,55;погашение;1000;29,02;44,75;17,95;4;фиксированный;корпоративные;1084,52;183,98;0,169641869
RU000A108AJ8;МСБЛиз3P03;24,7; B;3;35,6;1,4;97,2;погашение;600,04;4,73;8,88;18;12;фиксированный;корпоративные;976,73;165,35;0,169289363
RU000A101FG8;Ростел2P2R;16,1; AA;9;45,3;1,3;89,99;погашение;1000;13,48;33,16;6,65;2;фиксированный;корпоративные;913,38;152,94;0,167443999
RU000A10C6W2;Абрау2P-01;15,7; BBB;7;45,2;1,2;100,95;погашение;1000;0;12,74;15,5;12;фиксированный;корпоративные;1009,5;168,86;0,167270926
RU000A10B0U0;АФБАНК1Р14;17,1; A;8;47,5;1,3;108,46;погашение;1000;15,12;18,9;23;12;фиксированный;корпоративные;1099,72;183,78;0,167115266
RU000A10AKQ3; СбКИБ1P67;0; AA;9;6,2;3;85,7;погашение;1000;0;0;0;0;нулевой;корпоративные;857;143;0,166861144
RU000A1092S9;ЭлемЛиз1P9;19,1; BB;6;30,2;1,7;100,71;погашение;584,5;2,37;8,89;18,5;12;фиксированный;корпоративные;1009,47;168,33;0,166750869
RU000A10AYZ5;СберИОС686;0; AA;9;13,7;4,5;85,8;погашение;1000;0,01;0,01;0,01;13;фиксированный;корпоративные;858,01;142,57;0,166163565
RU000A1018M7;СОПФ ФПФ 1;15,8; AA;9;23,1;1,2;91,5;погашение;1000;2,06;17,24;6,84;4;фиксированный;корпоративные;917,06;151,9;0,165638017
RU000A104EP6;НЗРМ БО-01;27,3; B;3;32,8;1,2;93,78;погашение;550;6,65;7,12;15,75;12;плавающий;корпоративные;944,45;155,23;0,16436021
RU000A109H60; СбКИБ1P13;0; AA;9;12,7;4,2;85,9;погашение;1000;0;0;0;0;нулевой;корпоративные;859;141;0,164144354
RU000A102CT6;СвердлОбл9;16,4; A;8;31,6;2,1;91,59;погашение;600;7,6;9,35;6,25;4;фиксированный;субфедеральные/муниципальные;923,5;151,3;0,163833243
RU000A10AHE5;НовТех1Р2;18,3; BB;6;51,8;1,1;110,87;погашение;1000;3,01;22,6;27,5;12;фиксированный;корпоративные;1111,71;182,09;0,163792716
RU000A102861;БМБанкИОП2;0; AA;9;12,1;0;85,94;погашение;1000;0,1;0,1;0,01;1;фиксированный;корпоративные;859,5;140,5;0,163467132
RU000A102A15;СПбГО35003;15,9; AA;9;45,7;1,5;89,74;погашение;500;0,99;15,08;6,05;2;фиксированный;субфедеральные/муниципальные;898,39;146,85;0,163459077
RU000A109ZQ8;Россет1Р14;19,9; AA;9;39;1;99,94;погашение;1000;14,46;14,96;0;12;плавающий;корпоративные;1013,86;165,66;0,163395341
RU000A106J04;УрожайБО03;32,5; B;3;35,5;0,7;92;погашение;1000;8,33;39,89;16;4;фиксированный;корпоративные;928,33;151,45;0,163142417
RU000A108CG0;ГПБ004Р06;10; AA;9;19,5;1,6;85,98;погашение;1000;0,04;0,1;0,01;1;фиксированный;корпоративные;859,84;140,26;0,163123372
RU000A10AAU6;Амур 24001;16,9; n/a;;40,5;1,1;106,39;погашение;1000;4,82;18,68;26;12;плавающий;субфедеральные/муниципальные;1068,72;174,12;0,162923872
RU000A10BM56;АПРИ 2Р10;26,9; B+;4;46,7;0,8;104,81;право продать (put);1000;5,85;25,07;30,5;12;фиксированный;корпоративные;1053,95;171,68;0,162891978
RU000A104AH1;СберИОС510;0; AA;9;13,6;1,3;86;погашение;1000;0,07;0,1;0,01;1;фиксированный;корпоративные;860,07;140,03;0,162812329
RU000A105LS2;Реиннол1P2;27,3; B;3;34,4;1,1;95,21;погашение;700;16,22;31,41;18;4;фиксированный;корпоративные;968,32;157,32;0,162466953
RU000A103VP2;СберИОС479;0; AA;9;17,1;1;86;погашение;1000;0,4;0,5;0,01;0;фиксированный;корпоративные;860,4;139,6;0,162250116
RU000A103RV8;СберИОС472;0; AA;9;12,8;1;86;погашение;1000;0,4;0,5;0,01;0;фиксированный;корпоративные;860,4;139,6;0,162250116
RU000A1099P0; БДеньг-2P7;25,5; B;3;34,2;0,8;100,05;право продать (put);1000;6,3;18,9;24,25;12;фиксированный;корпоративные;1006,8;163,3;0,16219706
RU000A107G63;ДжетЛ БО-1;17,8; B;3;33,7;1,1;104,58;погашение;1000;8,05;17,26;21;12;фиксированный;корпоративные;1053,85;170,53;0,161816198
RU000A106YH6;ГПБ003P01P;16,3; AA;9;39,7;1,4;95,4;право продать (put);1000;9,53;59,51;12;2;фиксированный;корпоративные;963,53;155,49;0,161375359
RU000A106JC8;РоялКапБО9;31,4; C;1;33,9;0,7;91,84;погашение;1000;7,4;37,4;15;4;фиксированный;корпоративные;925,8;149;0,160941888
RU000A10BXA8; СбКИБ1P165;0; AA;9;13;3,2;86,2;погашение;1000;0;0;0;0;нулевой;корпоративные;862;138;0,160092807
RU000A105R62;ГазКЗ-28Д;8,1; AA;9;43,2;2,3;93,7;погашение;1000;11;24,75;4,95;2;фиксированный;корпоративные;948;151;0,1592827
RU000A10AT27;ИКС5Ф3P10;14,7; AA;9;42,8;1,3;107,5;право продать (put);1000;0;16,4;19,95;12;фиксированный;корпоративные;1075;171;0,159069767
RU000A106EP1;ПР-Лиз 2P2;29,9; BB-;5;46,4;0,6;91,95;право продать (put);1000;5,48;10,27;12,5;12;фиксированный;корпоративные;924,98;146,91;0,158825056
RU000A107GL3;ИАДОМ 1P40;0; AA;9;16,9;0,1;86,33;право продать (put);745,42;4,6;5,51;9;12;фиксированный;корпоративные;867,9;137,61;0,158555133
RU000A0JXRD5;ПочтаРБ1P2;16,5; A;8;30,6;1,5;99,03;погашение;1000;68,9;75,54;15,15;2;фиксированный;корпоративные;1059,2;167,42;0,158062689
RU000A109KV0;МСПБанк1P2;21,9; BB;6;42,8;0,9;99,82;право продать (put);1000;5,95;16,23;21,75;12;плавающий;корпоративные;1004,15;158,15;0,15749639
RU000A1064G3;ГПБ001P26P;16,5; AA;9;48,8;1;94,81;право продать (put);1000;2,19;49,86;10;2;фиксированный;корпоративные;950,29;149,43;0,157246735
RU000A103UP4;СберИОС476;0; AA;9;11,6;1;86,4;погашение;1000;0,4;0,5;0,01;0;фиксированный;корпоративные;864,4;135,6;0,156871819
RU000A1009L8;РЖД 1Р-15R;12,8; AA;9;17,6;1,4;95,5;погашение;1000;4,34;21,94;8,8;4;фиксированный;корпоративные;959,34;150,36;0,156732754
RU000A0JXMP0;ПочтаРосБ4;16,9; A;8;27,6;1,4;97,44;погашение;1000;13,23;70,81;8,9;2;фиксированный;корпоративные;987,63;153,99;0,155918714
RU000A100T81;ЮниМетр01;38,2; B;3;28,3;0,8;91,83;погашение;750;4,68;7,4;12,5;12;фиксированный;корпоративные;922,98;143,62;0,155604672
RU000A102KN2;КалинОбл20;16; BBB;7;27,9;1,6;90,89;погашение;600;3,91;9,12;6,1;4;фиксированный;субфедеральные/муниципальные;912,81;141,91;0,155464993
RU000A106K27;Медси 1P03;17,2; BBB;7;40,1;1;100,24;право продать (put);1000;5,88;41,14;10,4;4;фиксированный;корпоративные;1008,28;156,28;0,154996628
RU000A101U61;Ульоб35002;17,4; B+;4;43,6;1,7;89,77;погашение;500;10,94;16,45;6,6;2;фиксированный;субфедеральные/муниципальные;908,64;140,71;0,154857809
RU000A103S30;ДрктЛиз1Р7;27,7; B;3;32,3;0,9;89,19;погашение;400;4,03;11,47;11,5;4;фиксированный;корпоративные;895,93;138,48;0,154565647
RU000A10BGH8;Акрон Б1P8;8,2; A;8;38,9;2;100,09;погашение;1000;1,09;6,53;7,95;12;фиксированный;корпоративные;1001,99;154,73;0,154422699
RU000A10BP79;МТС 2P-11;15,9; AA;9;41,9;1,1;104,11;право продать (put);1000;1,04;15,62;19;12;фиксированный;корпоративные;1042,14;160,92;0,154413035
RU000A100DQ4;ИА ДОМ 9P2;0; AA;9;24,4;3,4;90,08;погашение;130,51;0,71;3,13;9,5;4;фиксированный;корпоративные;901,51;139,18;0,15438542
RU000A1077V4;РСЭКСМБ2Р4;21,6; AA;9;50;1,1;99,92;право продать (put);1000;40;49,86;18;4;плавающий;корпоративные;1039,2;160,24;0,154195535
RU000A10CZA1;СамолетP20;22,8; BBB;7;65;0,9;100,45;погашение;1000;13,39;17,47;21,25;12;фиксированный;корпоративные;1017,89;156,81;0,154053974
RU000A106U90;Пркт1111Р1;24,3; B+;4;34,2;0,8;94,04;погашение;1000;20,66;36,15;14,5;4;фиксированный;корпоративные;961,06;147,39;0,153361913
RU000A1024L7;Томскобл20;17,3; BB-;5;33,8;1,7;89,55;погашение;400;6,24;6,61;6,7;4;фиксированный;субфедеральные/муниципальные;901,74;137,92;0,152948744
RU000A103RU0;СберИОС471;0; AA;9;17,8;1;86,7;погашение;1000;0,4;0,5;0,01;0;фиксированный;корпоративные;867,4;132,6;0,152870648
RU000A103P25;СберИОС468;0; AA;9;13,7;0,9;86,7;погашение;1000;0,41;0,5;0,01;0;фиксированный;корпоративные;867,41;132,59;0,152857357
RU000A108Z02;СберИОС633;0; AA;9;24,2;3,8;86,81;погашение;1000;0;0,01;0,01;12;фиксированный;корпоративные;868,1;132,35;0,152459394
RU000A102H34;СтаврКрай4;16; BBB;7;27,1;2,1;89,29;погашение;250;2;3,86;6,2;4;фиксированный;субфедеральные/муниципальные;894,9;135,98;0,151949939
RU000A107TH4;АЛЬФАБ2Р26;15,3; AA;9;36,9;1,3;99,22;погашение;1000;25,33;34,41;13,8;4;фиксированный;корпоративные;1017,53;154,52;0,15185793
RU000A103DY2;БЭЛТИ БОП4;24,9; B;3;29,9;1,3;93;погашение;475;0,8;4,78;12,25;12;фиксированный;корпоративные;930,8;140,9;0,151375161
RU000A101T56;РСЭКСМБ2Р2;16,2; AA;9;22,8;1,6;103,88;право продать (put);1000;69,57;91,75;6,15;2;фиксированный;корпоративные;1108,37;166,88;0,15056344
RU000A101P27;Якут-35014;16,3; BBB;7;26,7;1,5;89,98;погашение;400;3,13;6,47;6,49;4;фиксированный;субфедеральные/муниципальные;902,93;135,89;0,150498931
RU000A103RL9;ПетрИнжP1;20,8; BB;6;33,3;0,9;92,27;погашение;1000;9,88;24,31;9,75;4;фиксированный;корпоративные;932,58;140,35;0,150496472
RU000A10C667;СберИОС748;0; AA;9;21,9;4,9;87;погашение;1000;0,02;0,06;0,01;2;фиксированный;корпоративные;870,02;130,52;0,15001954
RU000A103TX0;ВТБ Б1-242;9,3; AA;9;11,4;1,6;86,99;досрочное погашение;1000;0,04;0,05;0,01;2;фиксированный;корпоративные;869,94;130,21;0,149676989
RU000A101QN1;ГазпромКP4;16; AA;9;38,2;0,6;87,09;право продать (put);1000;24,57;29,42;5,9;2;фиксированный;корпоративные;895,47;133,95;0,149586251
RU000A10CUF1;ТАЛК002P03;22; B+;4;27,3;0,9;99,9;право продать (put);1000;14,79;16,44;20;12;фиксированный;корпоративные;1013,79;150,61;0,148561339
RU000A102FV5;Челяб35001;13,7; A;8;23,1;2,1;90,89;погашение;400;3,55;5,98;6;4;фиксированный;субфедеральные/муниципальные;912,45;135,39;0,148380733
RU000A107AW3;Аэрфью2Р02;19,6; BB;6;43,3;1,1;98,48;погашение;1000;25,42;39,89;16;4;фиксированный;корпоративные;1010,22;149,34;0,147829186
RU000A107720;МКЛизинг1;25,3; B;3;37,5;1;97,4;погашение;722,5;10,48;10,83;17,65;12;фиксированный;корпоративные;984,48;145,48;0,147773444
RU000A10AQZ1;СберИОС675;0; AA;9;13,8;4,4;87,2;погашение;1000;0,01;0,03;0,01;4;фиксированный;корпоративные;872,01;128,5;0,147360695
RU000A10AUG3;АПРИ 2Р7;25,4; B+;4;43,3;0,8;104,9;право продать (put);1000;12,93;24,25;29,5;12;фиксированный;корпоративные;1061,93;156,32;0,147203676
RU000A104SX0;РЖД 1Р-24R;14,6; AA;9;37,8;1,5;97,03;погашение;1000;57,56;59,19;11,87;2;фиксированный;корпоративные;1027,86;149,71;0,145652132
RU000A107JN3;ТМК ЗО2027;12,9; BBB;7;45,2;1,3;90,2;погашение;1000;8,84;21,5;4,3;2;фиксированный;корпоративные;910,84;132,16;0,145096834
RU000A102MB3;Титан-3 01;7,7; AA;9;26,3;27,8;100;погашение;70,24;1,29;1,32;7,45;4;фиксированный;корпоративные;1001,29;145,23;0,145042895
RU000A103LF4;СберИОС465;0; AA;9;13,4;0,9;87,3;погашение;1000;0,41;0,5;0,01;0;фиксированный;корпоративные;873,41;126,59;0,144937658
RU000A109QN4;Экспо1П02;21,5; BBB;7;41,1;0,9;100,05;право продать (put);1000;14,58;16,2;0;12;плавающий;корпоративные;1015,08;146,92;0,144737361
RU000A0ZYU21;АЛЬФА БО40;16,5; AA;9;31,1;1,3;96,84;право продать (put);1000;21,34;66,18;7,35;2;фиксированный;корпоративные;989,74;142,62;0,14409845
RU000A104KE7;СберИОС528;0; AA;9;7,4;1,7;87,4;погашение;1000;0,34;0,5;0,01;0;фиксированный;корпоративные;874,34;125,66;0,143719834
RU000A10ADD6;NSKATD-02;16,8; BB;6;43,7;1,1;113,68;право продать (put);1000;9,53;23,84;29;12;фиксированный;корпоративные;1146,33;163,59;0,142707597
RU000A1087G4; ПСБ Фин2Р1;21,2; B;3;37,4;1,4;101,18;погашение;600;8,63;10,36;22;12;плавающий;корпоративные;1020,43;145,33;0,142420352
RU000A109BR7; СберСIB875;0; AA;9;6,2;1,4;87,6;погашение;1000;0;0;0;0;нулевой;корпоративные;876;124;0,141552511
RU000A0NR5W6; СберСIB530;0; AA;9;6,4;1,6;87,6;погашение;1000;0,14;0,3;0,01;0;фиксированный;корпоративные;876,14;123,86;0,141370101
RU000A101NG2;МТС 1P-15;16; AA;9;28,1;1;92,04;погашение;1000;14,47;16,45;6,6;4;фиксированный;корпоративные;934,87;130,93;0,140051558
RU000A106D83;СберИОС570;0; AA;9;16,1;0,7;87,7;погашение;1000;0,23;0,3;0,01;0;фиксированный;корпоративные;877,23;122,77;0,139951894
RU000A106R12;ЭконЛиз1Р5;25; B+;4;33;0,8;94,75;погашение;1000;31,42;38,64;15,5;4;фиксированный;корпоративные;978,92;137;0,139950149
RU000A10B8X7;ДАРСДев1Р3;22; B+;4;46,3;0,9;104,98;погашение;1000;14,96;21,37;26;12;фиксированный;корпоративные;1064,76;148,94;0,139881288
RU000A10BTQ2;ТЛК 1Р3;29,3; B;3;43;0,6;101,17;право продать (put);1000;6,9;23,01;28;12;фиксированный;корпоративные;1018,6;142,47;0,139868447
RU000A10B313;Брус 2P05;20,4; BB;6;58,1;0,9;104,9;право продать (put);1000;7,46;20,34;24,75;12;фиксированный;корпоративные;1056,46;146,94;0,13908714
RU000A109874;СамолетP15;22,1; BBB;7;55,1;0,8;99,52;право продать (put);1000;9,62;16,03;19,5;12;фиксированный;корпоративные;1004,82;139,45;0,138781075
RU000A10AHC9;РЕСОЛиБП23;15,5; BBB;7;45,9;1,1;110,55;право продать (put);1000;2,68;20,14;24,5;12;фиксированный;корпоративные;1108,18;153,64;0,138641737
RU000A10CP52;ГазКап3P19;8,3; AA;9;50,7;1,8;97,3;погашение;1000;2,98;5,26;6,4;12;фиксированный;корпоративные;975,98;134,48;0,137789709
RU000A10A5R6; СберСIB957;0; AA;9;3,1;1,3;87,93;погашение;1000;0;0;0;0;нулевой;корпоративные;879,3;120,7;0,137268282
RU000A109JK5;СберИОС648;0; AA;9;6,1;4;88,01;погашение;1000;0,01;0,01;0,01;13;фиксированный;корпоративные;880,11;120,41;0,136812444
RU000A108C09;СберИОС621;0; AA;9;23,6;3,6;88;погашение;1000;0,01;0,01;0,01;11;фиксированный;корпоративные;880,01;120,38;0,1367939
RU000A108DG8;СберИОС620;0; AA;9;16,4;3,6;88,01;погашение;1000;0;0,01;0,01;12;фиксированный;корпоративные;880,1;120,33;0,1367231
RU000A103TL5;СберИОС409;0; AA;9;1,3;1;87,99;погашение;1000;0;0,1;0,01;1;фиксированный;корпоративные;879,9;120,2;0,136606433
RU000A10B3Q2;БинФарм1P5;19,7; BB;6;47,9;0,9;104,41;право продать (put);1000;5,79;19,32;23,5;12;фиксированный;корпоративные;1049,89;143,31;0,136500014
RU000A102SM7;СДЭКГлБП01;20,7; B;3;38,2;1,3;93,86;погашение;600;3,75;4,68;9,5;12;фиксированный;корпоративные;942,35;127,85;0,13567146
RU000A0ZZZ58;ИА ДОМ 7P2;0; AA;9;16,2;22,7;88,07;погашение;192,69;0;0;9,83;4;плавающий;корпоративные;880,7;119,3;0,135460429
RU000A106631;АПРИ 2Р2;31,2; B+;4;51,3;0,5;101,87;право продать (put);1000;2,63;79,78;32;4;фиксированный;корпоративные;1021,33;138,23;0,135343131
RU000A104A39;sКапиталР1;17,7; A;8;36,6;1,1;93,3;погашение;1000;37,91;51,11;10,25;2;фиксированный;корпоративные;970,91;131,31;0,135244255
RU000A106DV1;РКС2Р3;30,4; B+;4;44,3;0,6;93,12;погашение;1000;17,13;38,02;15,25;4;фиксированный;корпоративные;948,33;127,71;0,134668312
RU000A0JV4M0;ОФЗ 29007;18,7; AAA;10;56,8;1,4;103,91;погашение;1000;31,02;106,51;5,45;2;плавающий;государственные;1070,12;142,9;0,133536426
RU000A107A28;sГПБ005P1P;16,2; AA;9;37,9;1,1;97,5;погашение;1000;20,61;32,14;12,75;4;фиксированный;корпоративные;995,61;132,95;0,133536224
RU000A0JWYJ0;Самолет 01;21,8; BBB;7;40,5;1;105,13;погашение;1000;61,26;64,82;10,3;4;фиксированный;корпоративные;1112,56;146,72;0,131876034
RU000A105XA5;ГазКЗ-27Ф;6; AA;9;25,1;1,7;92,89;погашение;5000;22,89;77;1,54;1;фиксированный;корпоративные;951,79;125,21;0,131552128
RU000A106TM6;ВТБ Б1-343;20,3; AA;9;49,7;0,8;98,71;погашение;1000;11,64;14,44;21;12;плавающий;корпоративные;998,74;131,22;0,131385546
RU000A106RY5;СберИОС581;0; AA;9;12,2;1;88,4;погашение;1000;0;0,1;0,01;1;фиксированный;корпоративные;884;116,1;0,131334842
RU000A0JS3W6;ОФЗ 26207;14,1; AAA;10;71,4;1,3;93,77;погашение;1000;18,09;40,64;8,15;2;фиксированный;государственные;955,79;125,49;0,131294531
RU000A102G35;МосОб35016;15,7; AA;9;37,4;2,1;91,29;погашение;300;2,64;4,45;5,95;4;фиксированный;субфедеральные/муниципальные;915,54;120,06;0,131135723
RU000A103UL3;ТатнхимP01;20,4; B;3;40,4;0,9;101,91;погашение;1000;21,21;35,34;15;6;фиксированный;корпоративные;1040,31;136,39;0,131105151
RU000A10A6V6; РоялКапБ1;38,3; C;1;26,7;2;88,4;погашение;1000;0,68;0;0;12;плавающий;корпоративные;884,68;115,32;0,130352218
RU000A0JXN21;СистемБ1P6;17,6; BBB;7;33,9;0,5;92,24;право продать (put);1000;8,63;52,36;8,9;2;фиксированный;корпоративные;931,03;121,33;0,130318035
RU000A0JWST1;ГТЛК БО-08;15,6; BBB;7;30,6;0,8;88,5;погашение;1000;0,15;0,5;8,21;2;фиксированный;корпоративные;885,15;115,35;0,130316895
RU000A108C58;ЭлемЛиз1P8;19,1; BB;6;30,5;1,5;98,86;погашение;501,4;1,76;6,59;16;12;фиксированный;корпоративные;990,36;128,26;0,129508462
RU000A107AM4;АЛЬФАБ2Р25;16,1; AA;9;36;1,1;98,1;погашение;1000;21,42;33,03;13,25;4;фиксированный;корпоративные;1002,42;129,7;0,129386884
RU000A100FE5;ГТЛК 1P-14;19,8; BBB;7;38;0,8;94,47;право продать (put);1000;16,23;28,4;11,39;4;фиксированный;корпоративные;960,93;124,27;0,129322635
RU000A103AM3;СберИОС435;0; AA;9;5,3;0,8;88,6;погашение;1000;0,42;0,5;0,01;0;фиксированный;корпоративные;886,42;113,58;0,12813339
RU000A10B7J8;ФосАгро2П3;7,7; AA;9;46,7;1,9;100,1;погашение;1000;5,75;6,16;7,5;12;фиксированный;корпоративные;1006,75;128,77;0,12790663
RU000A10BX53; СбКИБ1P160;0; AA;9;5,3;4,9;88,7;погашение;1000;0;0;0;0;нулевой;корпоративные;887;113;0,127395716
RU000A106JR6; СберСIB548;0; AA;9;6,5;2,9;88,7;погашение;1000;0,02;0,31;0,01;0;фиксированный;корпоративные;887,02;112,98;0,127370296
RU000A0JWZY6;СистемБ1P5;17; BBB;7;31,8;1,1;99,03;погашение;1000;29,59;37,4;6,85;4;фиксированный;корпоративные;1019,89;129,71;0,127180382
RU000A106AB9;СберИОС566;0; AA;9;12;0,7;88,7;погашение;1000;0,23;0,3;0,01;0;фиксированный;корпоративные;887,23;112,77;0,127103457
RU000A103FM2;СберИОС460;0; AA;9;14;0,9;88,7;погашение;1000;0,41;0,5;0,01;0;фиксированный;корпоративные;887,41;112,59;0,126874838
RU000A106HB4;iВУШ 1P2;24,9; BB;6;54,6;0,7;93,19;погашение;1000;7,76;29,42;11,8;4;фиксированный;корпоративные;939,66;119,18;0,12683311
RU000A107P88;СберИОС602;0; AA;9;24,3;3,3;88,81;погашение;1000;0,01;0,01;0,01;11;фиксированный;корпоративные;888,11;112,25;0,126392001
RU000A105JH9;ГазКЗ-27Д2;8,4; AA;9;41,9;1,7;91,8;погашение;1000;9,75;15;3;2;фиксированный;корпоративные;927,75;117,25;0,126381029
RU000A1054X9;СберИОС536;0; AA;9;9,8;1,9;88,8;погашение;1000;0,01;0,1;0,01;1;фиксированный;корпоративные;888,01;112,09;0,126226056
RU000A106EX5;СберИОС573;0; AA;9;8,8;0,8;88,8;погашение;1000;0,02;0,1;0,01;1;фиксированный;корпоративные;888,02;111,98;0,126100763
RU000A1032L0;СберИОС440;0; AA;9;7,5;2,6;88,8;погашение;1000;0,44;0,7;0,01;0;фиксированный;корпоративные;888,44;111,56;0,125568412
RU000A1013P1;ВЭБ1P-18;16,2; AA;9;41;1,1;92,18;погашение;1000;31,67;36,25;7,27;2;фиксированный;корпоративные;953,47;119,03;0,124838747
RU000A10B0Z9;ТелХолБ2-9;21,8; BB;6;50;0,8;103,2;право продать (put);1000;15,12;19,73;24;12;фиксированный;корпоративные;1047,12;130,45;0,1245798
RU000A109825;АЗБУКАВКП3;20; BB;6;34,6;0,8;100,46;право продать (put);1000;9,89;15,62;23;12;плавающий;корпоративные;1014,49;126,09;0,124289052
RU000A1057D4;МЕТАЛИН1P2;7,2; AA;9;31;1,9;94,25;погашение;1000;4,46;9,22;3,7;4;фиксированный;корпоративные;946,96;117,58;0,124165751
RU000A108UM0;ГПБ004Р09;16,3; AA;9;14,7;0,8;88,98;погашение;1000;0,02;0,1;0,01;1;фиксированный;корпоративные;889,82;110,18;0,123822796
RU000A107EE3;СОБИЛИЗ1Р4;29,3; B;3;36,4;1,1;96,38;погашение;430;3,81;6,72;19;12;фиксированный;корпоративные;967,61;119,75;0,123758539
RU000A10BX46; СбКИБ1P159;0; AA;9;2,6;3,1;88,99;погашение;1000;0;0;0;0;нулевой;корпоративные;889,9;110,1;0,123721766
RU000A100PB0;ЖКХРСЯ БО1;27,4; C;1;48,1;0,8;98,71;погашение;1000;56,08;57,34;12,5;4;фиксированный;корпоративные;1043,18;128,84;0,123506969
RU000A106P63;ФЭСАгро1Р1;23,8; B+;4;42,1;0,8;95,3;погашение;1000;30,68;34,9;14;4;фиксированный;корпоративные;983,68;121,02;0,123027814
RU000A0JXS83;ЯрОбл 2017;16,4; BB;6;33,2;1,5;93,25;погашение;375;0,43;7,85;8,4;4;фиксированный;субфедеральные/муниципальные;932,93;114,17;0,122377885
RU000A10B3Y6;ВсИнстр1Р6;17,9; BB;6;36,1;0,9;105,55;погашение;1000;7,73;19,32;23,5;12;фиксированный;корпоративные;1063,23;129,97;0,122240719
RU000A107C75;ИнвОбл01;13,1; B;3;16,1;0,9;89,11;погашение;1000;0,01;0,1;0,01;1;фиксированный;корпоративные;891,11;108,89;0,122195913
RU000A108E64;СберИОС622;0; AA;9;26,8;3,6;89,21;погашение;1000;0;0,01;0,01;11;фиксированный;корпоративные;892,1;108,29;0,121387737
RU000A107EQ7;ИАДОМ 1P42;0; AA;9;20,4;7,9;89,2;погашение;727,51;0;0;10,12;4;плавающий;корпоративные;892;108;0,121076233
RU000A106PY9; Неолизинг1;28,9; B;3;28,1;0,7;95,44;погашение;720;9,72;10,06;17;12;фиксированный;корпоративные;964,12;116,36;0,12069037
RU000A10AA10;ПСБЛизП01;14,3; A;8;47,2;1,1;111,68;погашение;1000;14,38;20,55;25;12;фиксированный;корпоративные;1131,18;135,97;0,120201913
RU000A106K35;АВТОБФ БП4;13,5; BBB;7;25,2;1,2;102,44;право продать (put);1000;2,05;37,4;10;4;фиксированный;корпоративные;1026,45;123,15;0,119976618
RU000A108HX4; СберСIB842;0; AA;9;18,7;1,2;89,28;погашение;1000;0,08;0,2;0,01;0;фиксированный;корпоративные;892,88;107,12;0,119971329
RU000A10B487;ДелПорт1P4;17,1; A;8;48,8;0,9;103,95;погашение;1000;5,68;17,05;20,75;12;фиксированный;корпоративные;1045,18;125,32;0,119902792
RU000A106SL0;ИСТРСЫР 02;19,7; CCC;2;32,4;0,8;98,54;погашение;1000;3,58;11,92;14,5;12;фиксированный;корпоративные;988,98;118,3;0,119618192
RU000A10BNE1;СИМПЛ1Р03;18,7; BB;6;40,9;0,8;103,87;погашение;1000;3,7;18,49;22,5;12;фиксированный;корпоративные;1042,4;124,01;0,118965848
RU000A1066A1;УралСт1Р02;26; BBB;7;55,9;0,5;94,07;погашение;1000;0,58;26,43;10,6;4;фиксированный;корпоративные;941,28;111,58;0,118540711
RU000A1070L0;ЯТЭК 1P-3;17,5; BB;6;44,2;0,9;99,01;погашение;1000;6,73;38,27;15,35;4;фиксированный;корпоративные;996,83;117,98;0,118355186
RU000A106DK4; Фордевинд2;28,6; B;3;41,3;0,6;96,6;погашение;1000;10,52;13,15;16;12;фиксированный;корпоративные;976,52;115,53;0,118307869
RU000A104UA4;Сегежа2P4R;27,1; B;3;33;0,6;92,15;право продать (put);1000;16,73;24,56;11;4;фиксированный;корпоративные;938,23;110,89;0,118190636
RU000A100W60;ЕвропланБ3;15,8; A;8;35,7;1,4;105,2;право продать (put);1000;16,56;97,23;19,5;2;фиксированный;корпоративные;1068,56;125,9;0,117822116
RU000A10B0R6;Кокс01Р2;21,4; BB;6;48;0,8;104,66;право продать (put);1000;16,77;20,96;25,5;12;фиксированный;корпоративные;1063,37;125,27;0,117804715
RU000A108CH8;ГПБ004Р07;-29,2; AA;9;18,3;0,6;89,46;погашение;1000;0,04;0,1;0,01;1;фиксированный;корпоративные;894,64;105,36;0,117768041
RU000A106EZ0;ВИС Ф БП04;19,9; BBB;7;49,2;0,8;95,76;погашение;1000;23,68;32,16;12,9;4;фиксированный;корпоративные;981,28;115,2;0,117397685
RU000A10B3T6;ИЭКХолд1Р3;17,4; BB;6;42,7;0,9;106,13;погашение;1000;8,46;19,52;23,75;12;фиксированный;корпоративные;1069,76;125,44;0,117259946
RU000A104362;ВСК 1P-02R;16,7; A;8;29,5;1,1;93,88;погашение;1000;41,6;47,62;9,55;2;фиксированный;корпоративные;980,4;114,84;0,117135863
RU000A10BWN3;ТАЛК002P02;27,9; B+;4;42,4;0,7;102,86;право продать (put);1000;19,95;21,37;26;12;фиксированный;корпоративные;1048,55;122,41;0,116742168
RU000A10B0A2;Магнит5P03;19,4; AA;9;52,2;0,8;100,88;погашение;1000;13,01;15,62;0;12;плавающий;корпоративные;1021,81;118,77;0,116234916
RU000A10D301;ЭНплГ1РС8;9,3; BB;6;35,8;1,4;98,5;погашение;1000;2,78;6,41;7,8;12;фиксированный;корпоративные;987,78;114,78;0,116199964
RU000A10A6W4;РОЛЬФ 1Р04;22,4; BB;6;41,8;0,6;101,4;погашение;1000;0,63;18,9;23;12;плавающий;корпоративные;1014,63;117,67;0,11597331
RU000A106C50;СЕЛЛСерв02;26,5; B;3;34,2;0,6;96,73;погашение;1000;1,15;11,51;15;12;фиксированный;корпоративные;968,45;112,12;0,115772626
RU000A107WL0;ИКС5Фин3P4;20,5; AA;9;50,4;0,9;100;право продать (put);1000;24,59;47,62;19,1;4;плавающий;корпоративные;1024,59;118,27;0,115431538
RU000A1054W1;Полюс Б1P2;7,4; AA;9;45,6;1,8;94,13;погашение;1000;6,35;18,95;3,8;2;фиксированный;корпоративные;947,65;109,2;0,115232417
RU000A10B7H2;Апт36,62P2;19,1; BB-;5;43,5;0,9;105,85;право продать (put);1000;18,79;20,14;24,5;12;фиксированный;корпоративные;1077,29;124,11;0,115205748
RU000A1078H1;СОБИЛИЗ1Р3;29,9; B;3;33,6;1;95,62;погашение;400;2,88;5,75;17,5;12;фиксированный;корпоративные;959,08;109,92;0,114609834
RU000A10CRD2;НорНик1P15;8,1; AA;9;42,7;1,5;99,49;право продать (put);1000;2,05;6,16;7,5;12;фиксированный;корпоративные;996,95;113,93;0,11427855
RU000A1056T2;ЦР БО-02;26,9; CCC;2;34,8;0,8;96,13;погашение;600;7,99;8,88;18;12;фиксированный;корпоративные;969,29;110,63;0,114135089
RU000A10ABK5;SELSILV01;2,2; BBB;7;36;4,1;106,99;погашение;1311,2;6,32;12,44;4;4;фиксированный;корпоративные;1076,22;122,82;0,114121648
RU000A10CSD0;РУСАЛ 1Р15;9; BBB;7;40,9;1,4;98,2;погашение;1000;1,39;5,96;7,25;12;фиксированный;корпоративные;983,39;111,97;0,113861235
RU000A103QL1; Росагрл1Р3;18,5; BBB;7;28,9;0,9;92,67;погашение;1000;9,03;42,13;8,45;2;фиксированный;корпоративные;935,73;106,4;0,113708014
RU000A1070X5;АБЗ-1 1Р05;22,7; BB-;5;51;0,9;95,77;погашение;670;5,01;7,16;13;12;изменяемый;корпоративные;962,71;108,89;0,113107789
RU000A10B8M0;СэтлГрБ2P4;18,2; BB;6;44,9;0,9;106,06;право продать (put);1000;14,41;19,64;23,9;12;фиксированный;корпоративные;1075,01;121,39;0,11291988
BYM000002154;РесБел 340;9,3; n/a;;30,9;1,7;97,8;погашение;1000;25,49;38,86;7,63;2;фиксированный;государственные;1003,49;113,09;0,112696689
RU000A107B43;ГТЛК ЗО27Д;10,1; BBB;7;42,6;1,4;93,48;погашение;1000;5,94;23,25;4,65;2;фиксированный;корпоративные;940,74;105,76;0,112422136
RU000A103PX8;ЛСР БО 1Р7;20,4; BB;6;45,9;0,9;91,83;погашение;400;4,17;8,63;8,65;4;фиксированный;корпоративные;922,47;103,42;0,112112047
RU000A108AS9;ДАРСДев1Р2;25,7; B+;4;45,7;0,5;97,36;погашение;1000;4,32;43,63;17,5;4;фиксированный;корпоративные;977,92;109,34;0,111808737
RU000A10BBQ0;СберИОС705;0; AA;9;17,7;4,5;90;погашение;1000;0,02;0,02;0,01;4;фиксированный;корпоративные;900,02;100,34;0,111486411
RU000A102HU3;iУОМЗ Б-П2;18,2; BB;6;1,4;0,6;89,98;право продать (put);1000;0,38;0,5;0,1;2;фиксированный;корпоративные;900,18;100,32;0,111444378
RU000A1095B8;ИнвОбл09;12; B;3;20,1;0,9;89,98;погашение;1000;0,01;0,1;0,01;1;фиксированный;корпоративные;899,81;100,19;0,111345729
RU000A10BWU8; СбКИБ1P149;0; AA;9;30,4;2,9;90;погашение;1000;0;0;0;0;нулевой;корпоративные;900;100;0,111111111
RU000A103QK3;МэйлБ1Р1;17,9; BB;6;46,9;0,9;92,68;погашение;1000;8,66;39,39;7,9;2;фиксированный;корпоративные;935,46;103,93;0,111100421
RU000A109QT1;ИнвОбл11;11,9; B;3;16,3;0,9;90;погашение;1000;0,01;0,1;0,01;1;фиксированный;корпоративные;900,01;99,99;0,111098766
RU000A10B5M6; Агродом02;30,1; CCC;2;31,3;0,5;103;право продать (put);1000;3,29;24,66;30;12;фиксированный;корпоративные;1033,29;114,67;0,110975622
RU000A106CM2;СмартФ1Р01;27,5; B;3;35,4;0,6;94,9;погашение;1000;22,44;39,27;15,75;4;фиксированный;корпоративные;971,44;107,1;0,110248703
RU000A1056S4;ФСК РС Б5;15,3; AA;9;20,7;0,9;94,94;право продать (put);1000;8,62;21,19;8,5;4;фиксированный;корпоративные;958,02;105,55;0,110175153
RU000A10AV15;ВИС Ф БП07;18,5; BBB;7;50,2;0,8;105,9;погашение;1000;10,38;20,75;25,25;12;фиксированный;корпоративные;1069,38;117,37;0,109755185
RU000A106A94;ВТБ Б1-323;19,8; AA;9;22,3;0,6;90,12;погашение;1000;0,02;0,02;0,01;4;фиксированный;корпоративные;901,22;98,82;0,109651361
RU000A107VV1;МКБ ЗО26-2;14,5; BBB;7;43,2;0,9;91,5;погашение;1000;3,77;19,38;3,88;2;фиксированный;корпоративные;918,77;100,61;0,109505099
RU000A1090K0;Магнит4P06;19,1; AA;9;44;0,7;100,27;погашение;1000;5,42;14,79;22;12;плавающий;корпоративные;1008,12;110,2;0,109312383
RU000A1010B7;ТрнфБО1P13;15,1; AA;9;44,3;1;93;погашение;1000;33,22;34,16;6,85;2;фиксированный;корпоративные;963,22;105,1;0,109113183
RU000A0ZYEB1;ТрансФ1P04;24,2; BB;6;37,3;0,5;94,4;право продать (put);1000;2,74;49,86;10,5;2;фиксированный;корпоративные;946,74;103,12;0,10892114
RU000A107C91;МСБЛиз3P02;24,1; B;3;38,5;1,1;97,24;погашение;466,72;6,09;6,52;16;12;изменяемый;корпоративные;978,49;106,27;0,108606118
RU000A10B347;Акрон Б1P7;8,7; A;8;48,8;1,4;102,23;досрочное погашение;1000;4,6;8,63;10,5;12;фиксированный;корпоративные;1026,9;111,18;0,108267602
RU000A103DT2;Артгн БО01;20,7; B+;4;34,2;0,7;94,58;погашение;1000;5,3;26,8;10,75;4;фиксированный;корпоративные;951,1;102,5;0,107769951
RU000A0NNEA2;ВТБ Б1-188;21,5; AA;9;20,1;0,5;90,32;погашение;1000;0,05;0,05;0,01;2;фиксированный;корпоративные;903,25;96,8;0,107168558
RU000A108TV3;АЛРОCЗ027Д;8,3; AA;9;37,8;1,4;92,1;вероятность выкупа (call);1000;10,42;15,5;3,1;2;фиксированный;корпоративные;931,42;99,58;0,106912027
RU000A1040E8;ЦифрБро1П2;12,2; B+;4;33,1;1;94,11;погашение;1000;11,9;13,71;5,5;4;фиксированный;корпоративные;953;101,84;0,106862539
RU000A10AU73;ГТЛК 2P-07;18; BBB;7;58,9;0,8;105,25;погашение;1000;11,84;19,73;24;12;фиксированный;корпоративные;1064,34;113,23;0,106385178
RU000A10BJL4;ТЛК 1Р2;29,3; B;3;44,3;0,5;101,5;право продать (put);1000;18,27;23,84;29;12;фиксированный;корпоративные;1033,27;109,77;0,106235543
RU000A106XQ9;СберИОС586;0; AA;9;11,9;1;90,4;погашение;1000;0,1;0,1;0,01;1;фиксированный;корпоративные;904,1;96;0,106182944
RU000A105559;ФСК РС1Р6;16,2; AA;9;29,4;0,8;94,89;право продать (put);1000;14,3;21,69;8,7;4;фиксированный;корпоративные;963,2;101,87;0,105762043
RU000A108WV7; Фордевинд6;20,4; B;3;22,5;0,7;100,81;право продать (put);1000;15,34;16,44;20;12;фиксированный;корпоративные;1023,44;108,08;0,105604628
RU000A106F08;МИКРАН БО1;22,5; BB-;5;38,4;0,7;94,99;погашение;1000;11,3;31,16;12,5;4;фиксированный;корпоративные;961,2;101,12;0,105201831
RU000A10B0B0;ЛСР БО1Р10;19,2; BB;6;51,8;0,8;104,91;право продать (put);1000;16,44;19,73;24;12;фиксированный;корпоративные;1065,54;112,03;0,105139178
RU000A10AS28;БинФарм1P4;18,5; BB;6;52,1;0,8;106,05;право продать (put);1000;15,37;20,96;25,5;12;фиксированный;корпоративные;1075,87;112,77;0,104817497
RU000A10AXP8;ВсИнстр1Р4;17,2; BB;6;43,6;0,8;105,93;погашение;1000;6,58;19,73;24;12;фиксированный;корпоративные;1065,88;111,69;0,104786655
RU000A102CR0;МосОб35015;15,4; AA;9;44,3;1;91,81;погашение;300;3,67;4,45;5,95;4;фиксированный;субфедеральные/муниципальные;921,77;96,03;0,104180002
RU000A1065M8; АйДиКоле03;25,3; B+;4;39;0,5;96,69;погашение;1000;5,75;12,33;15;12;фиксированный;корпоративные;972,65;101,33;0,104179304
RU000A103QQ0;НКНХ 1Р-02;17; AA;9;19,3;0,9;93,41;право продать (put);1000;8,76;40,89;8,2;2;фиксированный;корпоративные;942,86;98,03;0,103970897
RU000A1094U1;Байсэл 1Р1;25,6; BB-;5;37,2;0,8;101,36;право продать (put);1000;58,4;61,08;24,5;4;фиксированный;корпоративные;1072;111,24;0,103768657
RU000A1064X8;ЗАСЛОН 1Р1;21,9; BB-;5;43,9;0,5;95,95;погашение;1000;3,42;62,33;12,5;2;фиксированный;корпоративные;962,92;99,41;0,103238068
RU000A106PW3;НовТехнБ2;22,6; BB;6;44,6;0,8;93,8;право продать (put);1000;25,99;63,08;12,65;2;фиксированный;корпоративные;963,99;99,09;0,102791523
RU000A10B461;NSKATD-03;23,1; BB;6;52,2;0,9;109,35;вероятность выкупа (call);1000;7,12;21,37;26;12;фиксированный;корпоративные;1100,62;113,08;0,102742091
RU000A1077X0;ИнтЛиз1Р07;22,9; BB;6;51,3;1;97,7;погашение;520;4,56;6,84;16;12;фиксированный;корпоративные;981,56;100,52;0,102408411
RU000A103QH9;ЭталФинП03;26,2; BB;6;53,3;0,9;93,05;погашение;450;4,49;10,21;9,1;4;фиксированный;корпоративные;934,99;95,64;0,102289864
RU000A103NU9;Автодор4Р1;17,2; AA;9;34,5;0,9;93,32;погашение;1000;10,24;39,64;7,95;2;фиксированный;корпоративные;943,44;96,2;0,101967269
RU000A106JQ8; СберСIB547;0; AA;9;16,6;4,8;90,8;погашение;1000;0,02;0,5;0,01;0;фиксированный;корпоративные;908,02;91,98;0,101297328
RU000A105GN3;БорецКЗО26;15,3; BB;6;48;0,9;92,89;погашение;1000;6,5;30;6;2;фиксированный;корпоративные;935,4;94,6;0,101133205
RU000A10AXH5;Магнит5P02;14,7; AA;9;46,3;0,9;106,29;погашение;1000;5,89;17,67;21,5;12;фиксированный;корпоративные;1068,79;107,91;0,100964642
RU000A103NE3;РегПрод1Р2;28; C;1;26,5;0,8;93,99;погашение;500;8,19;14,34;11,5;4;фиксированный;корпоративные;948,09;94,93;0,100127625
RU000A102986;СУЭК-Ф1P6R;22,3; BBB;7;33,5;0,5;97,19;право продать (put);1000;4,04;73,55;6,7;2;фиксированный;корпоративные;975,94;97,61;0,100016394
RU000A106A86;iКарРус1P2;25,6; BB;6;55,6;0,6;94,42;погашение;1000;22,62;31,66;12,7;4;фиксированный;корпоративные;966,82;96,5;0,099811754
RU000A10ARS4;МОНОП 1P03;62,2; B+;4;65,8;0,3;94,79;погашение;1000;21,05;21,78;26,5;12;фиксированный;корпоративные;968,95;96,39;0,099478817
RU000A1032X5;ТЕХЛиз 1P4;26,6; B+;4;40,5;0,5;94,63;погашение;800;1,88;7,07;10,75;12;фиксированный;корпоративные;948,18;94,24;0,099390411
RU000A105RZ4;ГазКЗ-27Е;8,8; AA;9;42,7;1,3;91,3;погашение;1000;10,32;15;1,5;1;фиксированный;корпоративные;923,32;91,68;0,099293853
RU000A10BW62;МТС 2P-12;16,4; AA;9;52,9;0,7;101,69;право продать (put);1000;0,49;14,79;18;12;фиксированный;корпоративные;1017,39;100,93;0,099204828
RU000A104ZU1;Шевченк1Р4;21,6; B;3;36,8;0,7;90,99;погашение;750;0;0,02;0,01;4;плавающий;корпоративные;909,9;90,14;0,099065831
RU000A103U69;МоторТ1Р03;24,7; B;3;29;0,9;94,57;погашение;500;4,18;14,65;11,75;4;фиксированный;корпоративные;949,88;94,07;0,099033562
RU000A106540;МВ ФИН 1Р4;22,6; BB;6;48,6;0,5;101,8;погашение;1000;6,16;62,33;13,05;4;фиксированный;корпоративные;1024,16;100,5;0,098129199
RU000A108UR9;РЕСОЛиБП26;8; BBB;7;17,6;1,9;118,99;право продать (put);1000;15,21;46,12;18,5;4;фиксированный;корпоративные;1205,11;117,73;0,097692327
RU000A106R53;Автодор5Р3;17,4; AA;9;36,8;0,8;96,95;погашение;1000;24,67;30,34;12,17;4;фиксированный;корпоративные;994,17;96,85;0,097417947
RU000A10B4V0;ЧеркизБ2P1;8,1; A;8;46,3;1,4;103,9;погашение;1000;1,78;8,88;10,8;12;фиксированный;корпоративные;1040,78;101,3;0,097330848
RU000A108BX7;ТатнхимP02;23,1; B;3;40,2;0,5;102,39;право продать (put);1000;6,53;43,56;26,5;6;фиксированный;корпоративные;1030,43;100,25;0,097289481
RU000A106NT4;ПИМ БО-02;23,2; B+;4;38,2;0,8;97,58;погашение;1000;34,56;36,15;14,5;4;фиксированный;корпоративные;1010,36;98,09;0,097084208
RU000A108AK6; Фордевинд5;24,5; B;3;38,7;0,5;102,11;право продать (put);1000;11,84;22,19;27;12;фиксированный;корпоративные;1032,94;100,2;0,097004666
RU000A10ANF0;СберИОС673;0; AA;9;11,3;4,4;91,3;погашение;1000;0;0,01;0,01;13;фиксированный;корпоративные;913;87,57;0,095914567
RU000A106SF2;ИнтЛиз1Р06;25,5; BB;6;49,7;0,8;95,89;погашение;670;15,36;22,55;13,5;4;фиксированный;корпоративные;974,26;93,39;0,095857369
RU000A101DA6; sРуСол клА;0; n/a;;13,6;0,1;89,7;право продать (put);524,21;15,67;21,21;8,84;4;фиксированный;корпоративные;912,67;87,33;0,095686283
RU000A10AJX1; СбКИБ1P40;0; AA;9;8,7;1,7;91,3;погашение;1000;0;0;0;0;нулевой;корпоративные;913;87;0,095290252
XS0088543193;RUS-28;6,1; AAA;10;43,6;2,7;116,09;погашение;1000;43,21;63,75;12,75;2;фиксированный;государственные;1204,11;114,64;0,095207249
RU000A106EM8;БалтЛизБП8;20,2; BBB;7;50,6;0,6;101,9;право продать (put);1000;9,58;17,96;10,7;12;фиксированный;корпоративные;1028,58;97,14;0,09444088
RU000A105UC7;Титан-5 А;12,8; n/a;;37,1;0,2;90,99;право продать (put);450,25;3,94;11,96;10,65;4;фиксированный;корпоративные;913,84;86,16;0,094283463
RU000A108LS6;ГПБ004Р08;14,1; AA;9;19,7;0,7;91,4;погашение;1000;0,03;0,1;0,01;1;фиксированный;корпоративные;914,03;85,97;0,094055994
RU000A106J38;ТрансФ1P09;32,6; BB;6;24,7;0,7;95,14;право продать (put);1000;65,34;112,19;18,5;2;плавающий;корпоративные;1016,74;95,45;0,093878474
RU000A109SM2;Байсэл 1Р2;22,2; BB-;5;29,7;0,5;102,53;право продать (put);1000;8,63;65,45;26,25;4;фиксированный;корпоративные;1033,93;96,97;0,093787781
RU000A104B04;Петснаб1Р1;24,9; B;3;17,1;1,1;95,28;погашение;318;2,77;3,46;13,25;12;фиксированный;корпоративные;955,57;89,41;0,09356719
RU000A10A6U8;РОЛЬФ 1Р05;17,9; BB;6;40,6;0,6;105,1;погашение;1000;0,71;21,37;26;12;фиксированный;корпоративные;1051,71;97,88;0,093067481
BYM000001818;РесБел 331;8,1; n/a;;40,7;1,7;99,5;погашение;1000;24,86;38,23;7,63;2;фиксированный;государственные;1019,86;94,83;0,092983351
RU000A104JY7;СберИОС524;0; AA;9;10,2;1,6;91,5;погашение;1000;0,03;0,1;0,01;1;фиксированный;корпоративные;915,03;85,07;0,092969629
RU000A108E98;ТАЛК001P01;22,7; B+;4;36,3;0,5;98,47;погашение;1000;9,59;14,38;17,5;12;фиксированный;корпоративные;994,29;91,99;0,092518279
RU000A1040S8;Ульоб34004;17,2; B+;4;38,9;1;95,3;погашение;500;5,89;11,9;9,55;4;фиксированный;субфедеральные/муниципальные;958,89;88,71;0,092513218
RU000A106FM5;ИАДОМ 1P34;0; AA;9;13,7;0,6;98,44;право продать (put);811,13;11,76;12,6;21,9;12;плавающий;корпоративные;996,16;92,04;0,092394796
RU000A1035Y6;БМБанкП08;15,8; AA;9;20,6;0,6;91,56;погашение;1000;0,04;0,05;8,05;2;фиксированный;корпоративные;915,64;84,41;0,092186886
RU000A106CJ8; ЛаймЗайм03;26,4; B;3;42,4;0,6;96,75;погашение;600;0,27;8,14;16,5;12;фиксированный;корпоративные;967,77;89,21;0,092180993
RU000A106SP1;Новотр 1Р4;16,3; A;8;45;0,8;97,92;погашение;1000;20,47;30,54;12,25;4;фиксированный;корпоративные;999,67;91,95;0,091980354
RU000A10AV31;iКарРус1P5;23,6; BB;6;54;0,5;102,05;погашение;1000;10,48;20,96;25,5;12;фиксированный;корпоративные;1030,98;94,78;0,091931948
RU000A10BGY3;МТС 2P-10;16; AA;9;43,8;0,7;103;право продать (put);1000;2,11;15,82;19,25;12;фиксированный;корпоративные;1032,11;94,45;0,091511564
RU000A10B0C8;МЕТАЛИНP12;8,6; AA;9;43,2;1,3;102,45;погашение;1000;6,99;8,38;10,2;12;фиксированный;корпоративные;1031,49;94,21;0,091333896
RU000A10ASB8;Россет1Р15;15,9; AA;9;48,6;0,8;104,64;погашение;1000;16,49;17,67;21,5;12;фиксированный;корпоративные;1062,89;96,14;0,090451505
RU000A107TB7;Боржоми1Р2;17,9; BBB;7;37,6;0,8;100,33;право продать (put);1000;32,14;43,01;16,1;4;фиксированный;корпоративные;1035,44;93,59;0,090386696
RU000A0JWV89;Акрон Б1P1;11,8; A;8;24,2;0,9;92,86;погашение;1000;2,55;14,96;3;2;фиксированный;корпоративные;931,15;83,81;0,090006981
RU000A1074N8;ПрактЛК1Р2;22; BB;6;32,6;1,1;97,78;погашение;400;3,27;5,33;15,7;12;фиксированный;корпоративные;981,07;88,22;0,089922228
RU000A101QL5;ГТЛК 1P-17;20,1; BBB;7;43,8;0,6;93,9;право продать (put);1000;12,64;18,55;7,44;4;фиксированный;корпоративные;951,64;85,46;0,089802867
RU000A105146;ПИК К 1P5;11,6; BBB;7;48;1,1;94,5;погашение;1000;24,66;28,36;5,63;2;фиксированный;корпоративные;969,66;87,06;0,089784048
RU000A106MQ2;ВТБ Б1-330;11,8; AA;9;15,6;0,8;91,8;погашение;1000;0,02;0,02;0,01;4;фиксированный;корпоративные;918,02;82,04;0,089366245
RU000A109BP1; СберСIB873;0; AA;9;3,7;0,9;91,8;погашение;1000;0;0;0;0;нулевой;корпоративные;918;82;0,089324619
RU000A1057P8;РусГидрБП6;15,5; AA;9;35,5;0,9;94,78;погашение;1000;9,32;42,38;8,5;2;фиксированный;корпоративные;957,12;85,26;0,089079739
RU000A102WC0;СберИОС431;0; AA;9;15,4;0,5;91,8;погашение;1000;0,45;0,5;0,01;0;фиксированный;корпоративные;918,45;81,55;0,088790898
RU000A107GT6;СЕЛЛСерв1;21,6; B;3;39,8;0,5;103,38;право продать (put);1000;7,4;22,19;27;12;фиксированный;корпоративные;1041,2;91,94;0,088301959
RU000A107GV2;ЛКЭвол1Р01;22,3; BB-;5;27,8;1,2;97,68;погашение;416,9;6,31;17,41;16,75;4;фиксированный;корпоративные;983,11;86,53;0,0880166
RU000A10A869;РФ ЗО 28 Д;5,9; AAA;10;57,5;2,7;116,9;погашение;1000;43,21;63,75;12,75;2;фиксированный;государственные;1212,21;106,54;0,087889062
RU000A0JXPG2;ГТЛК 1P-04;19,9; BBB;7;41,7;0,5;97,23;право продать (put);1000;4,05;30,74;12,33;4;фиксированный;корпоративные;976,35;85,13;0,087192093
RU000A1059P4;ЛУКОЙЛ 27;5,7; AA;9;37,8;1,5;95,89;погашение;1000;0;14;2,8;2;фиксированный;корпоративные;958,9;83,1;0,0866618
RU000A1062J1;РКСЭталон2;19,9; B;3;40,7;1,3;96,26;право продать (put);345,93;2,4;3,23;11;12;фиксированный;корпоративные;965;83,45;0,086476684
RU000A103G00;sСТМ 1P2;18,9; BBB;7;49,5;0,7;93,77;погашение;1000;22,64;43,38;8,7;2;фиксированный;корпоративные;960,34;83,04;0,086469375
RU000A106Z38;Джи-гр 2Р3;21,4; BB;6;48,3;0,9;97,76;погашение;600;6,58;23,04;15,4;4;фиксированный;корпоративные;984,18;84,94;0,086305351
RU000A108BQ1;ЦентрИБ13;18,4; BB;6;24,1;0,5;101,51;право продать (put);1000;2,3;104,71;17;2;фиксированный;корпоративные;1017,4;87,31;0,085816788
RU000A0ZZYW2;ОФЗ 26226;13,8; AAA;10;73,1;0,9;95,36;погашение;1000;3,92;39,64;7,95;2;фиксированный;государственные;957,52;82,12;0,085763222
RU000A101DB4; sРуСол клБ;29,1; n/a;;30,1;0,1;89,7;право продать (put);603,21;24,19;30,49;16,77;4;фиксированный;корпоративные;921,19;78,81;0,085552383
RU000A10BRN3;СибКХП 1P4;29,2; B;3;41,6;0,6;105,55;право продать (put);1000;14,58;23,01;28;12;фиксированный;корпоративные;1070,08;90,99;0,085031026
RU000A10BU23;НорНик1P11;8,4; AA;9;40,2;1,1;98,93;право продать (put);1000;1,53;5,75;7;12;фиксированный;корпоративные;990,83;83,92;0,084696668
RU000A106AH6;О'КЕЙ Б1Р5;21,4; BB;6;42,5;0,6;95,6;право продать (put);1000;19,96;29,29;11,75;4;фиксированный;корпоративные;975,96;82,62;0,084655109
RU000A1067T9;ЭконЛиз1Р4;24,5; B+;4;31,6;0,5;95,76;погашение;1000;28,77;34,9;14;4;фиксированный;корпоративные;986,37;83,43;0,084582864
RU000A103PC2;АВТОБФ БП3;16,3; BBB;7;28,6;0,9;95,53;погашение;1000;12,88;49,86;8,9;2;фиксированный;корпоративные;968,18;81,68;0,084364478
RU000A10A6B8;РусГид2Р02;16,1; AA;9;17,7;0,6;104,3;погашение;1000;1,26;18,9;23;12;фиксированный;корпоративные;1044,26;88,04;0,084308506
RU000A101UW4;sСоц.раз02;24,9; n/a;;16,5;1,2;95,88;погашение;251,81;2,03;10,35;16,31;4;фиксированный;корпоративные;960,83;80,57;0,083854584
RU000A104Z71;БинФарм1P2;19,1; BB;6;37,6;0,5;99,85;право продать (put);1000;4,79;43,63;10,35;4;фиксированный;корпоративные;1003,29;83,97;0,083694645
RU000A1016N9;СвердлОбл6;16,5; A;8;27,8;1,1;94,97;погашение;500;4,31;8,35;6,7;4;фиксированный;субфедеральные/муниципальные;954,01;79,39;0,083217157
RU000A1026H0;ГИДРОМАШБ3;18,7; BBB;7;40,1;0,9;98,39;право продать (put);1000;13,15;79,78;7,95;2;фиксированный;корпоративные;997,05;82,73;0,082974776
RU000A108Z93;ВТБЛИЗ 1Р1;15,5; A;8;41,8;0,7;102,11;погашение;1000;10,21;14,59;17,75;12;фиксированный;корпоративные;1031,31;85,41;0,082817
RU000A1085A1; СИНАРАБ1;18,4; B+;4;19,3;0,5;100;право продать (put);1000;0,93;13,97;17;12;фиксированный;корпоративные;1000,93;82,89;0,082812984
RU000A10CSG3;МЕТИН2P02;7,8; AA;9;51,8;4,8;95,08;погашение;100;0,12;0,52;6,3;12;фиксированный;корпоративные;950,92;78,72;0,082782989
RU000A107M32;АквилонЛP3;19,8; B+;4;27,7;1,2;99,44;погашение;440;1,07;19,42;17,7;4;фиксированный;корпоративные;995,47;82,21;0,082584106
RU000A10B2J9;О'КЕЙ Б1Р7;18,6; BB;6;48,8;0,6;104,57;право продать (put);1000;11,64;20,55;25;12;фиксированный;корпоративные;1057,34;86,51;0,081818526
RU000A102UC4;СберИОС413;0; AA;9;11,4;0,5;92,4;погашение;1000;0,46;0,5;0,01;0;фиксированный;корпоративные;924,46;75,54;0,081712567
RU000A101SF3;Роснфт2P10;17,8; AA;9;24,3;0,6;95;право продать (put);1000;11,62;19,95;5,8;4;фиксированный;корпоративные;961,62;78,28;0,081404297
RU000A1043H5;СберИОС492;0; AA;9;17,5;1,1;92,51;погашение;1000;0,09;0,1;0,01;1;фиксированный;корпоративные;925,19;74,91;0,080967153
RU000A1094E5;Мегафон2P6;18,5; AA;9;44,2;0,8;100,94;погашение;1000;45,6;46,59;0;4;плавающий;корпоративные;1055;84,77;0,080350711
RU000A1011B5;КраснодКр3;14,9; A;8;32,2;1,1;96;погашение;700;10,66;12,13;6,95;4;фиксированный;субфедеральные/муниципальные;970,66;77,86;0,080213463
RU000A104DD4;ВТБ Б1-294;17,2; AA;9;6,2;0,5;92,59;погашение;1000;0,01;0,05;0,01;1;фиксированный;корпоративные;925,91;74,09;0,080018576
RU000A106JL9; СберСIB544;0; AA;9;20,2;4,8;92,6;погашение;1000;0,03;0,5;0,01;0;фиксированный;корпоративные;926,03;73,97;0,079878622
RU000A1068R1;РСХБ2Р2;19,8; AA;9;56,5;0,5;100,31;погашение;1000;11,85;15,98;14,05;12;плавающий;корпоративные;1014,95;80,93;0,079737918
RU000A10CL56;СберИОС753;0; AA;9;25,7;3;92,7;погашение;1000;0,01;0,1;0,01;1;фиксированный;корпоративные;927,01;73,29;0,079060636
RU000A105M59;Роделен1P3;26,1; B+;4;41,1;0,6;101,7;право продать (put);723;13,91;16,04;15;12;фиксированный;корпоративные;1030,91;81,37;0,078930265
RU000A10BXN1;СберИОС735;0; AA;9;19,3;2,8;92,7;погашение;1000;0,03;0,1;0,01;1;фиксированный;корпоративные;927,03;73,17;0,078929484
RU000A100WF7;Новосиб10;14,8; BB;6;24,7;0,9;94,12;погашение;300;1,08;5,4;7,3;4;фиксированный;субфедеральные/муниципальные;942,28;73,92;0,07844802
RU000A1071Q7;MTRCSPR001;18; BB;6;31,4;0,5;99,21;право продать (put);1000;4,52;37,4;17,5;4;фиксированный;корпоративные;996,62;78,18;0,078445145
RU000A103943;Аэрофл БО1;16,9; A;8;52,1;0,6;95,58;погашение;1000;10,29;20,82;8,35;4;фиксированный;корпоративные;966,09;75,55;0,078201824
RU000A100XC2;Полюс Б1P1;18,2; AA;9;48;0,4;92,78;право продать (put);1000;0,01;0,05;7,4;2;фиксированный;корпоративные;927,81;72,19;0,077806879
RU000A106516;ФосАгро П1;16,4; AA;9;43,3;0,5;96,9;погашение;1000;2,32;46,87;9,4;2;фиксированный;корпоративные;971,32;75,55;0,077780752
RU000A103G42;Сбер Sb29R;15,9; AA;9;45;0,8;94,49;погашение;1000;17,51;37,05;7,43;2;фиксированный;корпоративные;962,41;74,64;0,077555304
RU000A10A8H1;РусГид2Р04;15,7; AA;9;45,1;0,7;105,26;погашение;1000;15,75;18,9;23;12;фиксированный;корпоративные;1068,35;82,85;0,077549492
RU000A108UJ6;NSKATD-01;20,4; BB;6;38,8;0,7;100;погашение;1000;16,14;47,37;19;4;фиксированный;корпоративные;1016,14;78,6;0,077351546
RU000A0JWM07;ОФЗ 26219;13,6; AAA;10;69,4;0,9;95,59;погашение;1000;8,28;38,64;7,75;2;фиксированный;государственные;964,18;74,46;0,077226244
RU000A10A6C6;РусГид2Р03;14,7; AA;9;46,6;0,6;104,99;погашение;1000;1,26;18,9;23;12;фиксированный;корпоративные;1051,16;81,14;0,077190913
RU000A102SU0;СберИОС420;0; AA;9;12,3;0,4;92,8;погашение;1000;0,46;0,5;0,01;0;фиксированный;корпоративные;928,46;71,54;0,077052323
RU000A100HE1;АЗБУКАВКП1;20; BB;6;42,9;0,4;92,86;право продать (put);1000;0,1;0,25;11;4;фиксированный;корпоративные;928,7;71,55;0,077043179
RU000A108RM6;МСПБанк1P1;22,5; BB;6;15,9;0,6;100,03;право продать (put);1000;24,05;51,53;23,9;4;плавающий;корпоративные;1024,35;78,71;0,076838971
RU000A109EG4;ГПБ004Р12;7,1; AA;9;16;1,1;92,88;погашение;1000;0,09;0,1;0,01;1;фиксированный;корпоративные;928,89;71,21;0,076661392
RU000A103760;СовкомБ04;17,3; A;8;46,2;0,6;95,4;погашение;1000;12,05;19,95;8;4;фиксированный;корпоративные;966,05;73,85;0,076445319
RU000A10AKM2; СбКИБ1P64;0; AA;9;5,3;2;92,9;погашение;1000;0;0;0;0;нулевой;корпоративные;929;71;0,076426265
RU000A108PZ2;Газпн3P12R;8,8; AA;9;43;1,1;99,21;погашение;1000;8,71;19,32;7,75;4;фиксированный;корпоративные;1000,81;76,47;0,076408109
RU000A10D319;Уралкуз1Р2;15,6; B;3;45,1;2,9;96,25;погашение;100;0,46;1,07;13;12;фиксированный;корпоративные;962,96;73,42;0,076244081
RU000A106D59;МБЭС 2P-01;17,5; AA;9;25,2;0,6;96,59;право продать (put);1000;13,25;26,8;10,75;4;фиксированный;корпоративные;979,15;74,45;0,076035337
RU000A106EV9;КИФА 1P1;23,7; B+;4;33,1;0,7;95,62;погашение;500;6,75;18,08;14,5;4;фиксированный;корпоративные;962,95;73,21;0,076026793
RU000A10CL64;Сегежа3P7R;19,3; B;3;55,5;1,3;94,43;погашение;100;0;1,07;13;12;фиксированный;корпоративные;944,3;71,75;0,075982209
RU000A0ZYL89;ДОМРФИА 04;0; AA;9;22,3;16,5;100,67;погашение;48,81;0;1,26;10,22;4;плавающий;корпоративные;1006,7;76,46;0,075951127
RU000A10B5U9;СберИОС697;0; AA;9;2,7;4,5;92,99;погашение;1000;0,02;0,03;0,01;4;фиксированный;корпоративные;929,92;70,62;0,075942017
RU000A108JC4;АВТОБФ БП5;14,2; BBB;7;16;1,1;101,2;право продать (put);1000;56,71;74,79;15;2;фиксированный;корпоративные;1068,71;80,87;0,075670668
RU000A107AS1;ГПБ004Р01;6,5; AA;9;16,8;1,2;92,98;погашение;1000;0,08;0,1;0,01;1;фиксированный;корпоративные;929,88;70,22;0,07551512
RU000A10B024;Систем2P01;18,4; BBB;7;56,3;0,5;103,1;право продать (put);1000;12,49;20,38;24;12;фиксированный;корпоративные;1043,49;78,79;0,075506234
RU000A105PH6;Россети1Р7;17,1; AA;9;30,1;0,7;97,47;право продать (put);1000;10,85;29,92;8,8;4;фиксированный;корпоративные;985,55;74,29;0,07537923
RU000A109NG5;ИАДОМ 1P49;0; AA;9;12,4;29,9;93;погашение;807,15;0;0;12,68;4;плавающий;корпоративные;930;70;0,075268817
RU000A104AF5;СберИОС506;0; AA;9;13,7;1,2;93,01;погашение;1000;0,08;0,1;0,01;1;фиксированный;корпоративные;930,18;69,92;0,075168247
RU000A104WZ7;ЭлАп БО-01;22,5; B;3;30,7;0,7;102,49;погашение;1000;21,23;62,33;25;4;фиксированный;корпоративные;1046,13;78,53;0,075067152
RU000A1010D3;Якут-13 об;15,6; BBB;7;24,5;1;94,97;погашение;400;6,32;6,93;6,95;4;фиксированный;субфедеральные/муниципальные;956,02;71,7;0,074998431
RU000A0JXQ44;РЖД Б01P2R;16,4; AA;9;36,4;0,5;96,74;право продать (put);1000;2,33;42,38;8,5;2;фиксированный;корпоративные;969,73;72,65;0,074917761
RU000A1082M3;Рекорд01;29; CCC;2;39;0,4;99,73;право продать (put);1000;9,59;20,55;20;12;фиксированный;корпоративные;1006,89;75,31;0,074794665
RU000A104WJ1;МТС 1P-21;16; AA;9;44,2;0,7;96,63;погашение;1000;8,99;24,06;9,65;4;фиксированный;корпоративные;975,29;72,83;0,074675225
RU000A10AV98;МТС 1P-28;16,4; AA;9;54,4;0,6;103,88;право продать (put);1000;8,34;17,88;21,75;12;фиксированный;корпоративные;1047,14;78,02;0,074507707
RU000A100MZ6;СберИОС119;0; AA;9;11,9;6,4;92,99;погашение;1000;0,99;1,31;0,02;0;фиксированный;корпоративные;930,89;69,11;0,07424078
RU000A10D2R0;СберИОС764;0; AA;9;11,7;3,1;93,13;погашение;1000;0;0,1;0,01;1;фиксированный;корпоративные;931,3;69;0,074089982
RU000A109HX2;iВУШ 1P3;27,9; BB;6;45,8;1,8;92,1;погашение;1000;10,15;0;0;12;плавающий;корпоративные;931,15;68,85;0,073940826
RU000A0JWNB0;ТбанкБ26;15,5; BBB;7;11,3;0,8;94,92;погашение;1000;18,02;38,56;7,5;2;фиксированный;корпоративные;967,22;71,34;0,07375778
RU000A109TG2;iКарРус1P4;33,5; BB;6;51,5;0,9;92,44;погашение;1000;7,12;0;0;12;плавающий;корпоративные;931,52;68,48;0,073514256
RU000A108FX8;ЕСЭГ1PC5;9,2; BB;6;36,4;1,1;99,2;погашение;1000;15,09;20,19;8,1;4;фиксированный;корпоративные;1007,09;73,67;0,073151357
RU000A101MB5;СовкомБОП2;0; A;8;25,5;0,5;100,22;право продать (put);1000;1,7;38,64;6,2;4;фиксированный;корпоративные;1003,9;73,38;0,07309493
RU000A0ZZDB0;ЕАБР 1Р-01;12,5; AA;9;6,3;0,2;91,08;право продать (put);1000;21,12;40,89;8,2;2;фиксированный;корпоративные;931,92;68,08;0,073053481
RU000A10AJY9; СбКИБ1P41;0; AA;9;2,6;2,7;93,2;погашение;1000;0;0;0;0;нулевой;корпоративные;932;68;0,072961373
RU000A103EZ7;Ростел2P6R;16,4; AA;9;37,3;0,7;94,68;погашение;1000;21,1;38,39;7,7;2;фиксированный;корпоративные;967,9;70,49;0,072827771
RU000A0ZYBM4;АльфаБО-21;15,1; AA;9;35,6;0,9;98,68;право продать (put);1000;6,44;65,43;8,35;2;фиксированный;корпоративные;993,24;72,19;0,072681326
RU000A102V69;СберИОС410;0; AA;9;12,7;0,5;93,2;погашение;1000;0,46;0,5;0,01;0;фиксированный;корпоративные;932,46;67,54;0,072432061
RU000A1030T7;МГор73-об;15; AA;9;34,7;0,5;96,5;погашение;1000;0,99;35,9;7,2;2;фиксированный;субфедеральные/муниципальные;965,99;69,91;0,07237135
RU000A10ANZ8;Магнит5P01;16,3; AA;9;55,7;0,5;102,89;погашение;1000;2,95;17,67;21,5;12;фиксированный;корпоративные;1031,85;74,17;0,071880603
RU000A10B2U6;Баррель01;29; CCC;2;38,6;0,4;100,43;право продать (put);1000;11,84;22,19;27;12;фиксированный;корпоративные;1016,14;72,62;0,07146653
RU000A1035H1;РЕСОЛизБП1;16,6; BBB;7;15,8;1,1;103,4;право продать (put);1000;81,74;97,23;8;2;фиксированный;корпоративные;1115,74;78,72;0,070554072
RU000A1066J2;ТГК-14 1Р1;22,9; BB-;5;49,7;0,5;96,63;погашение;1000;33,37;34,9;14;4;фиксированный;корпоративные;999,67;70,13;0,070153151
RU000A102YG7;Сбер Sb25R;15,6; AA;9;48,4;0,5;96,57;погашение;1000;3,47;37,15;7,45;2;фиксированный;корпоративные;969,17;67,98;0,070142493
RU000A108CA3;НоваБевБП6;16; A;8;46,4;0,5;99,99;погашение;1000;3,27;12,25;14,9;12;фиксированный;корпоративные;1003,17;70,33;0,070107758
RU000A105QZ6;АГТК БО-01;26,6; B;3;36,4;0,5;97,48;погашение;600;4,47;23,93;16;4;фиксированный;корпоративные;979,27;68,59;0,07004197
RU000A106GC4;АРЕНЗА1Р02;21,6; B+;4;33,5;0,6;96,87;погашение;500;0,89;5,34;13;12;фиксированный;корпоративные;969,59;67,79;0,06991615
RU000A10ASS2;РостелP14R;16,2; AA;9;47,2;0,6;103,64;погашение;1000;14,83;17,79;21,65;12;фиксированный;корпоративные;1051,23;73,3;0,069727843
RU000A10CL49;СберИОС752;0; AA;9;18,2;3;93,51;погашение;1000;0,01;0,1;0,01;1;фиксированный;корпоративные;935,11;65,19;0,069713724
RU000A1084B2;СэтлГрБ2P3;22,6; BB;6;55,5;0,4;98,05;право продать (put);1000;2,55;12,74;15,5;12;фиксированный;корпоративные;983,05;67,91;0,069080922
RU000A10BX87; СбКИБ1P163;0; AA;9;14,6;3,2;93,57;погашение;1000;0;0;0;0;нулевой;корпоративные;935,7;64,3;0,068718606
RU000A108462; Джой 1P2;29,9; B;3;38,2;0,1;94,9;право продать (put);1000;3,62;18,08;23;12;фиксированный;корпоративные;952,62;65,46;0,068715752
RU000A0ZYKJ1;СПбГО35002;16,1; AA;9;42,8;1,1;95,73;погашение;500;14,88;19,07;7,65;2;фиксированный;субфедеральные/муниципальные;972,18;65,96;0,067847518
RU000A103VD8;МСБЛиз2P05;22; B;3;27,7;0,9;96,5;погашение;305,5;0,31;3,08;12,25;12;фиксированный;корпоративные;965,31;65,49;0,067843491
RU000A1013N6;ПионЛизБП3;27,9; CCC;2;43,1;0,1;95,36;право продать (put);1000;0,63;18,9;22;12;плавающий;корпоративные;954,23;64,67;0,067771921
RU000A0JSQ58;ФСК РС-22;18,3; AA;9;14,8;0,7;96,17;право продать (put);1000;31,23;59,84;12;2;фиксированный;корпоративные;992,93;66,91;0,067386422
RU000A106CA7;РСХБ2Р16;15,8; AA;9;33,1;0,6;96,52;погашение;1000;12,71;21,82;8,75;4;фиксированный;корпоративные;977,91;65,73;0,067214774
RU000A106CR1;РедСофт2P4;18,1; B+;4;34,1;0,6;98,29;погашение;1000;19,56;34,9;14;4;фиксированный;корпоративные;1002,46;67,34;0,06717475
RU000A10BWV6; СбКИБ1P150;0; AA;9;14,5;3,1;93,72;погашение;1000;0;0;0;0;нулевой;корпоративные;937,2;62,8;0,067008109
RU000A10A6N3;СберИОС662;0; AA;9;12;4,2;93,8;погашение;1000;0;0,01;0,01;13;фиксированный;корпоративные;938;62,54;0,066673774
RU000A1082K7; ВЭББНКР 06;26,4; B;3;34,1;0,4;100,5;право продать (put);1000;9,59;20,55;25;12;фиксированный;корпоративные;1014,59;67,61;0,066637755
RU000A106R95;iСелкт1Р3R;17,5; BBB;7;49,6;0,8;97,4;погашение;1000;26,24;66,32;13,3;2;фиксированный;корпоративные;1000,24;66,08;0,066064145
RU000A106M41;ВТБ Б1-329;12,7; AA;9;17,7;0,7;98,18;погашение;1000;0,78;23,68;9,5;4;фиксированный;корпоративные;982,58;64,78;0,065928474
RU000A106888;ЛСР БО 1Р8;19,6; BB;6;45,7;0,6;97,2;погашение;1000;25,85;31,79;12,75;4;фиксированный;корпоративные;997,85;65,73;0,065871624
RU000A101RT6;Казахст05;16,9; n/a;;38,6;0,7;94,77;погашение;1000;25,62;37,3;7,48;2;фиксированный;государственные;973,32;63,98;0,065733777
RU000A10AT92;СберИОС678;0; AA;9;25,2;4,4;93,9;погашение;1000;0;0,01;0,01;12;фиксированный;корпоративные;939;61,52;0,065516507
RU000A1062L7;sТбанк3P1;14,5; BBB;7;30,9;0,5;98;погашение;1000;4,86;49,38;9,85;2;фиксированный;корпоративные;984,86;64,52;0,065511849
RU000A1082W2;НовТехнБ3;22,9; BB;6;39,8;0,4;98,19;право продать (put);1000;5,65;13,03;15,85;12;фиксированный;корпоративные;987,55;64,57;0,065384031
RU000A1034X1;ЛТрейд 1P3;28,8; B+;4;39,5;0,5;96,42;погашение;583,5;4,22;5,28;11;12;фиксированный;корпоративные;968,42;63,26;0,065322897
RU000A10CRC4;НорНик1P14;7,9; AA;9;67,5;3,8;96,1;погашение;100;0,18;0,53;6,4;12;фиксированный;корпоративные;961,18;62,67;0,065201107
RU000A107Y46;СберИОС611;0; AA;9;4,6;0,4;93,9;погашение;1000;0,06;0,1;0,01;1;фиксированный;корпоративные;939,06;60,94;0,064894682
RU000A1089K2;РУСАЛ 1Р7;9,2; BBB;7;31,5;0,9;99,11;погашение;1000;3,46;19,7;7,9;4;фиксированный;корпоративные;994,56;64,54;0,064893018
RU000A106938;НОВАТЭК1Р1;16,8; AA;9;48,1;0,6;96,48;погашение;1000;16,95;22,69;9,1;4;фиксированный;корпоративные;981,75;63,63;0,064812834
RU000A1087A7;ТелХолБ2-6;23,7; BB;6;46,2;0,4;97,8;право продать (put);1000;10,99;13,19;16,05;12;фиксированный;корпоративные;988,99;63,77;0,064479924
RU000A109775;ИнвОбл10;6,7; B;3;19,1;1;93,97;погашение;1000;0;0,1;0,01;1;фиксированный;корпоративные;939,7;60,4;0,064275833
RU000A106UK8; МигКр 03;24,3; B;3;30,1;0,8;100,23;погашение;400;0;7,4;22,5;12;фиксированный;корпоративные;1002,3;64,3;0,064152449
RU000A10BPB2;СберИОС726;0; AA;9;19,7;2,8;94;погашение;1000;0,03;0,1;0,01;1;фиксированный;корпоративные;940,03;60,17;0,064008595
RU000A10AKZ4; СбКИБ1P76;; AA;9;14,3;2;94;погашение;1000;0;0;0;0;нулевой;корпоративные;940;60;0,063829787
RU000A0JWGD0;БашнфтБО8;13,1; AA;9;27,6;0,5;94;погашение;1000;0,05;0,05;10,9;2;фиксированный;корпоративные;940,05;60;0,063826392
RU000A103DN5;Башкорт21;15,8; AA;9;34;0,7;95,29;погашение;400;1,59;7,63;7,65;4;фиксированный;субфедеральные/муниципальные;954,49;60,77;0,063667508
RU000A109916;РостелP10R;14,7; AA;9;20,5;0,8;103,93;погашение;1000;36,39;47,99;19,25;4;фиксированный;корпоративные;1075,69;68,28;0,063475537
RU000A0JTB96;ГлДорога 7;4; BB;6;3,7;4;113,29;погашение;625;67,41;69,12;10;1;плавающий;корпоративные;1200,31;76,17;0,063458607
RU000A108VM8;РедСофт2P5;18,2; B+;4;35;0,7;102,13;погашение;1000;15,16;51,11;20,5;4;фиксированный;корпоративные;1036,46;65,76;0,063446732
RU000A102RD8;СберИОС419;0; AA;9;24,1;0,3;94,01;погашение;1000;0,47;0,5;0,01;0;фиксированный;корпоративные;940,57;59,43;0,06318509
RU000A106JZ9;БСК 1Р-03;17,7; BB-;5;38,1;0,7;97,44;погашение;750;3,48;19,82;10,6;4;фиксированный;корпоративные;977,88;61,76;0,063157034
RU000A10CMR3;СибурХ1Р08;7,7; AA;9;65,4;4,8;96,97;погашение;100;0,42;0,55;6,65;12;фиксированный;корпоративные;970,12;61,23;0,063115903
RU000A106FT0;Башкорт23;15,1; AA;9;34,4;0,7;97,79;погашение;1000;6,66;23,31;9,35;4;фиксированный;субфедеральные/муниципальные;984,56;62,06;0,063033233
RU000A105SK4;Роделен1P4;25,6; B+;4;40,4;0,4;99,99;право продать (put);900,1;5,1;17,02;14;12;фиксированный;корпоративные;1005;63,08;0,062766169
RU000A10BXH3; СбКИБ1P172;0; AA;9;29,6;4,9;94,1;погашение;1000;0;0;0;0;нулевой;корпоративные;941;59;0,062699256
RU000A103372;Систем1P20;21,4; BBB;7;37,3;0,5;94,1;право продать (put);1000;38,64;40,89;8,2;2;фиксированный;корпоративные;979,64;61,25;0,062522968
RU000A10C0X3;ЕСЭГ1PC7;10,6; BB;6;32,5;0,7;99,06;право продать (put);1000;4,53;7,15;8,7;12;фиксированный;корпоративные;995,13;62,07;0,06237376
RU000A106045;ВТБ Б1-322;16; AA;9;22,7;0,4;94,19;погашение;1000;0,01;0,02;0,01;4;фиксированный;корпоративные;941,91;58,11;0,061693792
RU000A10AKC3; СбКИБ1P55;0; AA;9;6,2;2,9;94,2;погашение;1000;0;0;0;0;нулевой;корпоративные;942;58;0,061571125
RU000A106KT0; МигКр 02;25,8; B;3;32,2;0,7;97,2;погашение;360;2,91;4,36;14,75;12;фиксированный;корпоративные;974,91;59,97;0,06151337
RU000A1056U0;ГазКЗ-27Д;8; AA;9;43,2;0,8;96,12;право продать (put);1000;4,54;24,75;4,95;2;фиксированный;корпоративные;965,74;59,01;0,061103403
RU000A101WR0;ОГК-2 2Р01;17; AA;9;26,9;0,7;95,99;погашение;1000;30,16;50,36;5,75;2;фиксированный;корпоративные;990,06;60,3;0,0609054
RU000A109SK6;МТС 1P-27;13,9; AA;9;30,5;0,5;102,8;погашение;1000;7;48,99;19,65;4;фиксированный;корпоративные;1035;62,98;0,060850242
RU000A105FM7;О'КЕЙ Ф1Р1;17,9; BB;6;48,7;0,5;97,3;право продать (put);1000;23,95;28,67;11,5;4;фиксированный;корпоративные;996,95;60,39;0,060574753
RU000A0JWT91;Удмурт2016;14,3; n/a;;29,1;0,9;97,49;погашение;500;5,2;13,15;10,55;4;фиксированный;субфедеральные/муниципальные;980,1;59,35;0,060555045
RU000A104KY5;СберИОС529;0; AA;9;14,6;1,6;94,3;погашение;1000;0,04;0,1;0,01;1;фиксированный;корпоративные;943,04;57,06;0,060506447
RU000A107AJ0;ИКС5Фин3P3;16,5; AA;9;45,6;0,6;98,49;право продать (put);1000;19,08;32,16;12,9;4;фиксированный;корпоративные;1003,98;60,34;0,060100799
RU000A105YQ9;АЛЬЯНС 1P1;29; B;3;41,5;0,4;96,02;погашение;1000;18,31;37,02;14,85;4;фиксированный;корпоративные;978,51;58,51;0,059794994
RU000A107GX8;Систем1P27;25,1; BBB;7;40,1;2,1;92,69;погашение;1000;16,85;0;0;4;плавающий;корпоративные;943,75;56,25;0,059602649
RU000A105ZX2;БорецК1Р01;25; BB;6;57,3;0,4;95,94;погашение;1000;12,34;29,54;11,85;4;фиксированный;корпоративные;971,74;57,8;0,059480931
RU000A10BNQ5;СберИОС725;0; AA;9;13,4;1,8;94,4;погашение;1000;0,02;0,2;0,01;0;фиксированный;корпоративные;944,02;55,98;0,059299591
RU000A1082Y8;СТМ 1P4;22,5; BBB;7;50,7;0,4;97,99;право продать (put);1000;12,32;12,74;15,5;12;фиксированный;корпоративные;992,22;58,74;0,059200581
RU000A106J61;ПрактЛК1Р1;20,1; BB;6;22,4;0,7;96,74;погашение;505;2,89;13,85;11;4;фиксированный;корпоративные;970,29;57,41;0,059167878
RU000A0JSGV0;РЖД-32 обл;16,7; AA;9;32,9;0,7;95,99;право продать (put);1000;30,61;48,87;9,8;2;фиксированный;корпоративные;990,51;58,36;0,058919143
RU000A108G70;НОВАТЭК1Р2;7,6; AA;9;58,5;3,6;96,39;погашение;100;1,15;1,56;6,25;4;фиксированный;корпоративные;965,05;56,79;0,058846692
RU000A106Z46;Систем1P26;25,2; BBB;7;49,8;1,9;93,12;погашение;1000;13,24;0;0;4;плавающий;корпоративные;944,44;55,56;0,058828512
RU000A103AT8;sАтомэнп01;15,9; AA;9;40,7;0,7;95,35;погашение;1000;26,3;37,4;7,5;2;фиксированный;корпоративные;979,8;57,6;0,058787508
RU000A1093H0;СберИОС636;0; AA;9;16,3;3,8;94,5;погашение;1000;0;0,01;0,01;12;фиксированный;корпоративные;945;55,45;0,058677249
RU000A10ATT8;Россет1Р16;15,9; AA;9;44;0,5;103,2;погашение;1000;12,28;17,55;21,35;12;фиксированный;корпоративные;1044,28;61,02;0,058432604
RU000A105575; ВЭББНКР 03;25,6; B;3;29,4;0,3;96,9;погашение;1000;3,95;9,86;12;12;фиксированный;корпоративные;972,95;56,63;0,05820443
RU000A103661;Сбер Sb27R;15,9; AA;9;44,2;0,6;95,37;погашение;1000;26,76;36,9;7,4;2;фиксированный;корпоративные;980,46;56,44;0,057564817
RU000A1057B8;ЕАБР П3-03;8,6; AA;9;23,4;0,9;96;право продать (put);1000;3,29;18,7;3,75;2;фиксированный;корпоративные;963,29;55,41;0,057521619
RU000A10AKT7; СбКИБ1P70;0; AA;9;10,6;2,9;94,6;погашение;1000;0;0;0;0;нулевой;корпоративные;946;54;0,057082452
RU000A104W17;ПочтаР2P02;18,1; A;8;35,9;0,6;95,75;право продать (put);1000;36,43;50,61;10,15;2;фиксированный;корпоративные;993,93;56,68;0,057026149
RU000A105YF2;Страна 02;26,6; B+;4;41,3;0,3;97;погашение;1000;9,93;11,92;14,5;12;фиксированный;корпоративные;979,93;55,83;0,056973457
RU000A102DS6;НижгорОб15;15,4; BBB;7;33,3;0,6;95,34;погашение;400;4,55;6,08;6,1;4;фиксированный;субфедеральные/муниципальные;957,95;54,21;0,056589592
RU000A0ZYQY7;СистемБ1P7;22,1; BBB;7;45,2;0,7;98,9;право продать (put);1000;49,68;97,23;6,9;2;фиксированный;корпоративные;1038,68;58,55;0,056369623
RU000A1027B1;СберИОС349;0; AA;9;11;0,8;94,7;погашение;1000;0,43;0,5;0,01;0;фиксированный;корпоративные;947,43;52,57;0,055486949
RU000A100HY9;РЖД 1Р-16R;15,2; AA;9;44;0,7;95,84;погашение;1000;26,41;39,39;7,9;2;фиксированный;корпоративные;984,81;54,58;0,055421858
RU000A1093J6;СберИОС637;0; AA;9;17,5;3,8;94,8;погашение;1000;0,01;0,01;0,01;12;фиксированный;корпоративные;948,01;52,44;0,055315872
RU000A109908;МВ ФИН 1Р5;34,9; BB;6;54,6;0,8;93,83;погашение;1000;9,32;0;0;12;плавающий;корпоративные;947,62;52,38;0,055275321
RU000A107RZ0;СамолетP13;28,5; BBB;7;64,5;0,3;97,26;право продать (put);1000;10,1;12,12;14,75;12;фиксированный;корпоративные;982,7;53,66;0,054604661
RU000A106FV6;РСХБ2Р12;16,7; AA;9;41,6;0,7;96,24;погашение;1000;32,98;49,61;9,95;2;фиксированный;корпоративные;995,38;54,23;0,054481705
RU000A103604;ЭНИКА 1Р02;23,4; B+;4;27,7;0,6;95,43;погашение;150;3,26;4,86;13;4;фиксированный;корпоративные;957,56;52,16;0,054471782
RU000A103C95;Систем1P21;22,5; BBB;7;42,7;0,1;92,12;вероятность выкупа (call);1000;27,16;41,88;8,4;2;фиксированный;корпоративные;948,36;51,64;0,054451896
RU000A1007H0;Славнеф1Р2;20,9; A;8;21,5;0,4;96,03;право продать (put);1000;9,37;22,44;8,65;4;фиксированный;корпоративные;969,67;52,77;0,054420576
RU000A1038U8;Сбер Sb28R;12,5; AA;9;15,5;0,7;95,99;погашение;1000;23,52;36,9;7,4;2;фиксированный;корпоративные;983,42;53,48;0,054381648
RU000A106FR4;Автодор5Р1;17,6; AA;9;46,5;0,7;96;погашение;800;27,57;41,13;10,31;2;фиксированный;корпоративные;987,57;53,56;0,05423413
RU000A1059N9;ЛУКОЙЛ 26;7,8; AA;9;40,1;1;97,08;погашение;1000;22,96;23,75;4,75;2;фиксированный;корпоративные;993,76;53,74;0,054077443
RU000A107RH8;РУСАЛ 1Р6;9,7; BBB;7;36,9;0,8;98,4;погашение;1000;15,98;17,95;7,2;4;фиксированный;корпоративные;999,98;53,87;0,053871077
RU000A102564; РЖД 1Б-03;11,4; AA;9;13,8;0,4;93,51;вероятность выкупа (call);1000;13,81;81,08;18,92;2;плавающий;корпоративные;948,91;51,09;0,053840723
RU000A1038D4;ТрансмхПБ6;16,6; BBB;7;35;0,6;95,58;погашение;1000;31,32;40,14;8,05;2;фиксированный;корпоративные;987,12;53,02;0,053711808
RU000A0ZYMM1;ВертолетБ4;4,7; B;3;8,7;2,1;108,45;погашение;1000;31,1;43,88;8,8;2;фиксированный;корпоративные;1115,6;59,92;0,053711008
RU000A102BF7;Продкорп01;22,9; B;3;26,7;0,4;94,73;погашение;250;1,85;11,15;8,99;2;фиксированный;корпоративные;949,15;50,85;0,053574251
RU000A107C67;НорНикЗ26Д;6,9; AA;9;41,4;1;96,2;погашение;1000;13,92;14;2,8;2;фиксированный;корпоративные;975,92;52,08;0,05336503
RU000A108GC0;ИАДОМ 1P44;0; AA;9;18,3;29,2;94,94;погашение;868,58;0;0;18,39;12;плавающий;корпоративные;949,4;50,6;0,053296819
RU000A10B2M3; БДеньг-2P8;24,4; B;3;37,9;0,4;102,65;право продать (put);1000;13,51;23,84;29;12;фиксированный;корпоративные;1040,01;55,35;0,053220642
RU000A10BY03;ГазКап3P15;9,2; AA;9;42,6;0,7;98,75;погашение;1000;5,1;5,67;6,9;12;фиксированный;корпоративные;992,6;52,76;0,053153335
RU000A108132;ГЛОРАКС1Р2;20,7; BB-;5;46,6;0,4;99,41;погашение;1000;9,45;14,18;17,25;12;фиксированный;корпоративные;1003,55;53,17;0,052981914
RU000A106HF5;ЭЛРЕШ 1Р1;212; B+;4;49,9;0;94,3;право продать (put);1000;6,74;30,67;12,3;4;фиксированный;корпоративные;949,74;50,26;0,052919746
RU000A108C41;ИнвОбл06;24,4; B;3;10,3;3,4;95,01;погашение;1000;0,06;0,1;0,01;1;изменяемый;корпоративные;950,16;50,14;0,05277006
RU000A0JTW83;ДОМ.РФ25об;21,1; AA;9;2,6;0,7;99,09;право продать (put);500;3;23;7,75;4;фиксированный;корпоративные;993,9;52,1;0,052419761
RU000A105TS5;ЕвроТранс2;23,4; BB;6;52,9;0,3;98,16;погашение;1000;0;11,01;13,4;12;фиксированный;корпоративные;981,6;51,43;0,052394051
RU000A10AXK9;ФосАгро2П2;7,9; AA;9;44,6;0,8;102,1;погашение;1000;2,85;8,55;10,4;12;фиксированный;корпоративные;1023,85;53,1;0,051863066
RU000A100VG7;СУЭК-Ф1P3R;16,3; BBB;7;19,1;0,4;94,86;право продать (put);1000;2,19;10,47;7,5;2;фиксированный;корпоративные;950,79;49,21;0,05175696
RU000A1071U9;ЭлемЛиз1P6;19,5; BB;6;35,7;0,9;98,89;погашение;335,2;2,7;4,27;15,5;12;фиксированный;корпоративные;991,6;51,1;0,051532876
RU000A103XU8;ВТБ Б1-256;17,5; AA;9;22;0,3;95,13;досрочное погашение;1000;0,02;0,05;0,01;2;фиксированный;корпоративные;951,32;48,68;0,051171004
RU000A0NNE93;ВТБ Б1-187;11,4; AA;9;17,5;0,5;95,14;погашение;1000;0;0,05;0,01;2;фиксированный;корпоративные;951,4;48,65;0,051135169
RU000A109SP5;ЭталонФин2;26,5; BB;6;53,2;1,9;94,26;погашение;1000;8,77;0;0;12;плавающий;корпоративные;951,37;48,63;0,051115759
RU000A106C92;Автодор4Р4;18,2; AA;9;41,5;0,6;95,96;право продать (put);1000;40,4;50,71;10,17;2;фиксированный;корпоративные;1000;50,71;0,05071
RU000A1020L5;СамарОбл15;16,8; A;8;30,9;0,8;96,33;погашение;400;5,21;5,78;5,8;4;фиксированный;субфедеральные/муниципальные;968,51;48,83;0,050417652
RU000A106JP0; СберСIB546;0; AA;9;20,5;2,8;95,2;погашение;1000;0,02;0,3;0,01;0;фиксированный;корпоративные;952,02;47,98;0,050398101
RU000A0JX1S1;РЖД-41 обл;15,8; AA;9;39,4;1,1;108,6;право продать (put);1000;94,03;119,67;9,4;2;фиксированный;корпоративные;1180,03;59,31;0,050261434
RU000A0ZZ9P8;СамарОбл14;16,1; A;8;34,2;0,6;95,6;погашение;150;1,59;2,79;7,45;4;фиксированный;субфедеральные/муниципальные;957,59;47,99;0,050115394
RU000A106DP3;РЕСОЛиБП22;17,8; BBB;7;33,5;0,6;96,4;право продать (put);1000;40,32;54,35;10,9;2;фиксированный;корпоративные;1004,32;50,03;0,0498148
RU000A0JXS59;ПочтаРБ1P3;18,9; A;8;30,8;0,6;95,68;право продать (put);1000;42,64;49,12;8,45;2;фиксированный;корпоративные;999,44;49,68;0,049707836
RU000A103FY7;ВЭБ1P-30В;9,3; AA;9;23,9;0,7;96;погашение;1000;8,7;16,85;3,38;2;фиксированный;корпоративные;968,7;48,15;0,049705791
RU000A0JX2M2;РСЭКСМБ1Р1;5,3; AA;9;17,4;1,1;100;погашение;1000;28,71;39,89;3,25;2;фиксированный;корпоративные;1028,71;51,07;0,049644701
RU000A0JWK74;ОДК 01;18,6; BB;6;37,8;0,6;96;погашение;1000;43,88;53,6;10,75;2;фиксированный;корпоративные;1003,88;49,72;0,049527832
RU000A108WH6;СберИОС632;0; AA;9;5,8;1,8;95,3;погашение;1000;0,02;0,1;0,01;1;фиксированный;корпоративные;953,02;47,08;0,049400852
RU000A104SU6;МТС 1P-20;16,6; AA;9;44,8;0,5;98,11;погашение;1000;27,68;29,29;11,75;4;фиксированный;корпоративные;1008,78;49,8;0,049366562
RU000A107ST1;АРЕНЗА1Р04;24,9; B+;4;38,2;0,3;98;право продать (put);1000;13,11;14,01;16,5;12;фиксированный;корпоративные;993,11;48,92;0,049259397
RU000A0JXTY7;ЧТПЗ 1P4;17,3; BBB;7;22,3;0,6;96,38;право продать (put);1000;39,32;51,86;10,4;2;фиксированный;корпоративные;1003,12;48,74;0,048588404
RU000A1021G3;РВК-Ин1Р01;20,1; B;3;29,1;0,8;101;право продать (put);1000;42,64;103,47;7,15;2;плавающий;корпоративные;1052,64;50,83;0,048288114
RU000A104XJ9; МГКЛ 1P1;0; B;3;34;0,7;105,93;право продать (put);1000;18,52;64,82;25;4;плавающий;корпоративные;1077,82;51,82;0,048078529
RU000A10CCJ1;СлавЭКО1Р4;14,2; B+;4;45,5;2,9;99;погашение;100;0,46;1,1;13;12;фиксированный;корпоративные;990,46;46,94;0,047392121
RU000A106D18;МСБЛиз3P01;24,2; B;3;33,6;0,6;97,65;погашение;333,28;3,2;3,7;13,5;12;фиксированный;корпоративные;979,7;46,2;0,047157293
RU000A10CTH9;ПолипП2Б11;13,7; BB;6;49,2;1,9;97,51;погашение;100;0,03;0,94;11,45;12;фиксированный;корпоративные;975,13;45,55;0,04671172
RU000A108GN7;Систем1P30;25,8; BBB;7;55,1;2,8;92,01;погашение;1000;35,57;0;0;4;плавающий;корпоративные;955,67;44,33;0,046386305
RU000A1063Y8;АквилонЛP2;20,1; B+;4;29,6;0,5;98,69;погашение;500;3,38;18,08;14,5;4;фиксированный;корпоративные;990,28;45,88;0,046330331
RU000A106151;ХайТэк 1P1;24,9; B;3;42,6;0,4;97,88;погашение;1000;12,74;37,4;15;4;фиксированный;корпоративные;991,54;45,86;0,046251286
RU000A108LG1;СберИОС625;0; AA;9;13,5;1,7;95,6;погашение;1000;0,03;0,1;0,01;1;фиксированный;корпоративные;956,03;44,07;0,04609688
RU000A106CU5;ТрансмхПБ7;17,1; BBB;7;42;0,6;96,49;досрочное погашение;1000;39,68;50,86;10,2;2;фиксированный;корпоративные;1004,58;46,28;0,046069004
RU000A1065B1;АБЗ-1 1Р04;21,8; BB-;5;47,1;0,5;97,8;погашение;340;0,64;11,66;13,75;4;фиксированный;корпоративные;978,64;44,68;0,045655195
RU000A100Q50;Самолет1P5;19,4; BBB;7;24,1;0,5;100,44;право продать (put);1000;42,68;47,37;7,5;4;фиксированный;корпоративные;1047,08;47,66;0,045517057
RU000A105179;СберИОС533;0; AA;9;10,4;1,9;95,7;погашение;1000;0,01;0,1;0,01;1;фиксированный;корпоративные;957,01;43,09;0,045025653
RU000A108P46;БалтЛизП11;25,4; BBB;7;53,1;1,6;95,24;погашение;1000;4,76;0;0;12;плавающий;корпоративные;957,16;42,84;0,044757407
RU000A102VD0;СберИОС426;0; AA;9;21,6;2,5;95,7;погашение;1000;0,46;0,7;0,01;0;фиксированный;корпоративные;957,46;42,54;0,044430055
RU000A0ZYWZ2;Совком 2В3;9,1; A;8;12,6;3,3;98;погашение;100;1,22;4,11;8,25;2;фиксированный;корпоративные;981,22;43,44;0,044271417
RU000A101590;ДОМ 1P-7R;9,8; AA;9;9,3;0,6;97,01;право продать (put);1000;59,18;74,79;8,45;2;фиксированный;корпоративные;1029,28;45,51;0,044215374
RU000A10ASA0;СберИОС677;0; AA;9;21,2;2,4;95,81;погашение;1000;0,06;0,1;0,01;1;фиксированный;корпоративные;958,16;42,04;0,043875762
RU000A109BU1; СберСIB878;0; AA;9;2,7;0,9;95,8;погашение;1000;0;0;0;0;нулевой;корпоративные;958;42;0,043841336
RU000A105G99;РКСЭталон1;20,7; B;3;42,6;1,5;98,26;вероятность выкупа (call);157,78;1,14;1,47;11;12;фиксированный;корпоративные;983,74;42,72;0,043426109
RU000A0ZZQH9;СвердлОбл5;16,2; A;8;31,1;1;96,57;погашение;100;0,98;2,16;8,68;4;фиксированный;субфедеральные/муниципальные;966,68;41,96;0,043406298
RU000A10BHY1;СГ Рус1P1;12,7; CCC;2;12,5;0,5;104;погашение;1000;15,12;16,8;0;12;плавающий;корпоративные;1055,12;45,68;0,043293654
RU000A109HL7; СбКИБ1P27;0; AA;9;1,1;2,6;95,9;погашение;1000;0;0;0;0;нулевой;корпоративные;959;41;0,042752868
RU000A104693;Систем1P23;21,4; BBB;7;37,9;0,3;96,7;право продать (put);1000;15,81;24,81;9,95;4;фиксированный;корпоративные;982,81;42;0,042734608
RU000A10CC08;СберИОС750;0; AA;9;28,7;2,9;95,95;погашение;1000;0,02;0,1;0,01;1;фиксированный;корпоративные;959,52;40,68;0,042396198
RU000A106GD2;РусГидБП11;16,5; AA;9;40,9;0,4;97,53;погашение;1000;6,77;23,68;9,5;4;фиксированный;корпоративные;982,07;41,61;0,042369689
RU000A104FG2;Сегежа2P3R;30,6; B;3;34,5;0,2;95,86;право продать (put);1000;1,08;24,56;10,9;4;фиксированный;корпоративные;959,68;40,32;0,042014005
RU000A106AK0;СОБИЛИЗ1Р2;24,8; B;3;35,3;0,6;97,63;погашение;220;0,86;2,59;14,3;12;фиксированный;корпоративные;977,16;40,97;0,041927627
RU000A10D806;ЕврХол3P05;9,3; AA;9;44,3;3;98,33;погашение;100;0,05;0,68;8,25;12;фиксированный;корпоративные;983,35;41,13;0,04182641
RU000A1089J4;iСелкт1Р4R;16,6; BBB;7;52,9;0,4;99,82;погашение;1000;9,04;12,33;15;12;фиксированный;корпоративные;1007,24;42,08;0,041777531
RU000A1069P3;Сбер Sb44R;16,3; AA;9;59,9;0,6;96,6;погашение;1000;38,68;46,62;9,35;2;фиксированный;корпоративные;1004,68;41,94;0,041744635
RU000A10AYP6;СберИОС684;0; AA;9;7,9;0,4;96;погашение;1000;0,06;0,1;0,01;0;фиксированный;корпоративные;960,06;39,94;0,041601567
RU000A109MG7;ИАДОМ 1P50;0; AA;9;17,8;29,6;96,05;погашение;916,49;0;0;6,52;12;плавающий;корпоративные;960,5;39,5;0,041124414
RU000A1098F3;Систем1P31;25,6; BBB;7;48,5;3;92,06;погашение;1000;39,99;0;0;4;плавающий;корпоративные;960,59;39,41;0,041026869
RU000A0JWTN2;Ростел1P1R;16; AA;9;34,9;0,9;102,93;погашение;1000;23,73;95,99;7,3;2;фиксированный;корпоративные;1053,03;42,96;0,040796559
RU000A105SP3;Сегежа3P2R;22,7; B;3;39,3;0,5;102,42;право продать (put);1000;61,26;64,82;10,6;4;фиксированный;корпоративные;1085,46;44,18;0,040701638
RU000A107076;Роделен2P1;32,3; B+;4;46,1;0,2;97,46;право продать (put);1000;11,65;12,95;15,75;12;фиксированный;корпоративные;986,25;39,65;0,040202788
RU000A108L81;Полюс Б1P4;7; AA;9;52,3;3,5;98,15;погашение;100;0,49;0,51;6,2;12;фиксированный;корпоративные;981,99;39,43;0,040153158
RU000A106YR5;sИАДОМ1P37;0; AA;9;20,5;7,9;96,16;погашение;794,28;0;0;3,84;12;плавающий;корпоративные;961,6;38,4;0,039933444
RU000A1071Z8; АйДиКоле05;21,1; B+;4;22,7;0,4;101,9;право продать (put);1000;10,6;17,67;21,5;12;фиксированный;корпоративные;1029,6;41,08;0,03989899
RU000A105VU7;ЭталонФин1;26,2; BB;6;51,1;0,3;96,94;право продать (put);1000;25,15;34,16;13,7;4;фиксированный;корпоративные;994,55;39,61;0,039827057
RU000A102SV8;Систем1P18;17,5; BBB;7;30,5;0,6;103;право продать (put);1000;37,37;54,85;6,9;4;фиксированный;корпоративные;1067,37;42,33;0,039658225
RU000A10AKB5; СбКИБ1P54;0; AA;9;7,3;0,6;96,2;погашение;1000;0;0;0;0;нулевой;корпоративные;962;38;0,03950104
RU000A109551;БалтЛизП12;25,7; BBB;7;57,7;1,8;95,04;погашение;1000;11,63;0;0;12;плавающий;корпоративные;962,03;37,97;0,039468624
RU000A0JR4U9;ГлДорога 3;6,1; BB;6;4,3;3;106,88;погашение;500;53,32;55,3;6,6;1;плавающий;корпоративные;1122,12;43,78;0,039015435
RU000A1060Y4;ВИС Ф БП03;19,3; BBB;7;45;0,4;97,93;погашение;1000;14,14;32,16;12,9;4;фиксированный;корпоративные;993,44;38,72;0,03897568
RU000A102TR4;РитйлБФ1P2;19,4; BB;6;45,8;0,4;97,37;погашение;1000;14,75;25,8;10,35;4;фиксированный;корпоративные;988,45;37,35;0,037786433
RU000A102R73;БМБанкП07;13,4; AA;9;26,1;0,3;96,4;погашение;1000;0,02;0,05;0,01;2;фиксированный;корпоративные;964,02;35,98;0,037322877
RU000A10BL73;СберИОС701;6,5; AA;9;7,6;0,6;96,4;погашение;1000;0,04;0,1;0,01;0;фиксированный;корпоративные;964,04;35,96;0,037301357
RU000A10B1N3;МТС 2P-07;16,9; AA;9;49,8;0,4;101,98;право продать (put);1000;11,64;17,47;21,25;12;фиксированный;корпоративные;1031,44;38,44;0,037268285
RU000A1071S3;МЕТАЛИН1P5;8; AA;9;24,9;0,5;99;погашение;1000;1,89;28,67;5,75;2;фиксированный;корпоративные;991,89;36,78;0,037080725
RU000A105YB1;Медси 1P02;17,9; BBB;7;40,4;0,4;97,65;право продать (put);1000;12,76;25,8;10,35;4;фиксированный;корпоративные;989,26;36,54;0,0369367
RU000A107PW1; БДеньг-2P5;28,8; B;3;40,4;0,2;100,59;право продать (put);1000;3,07;23,01;28;12;фиксированный;корпоративные;1008,97;37,05;0,036720616
RU000A105X64;СэтлГрБ2P2;20,5; BB;6;46,7;0,4;97,67;погашение;1000;17,38;30,42;12,2;4;фиксированный;корпоративные;994,08;36,34;0,036556414
RU000A105RQ3;ВТБ Б1-321;15,9; AA;9;25,9;0;96,48;вероятность выкупа (call);1000;0;0,02;0,01;4;фиксированный;корпоративные;964,8;35,2;0,036484245
RU000A105104;РУСАЛ БО05;10,4; BBB;7;27;0,8;98,4;право продать (put);1000;19,29;39,89;8,5;2;фиксированный;корпоративные;1003,29;36,6;0,036479981
RU000A10AVC0;СберИОС680;0; AA;9;5,9;0,4;96,5;погашение;1000;0;0,01;0,01;12;фиксированный;корпоративные;965;35,04;0,036310881
RU000A0JWDN6;РУСАЛБрБ01;8,2; B;3;26,7;0,5;96,51;погашение;1000;0,01;0,05;0,01;2;фиксированный;корпоративные;965,11;34,94;0,036203127
RU000A101XD8;iMT_FREE01;21,3; BB;6;36,3;0,7;100,97;погашение;1000;62,08;109,7;9,5;2;фиксированный;корпоративные;1071,78;37,92;0,035380395
RU000A10C931;СберИОС747;0; AA;9;19,3;0,8;96,59;погашение;1000;0,02;0,1;0,01;0;фиксированный;корпоративные;965,92;34,08;0,035282425
RU000A1068T7;sСОПФДОМ5;16,2; AA;9;26,8;0,6;96,99;погашение;1000;43,36;48,65;9,65;2;фиксированный;корпоративные;1013,26;35,39;0,03492687
RU000A107SM6;Систем1P28;25,3; BBB;7;40,5;2,3;92,82;погашение;1000;38,21;0;0;4;плавающий;корпоративные;966,41;33,59;0,034757505
RU000A103KJ8;Европлн1Р3;17,4; A;8;35,6;0,8;102,34;право продать (put);1000;39,45;99,73;8,55;2;фиксированный;корпоративные;1062,85;36,88;0,034699158
RU000A107UA7;ГПБ005P03P;16; AA;9;34,4;0,3;97,96;право продать (put);1000;20,27;34,16;13,7;4;фиксированный;корпоративные;999,87;34,29;0,034294458
RU000A108DP9; АрлифтБО01;26,4; B;3;20,2;0,5;102,13;право продать (put);750;48,61;53,29;21,5;4;фиксированный;корпоративные;1069,91;36,67;0,034273911
RU000A108PR9;НЛМКЗО26-Е;8,2; AA;9;34,4;0,6;96,11;погашение;1000;5,8;14,5;1,45;1;фиксированный;корпоративные;966,9;33,1;0,034233116
RU000A102SX4;Систем1P19;17,3; BBB;7;33,5;0,6;104,21;право продать (put);1000;40,77;59,84;7,35;4;фиксированный;корпоративные;1082,87;36,81;0,033993
RU000A0JWVL2;ЕвропланБ7;14,6; A;8;34,5;0,9;105;погашение;1000;14,32;100,22;8,5;2;фиксированный;корпоративные;1064,32;35,9;0,033730457
RU000A108JH3;Акрон Б1P4;11,1; A;8;39,1;0,6;99,11;погашение;1000;13,8;19,32;7,75;4;фиксированный;корпоративные;1004,9;33,74;0,03357548
RU000A0ZYLK7;ВЦЗ 1P1R;20,5; B;3;13;0,1;96,7;право продать (put);1000;0,8;1,87;12,5;4;фиксированный;корпоративные;967,8;32,2;0,033271337
RU000A10AYQ4;СберИОС685;0; AA;9;20,2;2,5;96,8;погашение;1000;0,06;0,1;0,01;1;фиксированный;корпоративные;968,06;32,14;0,033200421
RU000A10CL31;СберИОС754;0; AA;9;11,9;0,9;96,8;погашение;1000;0,01;0,1;0,01;0;фиксированный;корпоративные;968,01;31,99;0,033047179
RU000A105MD2;СберИОС547;0; AA;9;7,1;0,2;96,8;погашение;1000;0,08;0,1;0,01;1;фиксированный;корпоративные;968,08;31,92;0,032972482
RU000A108777;БалтЛизП10;26; BBB;7;53,2;1,4;96,23;погашение;1000;5,82;0;0;12;плавающий;корпоративные;968,12;31,88;0,032929802
RU000A102T63;ЛСР БО 1Р6;18,5; BB;6;40,8;0,3;97,06;погашение;400;5,35;7,98;8;4;фиксированный;корпоративные;975,95;32,03;0,032819304
RU000A108GL1;Систем1P29;25,1; BBB;7;44;2,6;93,29;погашение;1000;35,37;0;0;4;плавающий;корпоративные;968,27;31,73;0,032769785
RU000A0ZZ5H3;ПочтаРБ1P4;17,6; A;8;25,6;0,5;96,72;право продать (put);1000;49,09;49,36;7,7;2;фиксированный;корпоративные;1016,29;33,07;0,032539925
RU000A0NR896; СберСIB552;0; AA;9;16,6;3;96,85;погашение;1000;0,01;0,3;0,01;0;фиксированный;корпоративные;968,51;31,49;0,032513861
RU000A102GN0;СберИОС391;0; AA;9;19,3;0,2;96,81;погашение;1000;0,48;0,5;0,01;0;фиксированный;корпоративные;968,58;31,42;0,032439241
RU000A100CN3;Якут-12 об;16,3; BBB;7;40,3;0,6;97,58;погашение;300;5,22;6,42;8,59;4;фиксированный;субфедеральные/муниципальные;981,02;31,82;0,032435628
RU000A107PE9; Самокат01;23,5; B;3;31,8;0,2;99,72;погашение;1000;3,29;16,44;20;12;фиксированный;корпоративные;1000,49;32,39;0,032374137
RU000A103M36;ТрансФ1P07;28,3; BB;6;33,2;0,3;98,35;право продать (put);1000;34,82;51,11;23,5;4;плавающий;корпоративные;1018,32;32,79;0,032200094
RU000A105P64;Феррони02;0; B;3;37,7;0,1;97,01;погашение;200;1,36;2,71;16,5;12;фиксированный;корпоративные;971,46;31,25;0,032168077
RU000A10B784;РУСАЛ 1Р12;10,6; BBB;7;41,1;0,4;100,3;погашение;1000;0,6;8,96;10,9;12;фиксированный;корпоративные;1003,6;32,24;0,032124352
RU000A10BSQ4;СовкомБИ04;5,2; A;8;16,8;0,6;96,89;погашение;1000;0,04;0,1;0,01;0;фиксированный;корпоративные;968,94;31,06;0,032055648
RU000A109C99; СберСIB893;0; AA;9;2,7;0,9;96,9;погашение;1000;0;0;0;0;нулевой;корпоративные;969;31;0,031991744
RU000A1085D5;Ростел2P14;16,8; AA;9;45;0,4;99,4;погашение;1000;9,86;35,9;14,4;4;фиксированный;корпоративные;1003,86;32,04;0,031916801
RU000A106A78;СЛ 002P-01;21,4; BB-;5;53,8;0,3;97,74;погашение;1000;22,08;30,92;12,4;4;фиксированный;корпоративные;999,48;31,44;0,031456357
RU000A0JWGS8;ТбанкБ20;6,7; BBB;7;14;0,6;97;погашение;1000;4,41;5,04;1;2;фиксированный;корпоративные;974,41;30,63;0,031434406
RU000A103133;Новотр 1Р2;16,1; A;8;42,4;0,5;98;погашение;250;0,63;5,7;9,15;4;фиксированный;корпоративные;980,63;30,77;0,031377788
RU000A0JWBP5;ПКТ 03;16,5; A;8;24;0,4;96,31;погашение;1000;6,95;32,41;12,5;2;фиксированный;корпоративные;970,05;29,95;0,030874697
RU000A10AP21;ИКС5Фин3P8;16,3; AA;9;52,8;0,3;102,05;право продать (put);1000;1,18;17,67;21,5;12;фиксированный;корпоративные;1021,68;31,33;0,030665179
RU000A102GL4;СберИОС389;0; AA;9;17,1;0,2;97;погашение;1000;0,48;0,5;0,01;0;фиксированный;корпоративные;970,48;29,52;0,030417938
RU000A10AA93;ОФЗ 29027;0; AAA;10;62,1;10,9;94,97;погашение;1000;21,06;0;21,64;4;плавающий;государственные;970,76;29,24;0,03012073
RU000A10BZS5;СберИОС718;0; AA;9;9,1;0,7;97,1;погашение;1000;0,03;0,1;0,01;0;фиксированный;корпоративные;971,03;28,97;0,0298343
RU000A102UZ5;КировЗд1Р2;18,6; B+;4;32,5;0,4;98,77;погашение;1000;17,26;34,9;9,5;4;фиксированный;корпоративные;1004,96;29,94;0,029792231
RU000A109L98;ИАДОМ 1P45;0; AA;9;12,8;0,1;97,96;право продать (put);912,67;5,17;14,1;21,8;12;фиксированный;корпоративные;984,77;29,33;0,029783604
RU000A10AYN1;ВЭБ2Р-К601;15,8; AA;9;39,9;0,3;101,99;погашение;1000;2,33;17,47;21,25;12;фиксированный;корпоративные;1022,23;30,18;0,029523688
RU000A105EW9;Сегежа3P1R;145,9; B;3;37,8;0;96,23;право продать (put);1000;9,1;10,35;4,15;4;фиксированный;корпоративные;971,4;28,6;0,029442042
RU000A10AZY5;АПРИ 2Р9;28,1; B+;4;55;0,3;102,53;право продать (put);1000;22,79;26,3;32;12;фиксированный;корпоративные;1048,09;30,81;0,02939633
RU000A10AQE6;ИАДОМ 1P52;0; AA;9;14,5;30,1;97,15;погашение;943,22;0;0;21,4;4;плавающий;корпоративные;971,5;28,5;0,029336078
RU000A107U81;УралСт1Р03;15,8; BBB;7;37,1;0,3;97,6;погашение;1000;12,75;17,58;7,05;4;фиксированный;корпоративные;988,75;28,83;0,029158028
RU000A10AYY8;МЕТАЛИНP11;12,3; AA;9;32,9;0,3;99,5;погашение;1000;0,82;8,22;10;12;фиксированный;корпоративные;995,82;28,84;0,028961057
RU000A1022E6;ПР-Лиз 2P1;20,3; BB-;5;34,8;0,3;100,89;право продать (put);1000;15,67;18,08;12;12;фиксированный;корпоративные;1024,57;29,67;0,02895849
RU000A104K11;ТрансМ БО1;25,3; CCC;2;29,7;0,3;99,99;погашение;740;12,45;13,84;16;12;фиксированный;корпоративные;1012,35;29,17;0,028814145
RU000A10BPW8;СберИОС728;0; AA;9;19,3;0,7;97,2;погашение;1000;0,03;0,1;0,01;0;фиксированный;корпоративные;972,03;27,97;0,028774832
RU000A107Q38;ИнвОбл04;93,8; B;3;20,7;0;97,25;погашение;1000;0,1;0,1;0,01;1;фиксированный;корпоративные;972,6;27,4;0,02817191
RU000A101780;РСЭКСМБ2Р1;16,3; AA;9;10;0,6;98,96;право продать (put);1000;50,94;69,71;6,9;2;фиксированный;корпоративные;1040,54;29,17;0,028033521
RU000A1093G2;ИАДОМ 1P46;0; AA;9;15,5;30,4;97,28;погашение;740,88;0;0;13,7;4;плавающий;корпоративные;972,8;27,2;0,027960526
RU000A1077U6;Ульоб34006;17,6; B+;4;42,1;0,6;98,95;погашение;400;11,6;14,46;14,5;4;фиксированный;субфедеральные/муниципальные;1001,1;27,82;0,027789432
RU000A0ZZ5J9;ПочтаРБ1P5;16,5; A;8;31,4;0,5;97,19;право продать (put);1000;49,09;49,36;9,9;2;фиксированный;корпоративные;1020,99;28,37;0,027786756
RU000A107EL8;НЛМКЗО26-Д;8,9; AA;9;38,6;0,6;97,7;погашение;1000;19,06;23,5;4,7;2;фиксированный;корпоративные;996,06;27,44;0,027548541
RU000A10BQV8;ИнвКЦ 1Р1;12,6; BB;6;50,7;2,6;100,3;погашение;100;0,76;0,99;12;12;фиксированный;корпоративные;1003,76;26,93;0,026829122
RU000A0JW5E3;ПКТ 02;9,6; A;8;24,2;0,3;97,4;погашение;1000;0,02;0,05;0,01;2;фиксированный;корпоративные;974,02;25,98;0,026672964
RU000A106946;СовкмЛ П06;13,4; BBB;7;30,3;0,6;99,06;погашение;550;10,4;13,71;10;4;фиксированный;корпоративные;1001;26,42;0,026393606
RU000A10A7D2;ОФЗ 29026;0; AAA;10;50,3;12,9;95;погашение;1000;24,54;0;19,64;4;плавающий;государственные;974,54;25,46;0,026125146
RU000A105427;БЭЛТИ БОП5;22,5; B;3;29,5;0,4;98,19;погашение;200;1,61;2,3;14;12;фиксированный;корпоративные;983,51;25,69;0,026120731
RU000A1053P7;Сегежа2P5R;29,1; B;3;45,8;0,3;95,33;право продать (put);1000;21,5;53,6;10,75;2;фиксированный;корпоративные;974,8;25,2;0,025851457
RU000A10BR02; НПакБО-01;10,4; CCC;2;21,7;0,6;115,01;право продать (put);1000;21,1;28,77;35;12;фиксированный;корпоративные;1171,2;30,19;0,025776981
RU000A106Z61;ОФЗ 29025;0; AAA;10;57,3;11,8;94,69;погашение;1000;28,11;0;21,11;4;плавающий;государственные;975,01;24,99;0,025630506
RU000A1008W7;СеверстБ06;17,1; AA;9;36,7;0,4;96,89;право продать (put);1000;6,16;43,13;8,65;2;фиксированный;корпоративные;975,06;24,94;0,025577913
RU000A101WD0;ЯрОбл35018;13,4; BB;6;28;0;97,1;вероятность выкупа (call);400;4,14;5,98;6;4;фиксированный;субфедеральные/муниципальные;975,14;24,86;0,025493775
RU000A107X96;ВЭБP-40;20,3; AA;9;43,4;6,4;96,6;погашение;1000;9,36;0;0;4;плавающий;корпоративные;975,36;24,64;0,025262467
RU000A10C626;Роделен2P4;27,1; B+;4;44,2;2,7;97,3;погашение;1000;2,41;0;0;12;плавающий;корпоративные;975,41;24,59;0,025209912
RU000A102VY6;АТОМ БП01;17,5; BB;6;23,6;0,4;96,66;погашение;1000;9,08;42,38;8,5;2;фиксированный;корпоративные;975,68;24,32;0,024926205
RU000A10CH11;ПолиплП2Б9;11,8; BB;6;49;2,3;99,99;погашение;100;0,18;0,92;11,25;12;фиксированный;корпоративные;1000,08;24,76;0,024758019
RU000A0JWHW8;Новсиб 8об;12,3; BB;6;29,6;0,6;97,99;погашение;100;0,11;2,02;10,45;4;фиксированный;субфедеральные/муниципальные;980,01;24,03;0,024520158
RU000A10AU99;МЕТАЛН1P10;16,1; AA;9;46,5;0,3;101,69;погашение;1000;10,5;17,51;21,3;12;фиксированный;корпоративные;1027,4;25,13;0,024459801
RU000A108991;Сегежа3P4R;25,8; B;3;32,6;1,4;96,65;погашение;1000;9,71;0;0;4;плавающий;корпоративные;976,21;23,79;0,024369757
RU000A105Y14;КЛВЗ 1Р01;21,9; B;3;32;0,4;98,41;погашение;500;8,69;16,83;13,5;4;фиксированный;корпоративные;992,79;24,04;0,024214587
RU000A102BS0;СберИОС376;0; AA;9;14,2;0,1;97,61;погашение;1000;0,49;0,5;0,01;0;фиксированный;корпоративные;976,59;23,41;0,023971165
RU000A10BS68;УралСт1Р04;13,4; BBB;7;50,1;2,1;100,17;погашение;100;0,59;1,05;12,75;12;фиксированный;корпоративные;1002,29;23,96;0,023905257
RU000A1008J4;Систем1P10;19,9; BBB;7;43,2;0,4;96,36;право продать (put);1000;13,15;79,78;9,9;2;фиксированный;корпоративные;976,75;23,25;0,02380343
RU000A106ZQ4;ФеррумБП1;34,7; B;3;32,7;0,1;99,48;право продать (put);1000;1,32;19,73;26,5;12;фиксированный;корпоративные;996,12;23,61;0,023701964
RU000A10AVB2;СберИОС681;0; AA;9;5,9;0,4;97,7;погашение;1000;0;0,01;0,01;12;фиксированный;корпоративные;977;23,04;0,023582395
RU000A107BR1;БорецК1Р02;28,3; BB;6;45,6;0,1;99,25;погашение;1000;0;15,59;0;12;фиксированный;корпоративные;992,5;23,09;0,023264484
RU000A0JWRV9;МТС БО-02;17,7; AA;9;25,5;0,3;96,63;право продать (put);1000;11,13;31,16;6,25;2;фиксированный;корпоративные;977,43;22,57;0,023091168
RU000A10D4P0;ЮГК 1P5;9,7; A;8;44,9;2;99,49;погашение;100;0,15;0,74;9;12;фиксированный;корпоративные;995,05;22,71;0,022822974
RU000A105UU9;Ростел2P10;16,7; AA;9;43,2;0,3;98,15;погашение;1000;18,65;22,94;9,2;4;фиксированный;корпоративные;1000,15;22,79;0,022786582
RU000A10BWR4; СбКИБ1P146;0; AA;9;24,3;3,1;97,79;погашение;1000;0;0;0;0;нулевой;корпоративные;977,9;22,1;0,022599448
RU000A0NNE69;ВТБ Б1-184;5,5; AA;9;15,2;0,4;97,79;погашение;1000;0,01;0,05;0,01;2;фиксированный;корпоративные;977,91;22,09;0,022588991
RU000A102C88;СберИОС358;0; AA;9;19,7;0,1;97,8;погашение;1000;0,49;0,5;0,01;0;фиксированный;корпоративные;978,49;21,51;0,021982851
RU000A102C96;СберИОС363;0; AA;9;12,9;0,1;97,8;погашение;1000;0,49;0,5;0,01;0;фиксированный;корпоративные;978,49;21,51;0,021982851
RU000A106144;БалтЛизБП7;17,1; BBB;7;38;0,4;97,58;досрочное погашение;340;3,18;18,65;11;2;фиксированный;корпоративные;978,98;21,02;0,021471327
RU000A105WH2;ГазКЗ-26Е;11,8; AA;9;49,6;0,4;96,4;погашение;1000;15;25;2,5;1;фиксированный;корпоративные;979;21;0,02145046
RU000A105TR7;АРЕНЗА1Р01;20,6; B+;4;32,2;0,3;98,96;погашение;300;0;3,58;14,5;12;фиксированный;корпоративные;989,6;21,14;0,021362167
RU000A105TP1;Магнит4P03;16,8; AA;9;38,7;0,3;98,15;право продать (put);1000;20,16;22,94;9,2;4;фиксированный;корпоративные;1001,66;21,28;0,021244734
RU000A102A49;ОФЗ 29019;0; AAA;10;57,6;3,7;97,76;погашение;1000;1,8;0;7,21;4;плавающий;государственные;979,4;20,6;0,021033286
RU000A107AQ5;ГТЛК ЗО26Д;14,8; BBB;7;45,1;0,3;97,01;погашение;1000;9,35;24,75;4,95;2;фиксированный;корпоративные;979,45;20,55;0,020981163
RU000A108LP2;ФосА1П1USD;6,4; AA;9;46,1;3,6;100;погашение;100;0,89;1,56;6,25;4;фиксированный;корпоративные;1000,89;20,95;0,020931371
RU000A102D61;СберИОС382;0; AA;9;14,7;0,1;97,91;погашение;1000;0,49;0,5;0,01;0;фиксированный;корпоративные;979,59;20,41;0,020835247
RU000A0JV4R9;ДОМ.РФ31об;7,9; AA;9;19,8;0,3;97,96;право продать (put);1000;0,02;0,05;11,77;2;фиксированный;корпоративные;979,62;20,38;0,020803985
RU000A0JRTL6;ОФЗ 46023;11; AAA;10;46,2;0,7;98,21;погашение;100;2,1;4,07;8,16;2;фиксированный;государственные;984,2;19,87;0,020188986
RU000A100EV2;iУОМЗ Б-П1;22,9; BB;6;15,3;0,1;98;право продать (put);1000;0,41;0,5;1;2;фиксированный;корпоративные;980,41;19,59;0,019981436
RU000A106TN4;ВымпелК2Р1;18,2; A;8;10,5;0,2;97,99;погашение;1000;0,51;23,24;9,32;4;фиксированный;корпоративные;980,41;19,59;0,019981436
RU000A102BR2;СберИОС375;0; AA;9;10,5;0,1;98;погашение;1000;0,49;0,5;0,01;0;фиксированный;корпоративные;980,49;19,51;0,019898214
RU000A108TU5;Джи-гр 2Р4;25; BB;6;44,9;1,1;97,62;погашение;1000;4,4;0;20,44;12;плавающий;корпоративные;980,6;19,4;0,019783806
RU000A1080Z9;СлавЭКО1Р3;13,3; B+;4;34,6;0,4;99,4;погашение;1000;13,56;27,42;11;4;фиксированный;корпоративные;1007,56;19,86;0,019710985
RU000A102LD1;ЧеркизБ1P4;13,7; A;8;31;0,1;98,07;погашение;1000;0,1;0,25;6,4;4;фиксированный;корпоративные;980,8;19,2;0,019575856
RU000A10BX95; СбКИБ1P164;0; AA;9;22,9;3,3;98,08;погашение;1000;0;0;0;0;нулевой;корпоративные;980,8;19,2;0,019575856
RU000A105N25; БДеньг-Ю01;11,2; B;3;27,4;0,6;98,5;погашение;100;0,44;0,66;8;12;фиксированный;корпоративные;985,44;19,18;0,019463387
RU000A1063Z5;ФосА1П1CHY;4,4; AA;9;25,9;0,5;99,95;погашение;1000;1,96;10,47;4,2;4;плавающий;корпоративные;1001,46;19,48;0,019451601
RU000A10CM89;КИФА БО-01;15,2; B+;4;47,9;1,8;100,46;погашение;100;0,95;1,19;14,5;12;фиксированный;корпоративные;1005,55;19,44;0,019332703
RU000A0JWVT5;РЕСОЛизБ05;10,4; BBB;7;22,6;0,9;105,07;погашение;1000;8,77;79,78;12,6;2;фиксированный;корпоративные;1059,47;20,31;0,019169962
RU000A1057S2;Роснфт2P12;5,9; AA;9;30,7;0,9;100,59;право продать (put);1000;7,12;32,41;9;2;фиксированный;корпоративные;1013,02;19,39;0,019140787
RU000A1027K2;ВТБ Б1-141;20,4; AA;9;7,2;0,1;98,14;погашение;1000;0,04;0,05;0,01;2;фиксированный;корпоративные;981,44;18,56;0,018910988
RU000A103K20; Маныч02;23,2; B;3;28,8;0,3;98,46;погашение;500;12;14,96;12;4;фиксированный;корпоративные;996,6;18,36;0,018422637
RU000A10A6X2;СберИОС664;0; AA;9;24,1;2,3;98,21;погашение;1000;0,08;0,1;0,01;1;фиксированный;корпоративные;982,18;18,02;0,018346943
RU000A109981;Джи-гр 2Р5;24,1; BB;6;40,1;1,9;97,36;погашение;1000;8,77;0;0;12;плавающий;корпоративные;982,37;17,63;0,017946395
RU000A102TA0; Росагрл1Р2;17,4; BBB;7;34,8;0,3;96,95;погашение;1000;12,99;39,39;7,9;2;фиксированный;корпоративные;982,49;17,51;0,017822064
RU000A102D53;СберИОС380;0; AA;9;11,6;0,2;98,2;погашение;1000;0,49;0,5;0,01;0;фиксированный;корпоративные;982,49;17,51;0,017822064
RU000A10C5J1;ТАЛАНФБ1P4;25,9; B;3;38;2,7;97,9;погашение;1000;3,62;0;0;12;плавающий;корпоративные;982,62;17,38;0,017687407
RU000A1061A2;iПМЕДДМ2Р1;18,9; BB;6;36,3;0,4;97,28;погашение;1000;9,9;60,08;12,05;2;фиксированный;корпоративные;982,7;17,3;0,017604559
RU000A10BXD2; СбКИБ1P168;0; AA;9;31,3;3,2;98,28;погашение;1000;0;0;0;0;нулевой;корпоративные;982,8;17,2;0,017501018
RU000A106JT2; СберСIB550;0; AA;9;18,9;2,9;98,3;погашение;1000;0,02;0,3;0,01;0;фиксированный;корпоративные;983,02;16,98;0,017273301
RU000A102RN7;РенКредБО6;19; B+;4;35;0,3;96,75;погашение;1000;15,63;41,08;8,15;2;фиксированный;корпоративные;983,13;16,87;0,01715948
RU000A105Y30;ИнтЛиз1Р05;18,1; BB;6;22,4;0,4;98,81;погашение;340;5,25;10,17;12;4;фиксированный;корпоративные;993,35;16,82;0,016932602
RU000A104JF6; ПушкПЗБО1;26,3; B;3;32,7;0,3;98,44;погашение;200;5,83;6,98;14;4;фиксированный;корпоративные;990,23;16,75;0,016915262
RU000A102X26;СберИОС432;0; AA;9;13,5;0,5;98,3;погашение;1000;0,45;0,5;0,01;0;фиксированный;корпоративные;983,45;16,55;0,016828512
RU000A1029S1;СберИОС360;0; AA;9;9,4;0,1;98,3;погашение;1000;0,49;0,5;0,01;0;фиксированный;корпоративные;983,49;16,51;0,016787156
RU000A10BV06;ИнвОбл14;24,5; B;3;31,2;0,1;98,35;погашение;1000;0,02;0,02;0,01;0;фиксированный;корпоративные;983,52;16,48;0,016756141
RU000A108NS2;ГТЛК 2P-05;6,2; BBB;7;30,2;0,6;101,34;погашение;1000;10,62;20,57;8,25;4;фиксированный;корпоративные;1024,02;17,12;0,016718423
RU000A0ZZBV2;ЕвропланБ8;16,7; A;8;28,2;0,7;101,09;право продать (put);1000;61,15;89,75;9,35;2;фиксированный;корпоративные;1072,05;17,7;0,016510424
RU000A0JX2F6;ТбанкБ11;7,2; BBB;7;18,2;1,1;106,99;погашение;1000;47,34;67,68;9,8;2;фиксированный;корпоративные;1117,24;18,12;0,016218539
RU000A101KT1;ОФЗ 29013;0; AAA;10;54,9;4,9;96,95;погашение;1000;14,67;0;6,1;4;плавающий;государственные;984,17;15,83;0,01608462
RU000A1005L6;Система1P9;23,1; BBB;7;46,4;0,3;96,58;право продать (put);1000;18,58;56,35;11,3;2;фиксированный;корпоративные;984,38;15,62;0,015867856
RU000A1060Q0;СКФ 1Р1CNY;10; AA;9;35,5;0,4;98;погашение;1000;4,48;24,68;4,95;2;фиксированный;корпоративные;984,48;15,52;0,015764668
RU000A1031Y5;ВЭБ1P-28;11,5; AA;9;23,6;0,5;98,48;погашение;1000;39,09;39,74;7,97;2;фиксированный;корпоративные;1023,89;15,85;0,015480179
RU000A108U72;ПКБ 1Р-05;23,5; BB;6;42,1;2,6;98,21;погашение;1000;2,74;0;19;12;плавающий;корпоративные;984,84;15,16;0,015393363
RU000A105112;РУСАЛ БО06;7,4; BBB;7;23,6;0,8;100,5;право продать (put);1000;19,29;39,89;8;2;фиксированный;корпоративные;1024,29;15,6;0,015230062
RU000A107910;Ростел2P13;15,7; AA;9;32,9;0,3;99,38;погашение;1000;22,88;32,04;12,85;4;фиксированный;корпоративные;1016,68;15,36;0,015107999
RU000A10C8A4;ПолиплП2Б8;14,9; BB;6;55,7;1,2;100;погашение;100;1,03;1,15;13,95;12;фиксированный;корпоративные;1001,03;15,07;0,015054494
RU000A102A72;СберИОС366;0; AA;9;5,7;0,1;98,5;погашение;1000;0,49;0,5;0,01;0;фиксированный;корпоративные;985,49;14,51;0,01472364
RU000A10ANH6;ЕврХол3P02;15,7; AA;9;42,8;0,2;101,75;право продать (put);1000;4,28;18,33;22,3;12;фиксированный;корпоративные;1021,78;14,88;0,014562822
RU000A10BJ02;АЛРОСА1Р3;9,4; AA;9;52,8;0,5;98,9;погашение;100;0;0,55;6,7;12;фиксированный;корпоративные;989;14,3;0,01445905
RU000A10AV23;РЕСОЛиБП16;11,9; BBB;7;28,1;0,3;102,92;право продать (put);1000;8,84;17,67;21,5;12;фиксированный;корпоративные;1038,04;14,97;0,01442141
RU000A105PP9;ЕвроТранс1;22,4; BB;6;52,5;0,1;99,17;погашение;1000;5,18;11,1;13,5;12;фиксированный;корпоративные;996,88;14,22;0,014264505
RU000A10AC83;ПСБ 3P-10;16,5; AA;9;50,5;0,2;101,45;погашение;1000;8,01;18,49;22,5;12;фиксированный;корпоративные;1022,51;14,47;0,014151451
RU000A105W57;СберИОС556;0; AA;9;12,6;0,4;98,6;погашение;1000;0,06;0,1;0,01;1;фиксированный;корпоративные;986,06;13,94;0,014137071
RU000A10AN80;СберИОС670;0; AA;9;25,6;4,3;98,7;погашение;1000;0;0,01;0,01;12;фиксированный;корпоративные;987;13,51;0,013687943
RU000A0JX2R1;ДОМ.РФ Б-5;16,5; AA;9;27,3;0,4;100,94;право продать (put);1000;21,94;45,38;9,35;4;фиксированный;корпоративные;1031,34;14,04;0,013613357
RU000A1029R3;СберИОС357;0; AA;9;19,7;0,1;98,61;погашение;1000;0,49;0,5;0,01;0;фиксированный;корпоративные;986,59;13,41;0,013592272
RU000A10BXG5; СбКИБ1P171;0; AA;9;19,4;3,3;98,66;погашение;1000;0;0;0;0;нулевой;корпоративные;986,6;13,4;0,013581999
RU000A101EF3;МЕТАЛИНБ04;17,4; AA;9;37,4;0,3;97,22;право продать (put);1000;14,54;32,66;6,55;2;фиксированный;корпоративные;986,74;13,26;0,01343819
RU000A0JWC82;РЖД БО-07;12,8; AA;9;30;0,4;98;погашение;1000;6,79;38,64;7,75;2;фиксированный;корпоративные;986,79;13,21;0,01338684
RU000A105WC3;ВымпелК1Р1;16,9; A;8;36,1;0,2;98,51;досрочное погашение;1000;1,79;23,24;9,32;4;фиксированный;корпоративные;986,89;13,11;0,013284155
RU000A10C2M2;СберИОС745;0; AA;9;19,6;0,5;98,7;погашение;1000;0,02;0,07;0,01;0;фиксированный;корпоративные;987,02;12,98;0,013150696
RU000A10A9Z1;Магнит4P05;15,6; AA;9;57,3;0,3;103;право продать (put);1000;13,23;18,9;23;12;фиксированный;корпоративные;1043,23;13,47;0,012911822
RU000A1025A7;ОФЗ 29015;0; AAA;10;61;3;98,56;погашение;1000;1,8;0;7,9;4;плавающий;государственные;987,4;12,6;0,012760786
RU000A102ZZ4;СберИОС433;0; AA;9;15,1;0,5;98,7;погашение;1000;0,45;0,5;0,01;0;фиксированный;корпоративные;987,45;12,55;0,012709504
RU000A102A80;СберИОС367;0; AA;9;18,8;0,1;98,7;погашение;1000;0,49;0,5;0,01;0;фиксированный;корпоративные;987,49;12,51;0,012668483
RU000A1080N5;ЭлемЛиз1P7;19,2; BB;6;31,9;0,3;99,56;погашение;280;2,66;3,62;15,75;12;фиксированный;корпоративные;998,26;12,6;0,012621962
RU000A107R03;МКБ ЗО26-1;18,6; BBB;7;37;0,2;96,4;погашение;1000;23,61;31;3,1;1;фиксированный;корпоративные;987,61;12,39;0,012545438
RU000A1090N4;Аэрфью2Р03;23,3; BB;6;41,7;1,7;98,55;погашение;1000;2,8;0;0;4;плавающий;корпоративные;988,3;11,7;0,011838511
RU000A107KR2; МигКр 04;25,7; B;3;33,2;0,2;100,64;право продать (put);600;8,28;13,07;26,5;12;фиксированный;корпоративные;1014,68;11,46;0,011294201
RU000A10B4K3;НорНикБ1P8;10,7; AA;9;61,1;0,4;99,14;право продать (put);100;0,2;0,66;8;12;фиксированный;корпоративные;991,6;11,04;0,011133522
BYM000001917;РесБел 334;12,4; n/a;;39,7;0,3;97,9;погашение;1000;10,14;29,62;5,88;2;фиксированный;государственные;989,14;10,86;0,010979234
RU000A105L01;РСХБ2Р1;13; AA;9;38,7;0,1;99,67;погашение;1000;0;7,56;8,9;12;фиксированный;корпоративные;996,7;10,86;0,010895957
RU000A104VW6; ВЭББНКР 02;27,1; B;3;33;0,1;98,98;погашение;1000;9,21;9,86;14;12;фиксированный;корпоративные;999,01;10,85;0,010860752
RU000A10BLG0;Интерск2P1;15,9; B;3;33,9;2,5;103,02;погашение;100;0,61;1,4;17;12;фиксированный;корпоративные;1030,81;11,19;0,010855541
RU000A1098U2; АЙГЕНИС-01;25,9; B+;4;32,2;0,3;100,05;погашение;1000;48;59,84;24;4;фиксированный;корпоративные;1048,5;11,34;0,010815451
RU000A10C3F4;Сплит ПВ-1;18,8; n/a;;60,7;0,1;99,03;право продать (put);1000;12,66;13,56;16,5;12;фиксированный;корпоративные;1002,96;10,6;0,010568717
RU000A105SX7;АБЗ-1 1Р03;23,8; BB-;5;42;0,3;99;погашение;340;11,55;12,08;14,25;4;фиксированный;корпоративные;1001,55;10,53;0,010513704
RU000A10AK67; СбКИБ1P49;0; AA;9;7;2,8;98,97;погашение;1000;0;0;0;0;нулевой;корпоративные;989,7;10,3;0,010407194
RU000A10CQZ7;СберИОС757;0; AA;9;18,8;3;99,01;погашение;1000;0,01;0,1;0,01;1;фиксированный;корпоративные;990,11;10,19;0,010291786
RU000A1027F2;ВТБ Б1-137;0; AA;9;9,1;0,1;99,02;погашение;1000;0,04;0,05;0,01;2;фиксированный;корпоративные;990,24;9,76;0,009856196
RU000A104XW2;СибурХ1Р01;15,9; AA;9;41,8;0,2;98,47;погашение;1000;5,77;27,32;9,15;3;фиксированный;корпоративные;990,47;9,53;0,009621695
RU000A102LR1;ТомскАдм 8;13,3; BB-;5;37,7;0,2;98,89;погашение;150;1,6;3,3;6,7;3;фиксированный;субфедеральные/муниципальные;990,5;9,5;0,009591116
RU000A10BWZ7; СбКИБ1P154;0; AA;9;11;3,2;99,06;погашение;1000;0;0;0;0;нулевой;корпоративные;990,6;9,4;0,009489198
RU000A102K96;ВЭБ1P-23В;18,4; AA;9;32,6;0,1;97,91;погашение;1000;11,58;16,21;3,25;2;фиксированный;корпоративные;990,68;9,32;0,00940768
RU000A105P07;СолЛизБО07;23,1; B;3;34,4;0,1;99,33;погашение;550;3,93;6,55;14,5;12;фиксированный;корпоративные;997,23;9,32;0,009345888
RU000A0ZYU05;РЖД 1Р-05R;16,4; AA;9;34,8;0,3;97,6;право продать (put);1000;15;36,4;7,3;2;фиксированный;корпоративные;991;9;0,009081736
RU000A1084S6;РЖДЗО261ФР;10,6; AA;9;28,2;0,4;96,5;погашение;5000;26,13;42;0,84;1;фиксированный;корпоративные;991,13;8,87;0,008949381
RU000A109312;МТС 2P-06;20,2; AA;9;41,7;2,7;98,98;погашение;1000;1,5;0;0;4;плавающий;корпоративные;991,3;8,7;0,008776354
RU000A1026M0;СберИОС341;0; AA;9;18,6;0;99,1;погашение;1000;0,5;0,5;0,01;0;фиксированный;корпоративные;991,5;8,5;0,008572869
RU000A107209;СибСтекП04;13,6; B;3;43,1;0,4;107,2;право продать (put);1000;14,3;23,84;29;12;фиксированный;корпоративные;1086,3;9,06;0,008340238
RU000A105L19;ОФЗ 29023;0; AAA;10;45,9;8,8;96,71;погашение;1000;24,71;0;15,71;4;плавающий;государственные;991,81;8,19;0,00825763
RU000A105JN7;ГлобалФ1P1;33,6; C;1;44,4;0,1;99,3;погашение;80;0,44;1,32;20;12;фиксированный;корпоративные;993,44;7,88;0,007932034
RU000A107GU4; БДеньг-2P4;28; B;3;45,1;0,1;100,9;право продать (put);1000;8,49;25,48;31;12;фиксированный;корпоративные;1017,49;7,99;0,007852657
RU000A107XA1;ВЭБP-41;19,6; AA;9;48,2;2,7;99,1;погашение;1000;1,47;0;0;4;плавающий;корпоративные;992,47;7,53;0,007587131
RU000A102DF3;СберИОС378;0; AA;9;8,1;0,2;99,2;погашение;1000;0,48;0,5;0,01;0;фиксированный;корпоративные;992,48;7,52;0,007576979
RU000A105RG4;ГазКЗ-26Д;11,2; AA;9;54,9;0,3;98,18;погашение;1000;10,73;25,75;5,15;2;фиксированный;корпоративные;992,53;7,47;0,007526221
RU000A10A3R1;РостелP13R;13,7; AA;9;49,5;0,1;100,45;погашение;1000;6,93;18,9;23;12;фиксированный;корпоративные;1011,43;7,47;0,007385583
RU000A10CH29;ВТБ Б1-378;14,6; AA;9;35,5;0,3;100,26;досрочное погашение;1000;26,67;36,77;14,75;4;фиксированный;корпоративные;1029,27;7,5;0,007286718
RU000A1064L3;ЕАБР П3-07;19,8; AA;9;33,4;2,5;99,17;погашение;1000;1,52;0;0;2;плавающий;корпоративные;993,22;6,78;0,006826282
RU000A107MM9;КАМАЗ БП11;17,7; A;8;49,9;0,2;99,26;погашение;1000;1,59;36,15;14,5;4;фиксированный;корпоративные;994,19;5,81;0,005843953
RU000A105UZ8; Саммит 1P1;21,1; B;3;31,8;0,3;100,03;погашение;168;2,06;2,69;19,5;12;фиксированный;корпоративные;1002,36;5,71;0,005696556
RU000A1028D5;ОФЗ 29017;0; AAA;10;47,1;6,8;97;погашение;1000;24,71;0;16,38;4;плавающий;государственные;994,71;5,29;0,005318133
RU000A108025; СберСIB791;0; AA;9;12,4;2,3;99,49;погашение;1000;0,08;0,31;0,01;0;фиксированный;корпоративные;994,98;5,02;0,005045328
RU000A1098T4;Сульфур1P1;213,8; CCC;2;47;0,1;94,5;право продать (put);1000;50;62,33;25;4;фиксированный;корпоративные;995;5;0,005025126
RU000A102RF3;СовкомБ07;15,8; A;8;26,1;0,3;100;погашение;1000;32,47;37,4;16,5;4;фиксированный;корпоративные;1032,47;4,93;0,004774957
XS0114288789;RUS-30;7,8; AAA;10;33,2;4,4;99,53;погашение;0,05;0;0;7,5;2;фиксированный;государственные;995,3;4,7;0,004722194
RU000A102KT9;Краснод 20;10,5; BBB;7;33;0,2;99,4;погашение;200;1,4;3,52;6,7;4;фиксированный;субфедеральные/муниципальные;995,4;4,6;0,004621258
RU000A107BP5;Сегежа3P3R;27,9; B;3;38,2;0,8;96,54;погашение;1000;30,22;0;20,22;4;плавающий;корпоративные;995,62;4,38;0,004399269
RU000A107D74;ЭТС 1Р05;21; BB-;5;36,5;0,1;99,73;погашение;538;5,51;7,19;16,25;12;фиксированный;корпоративные;1002,81;4,38;0,004367727
RU000A104735;Пионер 1P6;19,7; BB;6;40,7;0,1;99,15;погашение;250;4,18;7,32;11,75;4;фиксированный;корпоративные;995,68;4,32;0,004338743
RU000A10BWP8;СберИОС734;0; AA;9;24,1;2,8;99,6;погашение;1000;0,02;0,1;0,01;1;фиксированный;корпоративные;996,02;4,18;0,004196703
RU000A10BQU0;НорНик1P10;8,3; AA;9;30;0,6;100;право продать (put);100;0,5;0,66;8;12;фиксированный;корпоративные;1000,5;4,12;0,004117941
RU000A1047S3;ПКБ 1Р-03;17,3; BB;6;29,1;0,1;99,43;погашение;100;1,71;3,05;12,25;4;фиксированный;корпоративные;996,01;3,99;0,004005984
RU000A1057Q6;ВТБ Б1-315;18,3; AA;9;29,1;0;99,6;погашение;1000;0,02;0,02;0,01;4;фиксированный;корпоративные;996,02;3,98;0,003995904
RU000A10AG48;АПРИ 2Р8;23,9; B+;4;54,6;0,1;101,92;право продать (put);1000;4,66;27,95;34;12;фиксированный;корпоративные;1023,86;4,09;0,003994687
RU000A100DZ5;СовкомБОП1;16,9; A;8;27,8;0,3;100,89;право продать (put);1000;33,9;46,75;9;4;фиксированный;корпоративные;1042,8;3,95;0,003787879
KG000A3LSC78;Кыргыз. 01;18,1; n/a;;16,1;0,2;99,5;погашение;100;1,33;3,88;15,5;4;фиксированный;государственные;996,33;3,67;0,003683519
KG000A3LSJ06;Кыргыз. 02;16,9; n/a;;45,1;0,2;99,54;погашение;100;1,21;3,63;14,5;4;фиксированный;государственные;996,61;3,39;0,003401531
RU000A1001T8;ММЦБ П01-1;28,1; B+;4;20,8;0,1;98,24;право продать (put);1000;14,25;32,41;11,75;4;фиксированный;корпоративные;996,65;3,35;0,00336126
RU000A10A794;Автом01CNY;19,7; B;3;36,6;2,6;104,59;погашение;100;3,05;5,24;21;4;фиксированный;корпоративные;1048,95;3,45;0,003289003
RU000A10AMC9; СбКИБ1P122;0; AA;9;32;3;99,68;погашение;1000;0;0;0;0;нулевой;корпоративные;996,8;3,2;0,003210273
RU000A1076U8;РУСАЛ 1Р5;7; BBB;7;34,4;0,5;99,91;погашение;1000;31,21;33,41;6,7;2;фиксированный;корпоративные;1030,31;3,1;0,003008803
RU000A10ALR9; СбКИБ1P101;0; AA;9;16,7;2,7;99,71;погашение;1000;0;0;0;0;нулевой;корпоративные;997,1;2,9;0,002908434
RU000A10B008;ЮГК 1P4;10,3; A;8;55,2;1,3;100,95;погашение;100;0,76;0,87;10,6;12;фиксированный;корпоративные;1010,26;2,79;0,002761665
RU000A102GC3;БЭЛТИ БОП3;16,2; B;3;27,7;0,1;99,8;погашение;100;0,36;0,99;12;12;фиксированный;корпоративные;998,36;2,63;0,00263432
RU000A102A31;ОФЗ 29018;0; AAA;10;44,7;6,1;97,28;погашение;1000;24,71;0;8,43;4;плавающий;государственные;997,51;2,49;0,002496216
RU000A10A554;АПРИ 2Р6;0; B+;4;26,4;0,6;99,49;право продать (put);1000;2,74;0;25;12;плавающий;корпоративные;997,64;2,36;0,002365583
RU000A10BU07;ПолиплП2Б6;12,2; BB;6;42,8;2,1;102,42;погашение;100;0,28;1,06;12,95;12;фиксированный;корпоративные;1024,48;2,02;0,001971732
RU000A10AA02;МОНОП 1P02;25,6; B+;4;43,8;0,1;100,5;погашение;1000;16,11;23,01;28;12;фиксированный;корпоративные;1021,11;1,9;0,00186072
RU000A105NL3;НорНикБ1P6;6,2; AA;9;30,9;0,1;99,5;неизвестное событие;1000;3,23;7,73;3,75;4;фиксированный;корпоративные;998,23;1,77;0,001773138
RU000A101LX1;ФСК РС1Р5;0,3; AA;9;17,4;0,5;99,83;право продать (put);1000;0;0,02;6,5;4;фиксированный;корпоративные;998,3;1,74;0,001742963
RU000A10B4J5;ПолиплП2Б3;13,2; BB;6;51,6;1,4;101,6;погашение;100;0,34;1,13;13,7;12;фиксированный;корпоративные;1016,34;1,74;0,001712026
RU000A10C725;МЕТИН2P01;20,4; AA;9;48,8;2,7;99,83;погашение;1000;0;0;0;12;плавающий;корпоративные;998,3;1,7;0,001702895
RU000A10B3Z3;ЕврХол3P03;9; AA;9;53,9;1,4;101,05;погашение;100;0,31;0,78;9,5;12;фиксированный;корпоративные;1010,81;1,67;0,00165214
RU000A102FT9;Систем1P17;19,9; BBB;7;38,8;0,6;102,09;право продать (put);1000;92;114,68;6,75;2;фиксированный;корпоративные;1112,9;1,78;0,001599425
RU000A1097R0;СберИОС642;0; AA;9;19,4;3,9;99,9;погашение;1000;0;0,01;0,01;12;фиксированный;корпоративные;999;1,46;0,001461461
RU000A1099E4;МОЭ 1Р01;20,6; AA;9;45,9;1,8;99,27;право продать (put);1000;6,05;0;0;12;плавающий;корпоративные;998,75;1,25;0,001251564
RU000A10C8L1;ВТБ Б1-377;16,6; AA;9;34,3;0,3;100,09;досрочное погашение;1000;37,7;39,89;16;4;фиксированный;корпоративные;1038,6;1,29;0,001242057
RU000A1031Z2;ВЭБ1P-29;8,2; AA;9;21,9;0,5;99,99;погашение;1000;38,65;39,74;7,97;2;фиксированный;корпоративные;1038,55;1,19;0,001145828
RU000A1099V8;СовкмЛ П07;21,5; BBB;7;49,3;1,8;99,42;погашение;1000;4,68;0;20;12;плавающий;корпоративные;998,88;1,12;0,001121256
RU000A1094F2;ЧеркизБ1P7;20,2; A;8;51,8;1,7;99,74;погашение;1000;1,51;0;0;12;плавающий;корпоративные;998,91;1,09;0,001091189
RU000A10CTB2;Агроэко1Р1;22; B;3;40,7;2,9;98,19;погашение;1000;17,1;0;0;4;плавающий;корпоративные;999;1;0,001001001
RU000A10CSX8;ИКС5Фи3P14;19,8; AA;9;46,9;2,9;99,81;право продать (put);1000;0,99;0;0;12;плавающий;корпоративные;999,09;0,91;0,000910829
RU000A102CX8;Ульоб34003;16,8; B+;4;39,6;0,1;99,53;погашение;300;3,8;4,67;6,25;4;фиксированный;субфедеральные/муниципальные;999,1;0,9;0,000900811
RU000A108JV4;ГазпКап3P2;20,1; AA;9;57,4;2,5;99,62;погашение;1000;3;0;0;12;плавающий;корпоративные;999,2;0,8;0,000800641
RU000A105U00;ГазпромКP8;16,6; AA;9;45,1;0,3;97,93;погашение;1000;19,91;45,87;9,2;2;фиксированный;корпоративные;999,21;0,79;0,000790625
RU000A10AY61;ВТБ Б1-371;16,4; AA;9;35,6;0,3;101,29;погашение;1000;35,8;49,36;19,8;4;фиксированный;корпоративные;1048,7;0,66;0,000629351
RU000A109TW9;НорНик Б10;19,9; AA;9;52,5;2,9;99,5;право продать (put);1000;4,46;0;0;12;плавающий;корпоративные;999,46;0,54;0,000540292
RU000A10B4F3;АгроUSD1P1;15,5; n/a;;37,2;0,4;99,99;право продать (put);10;0,04;0,12;15;12;фиксированный;корпоративные;999,94;0,54;0,000540032
RU000A10CR50;ГТЛК 2P-10;21,5; BBB;7;58,8;2,9;99,38;погашение;1000;5,83;0;0;12;плавающий;корпоративные;999,63;0,37;0,000370137
RU000A10BYA6;АЛЬФАБ1Р26;0; AA;9;6,9;2,9;100;погашение;1000;0,02;0,1;0,01;1;фиксированный;корпоративные;1000,02;0,18;0,000179996
RU000A103XS2;ВТБ Б1-254;0; AA;9;12,6;2,7;100,01;досрочное погашение;1000;0,03;0,05;0,01;2;фиксированный;корпоративные;1000,13;0,12;0,000119984
RU000A107SY1;ИАДОМ 1P43;0; AA;9;13,2;8,1;99,99;погашение;805,25;0;0;19,07;4;плавающий;корпоративные;999,9;0,1;0,00010001
RU000A0NR5X4; СберСIB531;0; AA;9;2,7;1,9;99,99;погашение;1000;0,12;0,3;0,01;0;фиксированный;корпоративные;1000,02;-0,02;-2,00E-05
RU000A0NR5U0; СберСIB528;0; AA;9;2,7;1,5;99,99;погашение;1000;0,16;0,3;0,01;0;фиксированный;корпоративные;1000,06;-0,06;-6,00E-05
RU000A105V82;Автодор3Р3;17,2; AA;9;44,7;0,3;97,95;погашение;1000;20,6;51,36;10,3;2;фиксированный;корпоративные;1000,1;-0,1;-1,00E-04
RU000A10CS75;Аэрофл2Б02;20,4; A;8;53,1;4,8;99,66;погашение;1000;3,57;0;0;12;плавающий;корпоративные;1000,17;-0,17;-0,000169971
RU000A10AMA3; СбКИБ1P120;0; AA;9;21;3;100,04;погашение;1000;0;0;0;0;нулевой;корпоративные;1000,4;-0,4;-0,00039984
RU000A107456;МТС-Банк03;20,2; BB;6;45,2;1;99,84;погашение;1000;2,04;0;15,37;4;плавающий;корпоративные;1000,44;-0,44;-0,000439806
RU000A10CUL9;ВЭБ2Р-К658;16,3; AA;9;1,5;0;100;досрочное погашение;1000;0,45;6,26;16,33;0;фиксированный;корпоративные;1000,45;-0,45;-0,000449798
RU000A10CTR8;СберИОС760;0; AA;9;17,9;3;100,11;погашение;1000;0;0,1;0,01;1;фиксированный;корпоративные;1001,1;-0,8;-0,000799121
RU000A0JT6B2;ВЭБ.РФ 19;16,9; AA;9;34,2;0,4;99,15;право продать (put);1000;9,34;70,86;14,21;2;фиксированный;корпоративные;1000,84;-0,84;-0,000839295
RU000A108G05;ЕврХол3P01;20,6; AA;9;53,6;1;99,45;погашение;1000;6,52;0;0;12;плавающий;корпоративные;1001,02;-1,02;-0,001018961
RU000A109DT9; Росагрл2Р3;20,9; BBB;7;34,4;1,9;99,35;погашение;1000;7,68;0;0;12;плавающий;корпоративные;1001,18;-1,18;-0,001178609
RU000A1087J8;ГазКап2P14;20,1; AA;9;43,3;3,4;98,89;погашение;1000;12,31;0;0;12;плавающий;корпоративные;1001,21;-1,21;-0,001208538
RU000A109B33;Газпн3P13R;20; AA;9;60,7;2,3;99,93;погашение;1000;2,01;0;0;12;плавающий;корпоративные;1001,31;-1,31;-0,001308286
RU000A1051E5;Ростел2P9R;16,3; AA;9;46,2;0,3;98,05;погашение;1000;20,86;43,63;8,75;2;фиксированный;корпоративные;1001,36;-1,36;-0,001358153
RU000A105V90;ЕАБР3P-006;16,6; AA;9;34,6;0,3;98,11;погашение;1000;20,42;51,61;10,35;2;фиксированный;корпоративные;1001,52;-1,52;-0,001517693
RU000A106375;ГазпромК07;19,5; AA;9;48,3;2,4;99,28;погашение;1000;8,81;0;0;4;плавающий;корпоративные;1001,61;-1,61;-0,001607412
RU000A102DR8;ОмскОб20;10,4; BB;6;30,6;0,1;99,69;погашение;400;4,81;6,86;6,45;3;фиксированный;субфедеральные/муниципальные;1001,71;-1,71;-0,001707081
RU000A109VM6;КАМАЗ БП13;20,6; A;8;46,1;1;99,87;погашение;1000;3,08;0;0;12;плавающий;корпоративные;1001,78;-1,78;-0,001776837
RU000A105B11;ОФЗ 29021;0; AAA;10;45,8;5,1;97,71;погашение;1000;24,71;0;19,16;4;плавающий;государственные;1001,81;-1,81;-0,00180673
RU000A102EH7;ВТБ Б1-153;-1,5; AA;9;17,1;0,1;100,18;погашение;1000;0,04;0,05;0,01;2;фиксированный;корпоративные;1001,84;-1,84;-0,001836621
RU000A1027G0;ВТБ Б1-138;-2; AA;9;12,2;0,1;100,18;погашение;1000;0,04;0,05;0,01;2;фиксированный;корпоративные;1001,84;-1,84;-0,001836621
RU000A106WW9;ВЭБP-38;19,4; AA;9;22,3;3,7;100;погашение;1000;1,98;0;0;4;плавающий;корпоративные;1001,98;-1,98;-0,001976087
RU000A10D4H7;СовкмФ 2Р5;19,9; BBB;7;1,5;0,5;100;право продать (put);1000;2,08;0;0;2;фиксированный;корпоративные;1002,08;-2,08;-0,002075683
RU000A107084;ГазКап2P10;19,4; AA;9;43,2;2,4;99,3;погашение;1000;9,28;0;0;4;плавающий;корпоративные;1002,28;-2,28;-0,002274813
RU000A105PR5;ИЭКХолд1Р1;18,5; BB;6;42,2;0,2;99,08;погашение;1000;11,48;31,66;12,7;4;фиксированный;корпоративные;1002,28;-2,28;-0,002274813
RU000A107050;ГазпКап2P9;19,4; AA;9;41,4;2,4;99,3;погашение;1000;9,28;0;0;4;плавающий;корпоративные;1002,28;-2,28;-0,002274813
RU000A108PC1;ЛЕГЕНДА2P3;24,7; B+;4;39,4;0,6;99,15;погашение;1000;10,8;0;0;12;плавающий;корпоративные;1002,3;-2,3;-0,002294722
RU000A109X29;РостелP12R;19,7; AA;9;48,7;0,5;100,09;погашение;1000;1,5;0;0;12;плавающий;корпоративные;1002,4;-2,4;-0,002394254
RU000A105WR1;АЗБУКАВКП2;15,3; BB;6;34,6;0,3;102,16;право продать (put);1000;33,37;52,36;10,25;4;фиксированный;корпоративные;1054,97;-2,61;-0,002474004
RU000A10CT41;РостелP20R;19,8; AA;9;37,2;2,9;100,11;погашение;1000;1,5;0;0;12;плавающий;корпоративные;1002,6;-2,6;-0,002593258
RU000A105Q89;ГИДРОМАШ01;16,6; BBB;7;47,5;0,2;99,25;погашение;1000;10,19;29,92;12;4;фиксированный;корпоративные;1002,69;-2,69;-0,002682783
RU000A105M91;СТМ 1P3;21,1; BBB;7;40,1;0,1;98,89;право продать (put);1000;13,86;28,67;11,5;4;фиксированный;корпоративные;1002,76;-2,76;-0,002752403
RU000A107GJ7;ВсИнстр1Р1;21,7; BB;6;36,4;1,1;99,69;погашение;1000;5,88;0;18,5;12;плавающий;корпоративные;1002,78;-2,78;-0,002772293
RU000A102BV4;ОФЗ 29020;0; AAA;10;61;1,9;98,82;погашение;1000;14,67;0;20,87;4;плавающий;государственные;1002,87;-2,87;-0,002861787
RU000A105SL2;РусГидрБП9;16,6; AA;9;44,9;0,3;98,09;погашение;1000;22,18;45,87;9,2;2;фиксированный;корпоративные;1003,08;-3,08;-0,003070543
RU000A109L49;АЛРОСА1Р1;19,9; AA;9;53,3;2,9;99,92;погашение;1000;3,99;0;0;12;плавающий;корпоративные;1003,19;-3,19;-0,003179856
RU000A105FU0;ИнтЛиз1Р04;14,4; BB;6;22,9;0,1;99,9;погашение;175;4,26;5,39;12,35;4;фиксированный;корпоративные;1003,26;-3,26;-0,003249407
RU000A10C6C4;ГПБФин1Р4;18,4; AA;9;11,9;1,8;100;погашение;1000;3,26;0;0;12;плавающий;корпоративные;1003,26;-3,26;-0,003249407
RU000A109VJ2;ВсИнстр1Р2;22,5; BB;6;39,8;2;99,99;погашение;1000;3,37;0;0;12;плавающий;корпоративные;1003,27;-3,27;-0,003259342
RU000A10B727;МСБЛиз3P05;25,5; B;3;37,8;4,3;100,14;погашение;1000;1,89;0;27;12;плавающий;корпоративные;1003,29;-3,29;-0,003279211
RU000A1042W6;ВЭБP-31;19,1; AA;9;39,1;3;100,15;погашение;1000;1,97;0;0;4;плавающий;корпоративные;1003,47;-3,47;-0,003458001
RU000A107UW1;Газпн3P10R;19,9; AA;9;57,9;1,3;100,05;погашение;1000;3,01;0;17,3;12;плавающий;корпоративные;1003,51;-3,51;-0,003497723
RU000A105PQ7;РУСАЛ 1Р2;-5,7; BBB;7;18,8;0,2;100;погашение;1000;3,57;9,85;3,95;4;фиксированный;корпоративные;1003,57;-3,57;-0,0035573
RU000A10CRA8; Гланит01;20,4; B;3;29,8;4,8;100;погашение;1000;3,59;0;0;12;плавающий;корпоративные;1003,59;-3,59;-0,003577158
RU000A10CS91; Росагрл2Р4;20,7; BBB;7;40,7;3;100,05;погашение;1000;3,12;0;0;12;плавающий;корпоративные;1003,62;-3,62;-0,003606943
RU000A108ZT4;РСЭКСМБ2Р5;20,4; AA;9;39,7;1,7;99,8;право продать (put);1000;5,7;0;0;4;плавающий;корпоративные;1003,7;-3,7;-0,00368636
RU000A109UX5; СберСIB940;0; AA;9;13,5;1,4;100,39;погашение;1000;0;0;0;0;нулевой;корпоративные;1003,9;-3,9;-0,003884849
RU000A109UD7;Атомэнпр03;19,9; AA;9;48,8;1,9;100;погашение;1000;4;0;0;12;плавающий;корпоративные;1004;-4;-0,003984064
RU000A10AM65; СбКИБ1P116;0; AA;9;2,4;3;100,41;погашение;1000;0;0;0;0;нулевой;корпоративные;1004,1;-4,1;-0,004083259
RU000A105L27;Систем1P24;20,7; BBB;7;38,1;0,1;98,96;право продать (put);1000;14,52;24,93;10;4;фиксированный;корпоративные;1004,12;-4,12;-0,004103095
RU000A109098;iПозитивР1;20,6; A;8;51,7;1,7;99,7;погашение;1000;7,17;0;0;12;плавающий;корпоративные;1004,17;-4,17;-0,004152683
RU000A102GU5;НоваБевБП4;16,5; A;8;46,4;0,1;98,99;погашение;500;14,39;18,45;7,4;2;фиксированный;корпоративные;1004,29;-4,29;-0,004271675
RU000A10BTU4;НорНик1P12;7; AA;9;29,6;0,8;101,02;право продать (put);100;0,2;0,66;8;12;фиксированный;корпоративные;1010,4;-4,46;-0,004414093
RU000A105KP0;Газпнф3P5R;17,5; AA;9;48,5;0,1;99,15;погашение;1000;13,32;22,44;9;4;фиксированный;корпоративные;1004,82;-4,82;-0,004796879
RU000A109KX6;ВИС Ф БП06;22,6; BBB;7;46,4;1,9;98,73;погашение;1000;17,6;0;0;4;плавающий;корпоративные;1004,9;-4,9;-0,004876107
RU000A10CM48;СберИОС755;0; AA;9;9,9;0,9;100,5;погашение;1000;0,01;0,03;0,01;3;фиксированный;корпоративные;1005,01;-4,95;-0,004925324
RU000A10BWX2; СбКИБ1P152;0; AA;9;6,2;3,2;100,5;погашение;1000;0;0;0;0;нулевой;корпоративные;1005;-5;-0,004975124
RU000A105PK0;Ювелит 1P1;17,8; BB;6;43,1;0,2;99,3;погашение;1000;12,12;33,41;13,4;4;фиксированный;корпоративные;1005,12;-5,12;-0,005093919
RU000A10CTK3;РОССИЯ1Р1;18; A;8;15,3;0,9;100,01;погашение;1000;5,03;0;0;12;плавающий;корпоративные;1005,13;-5,13;-0,005103817
RU000A10CZ43;ИЭКХолд1Р4;22,2; BB;6;49,5;1,9;99,22;погашение;1000;12,99;0;0;12;плавающий;корпоративные;1005,19;-5,19;-0,005163203
RU000A10CQ93;КАМАЗ БП17;21,1; A;8;50,7;1,9;99,79;погашение;1000;7,35;0;0;12;плавающий;корпоративные;1005,25;-5,25;-0,005222581
RU000A108WY1;МЕТАЛИН1P8;19,9; AA;9;40,4;1,2;99,4;погашение;1000;11,37;0;0;4;плавающий;корпоративные;1005,37;-5,37;-0,005341317
RU000A10ATB6;Интерскол3;23,1; B;3;43,6;0;100,1;погашение;236,2;4,39;5,73;29,5;12;фиксированный;корпоративные;1005,39;-5,39;-0,005361104
RU000A107HG1;Газпнф3P8R;19,7; AA;9;51;1,1;100,14;погашение;1000;4,01;0;17,3;12;плавающий;корпоративные;1005,41;-5,41;-0,005380889
RU000A0JV755;АИЖК14-2А3;7,3; n/a;;10;21,6;123,01;погашение;99,69;1,15;2,61;10,5;4;фиксированный;корпоративные;1231,25;-6,79;-0,005514721
RU000A109SZ4;Мегафон2P7;19,5; AA;9;44,7;1,5;100,09;погашение;1000;5,01;0;0;4;плавающий;корпоративные;1005,91;-5,91;-0,005875277
RU000A107217;АРЕНЗА1Р03;35,8; B+;4;45,1;0;99,54;право продать (put);1000;10,62;13,16;15,5;12;фиксированный;корпоративные;1006,02;-6,02;-0,005983976
RU000A1083W0;МТС 2P-05;20,3; AA;9;50;0,1;99,06;вероятность выкупа (call);1000;15,54;0;0;4;плавающий;корпоративные;1006,14;-6,14;-0,00610253
RU000A1060X6;Озон 1Р01;60,1; B;3;34;0;99,48;право продать (put);1000;11,4;32,41;13;4;фиксированный;корпоративные;1006,2;-6,2;-0,006161797
RU000A10B3W0;СовкмЛ П09;19,2; BBB;7;25,1;0,4;100,45;право продать (put);749,8;1,95;0;0;12;плавающий;корпоративные;1006,45;-6,45;-0,006408664
RU000A0JW1P8;ГТЛК БО-07;14,8; BBB;7;30,9;0,1;99,46;погашение;1000;12,03;27,37;10,98;4;фиксированный;корпоративные;1006,63;-6,63;-0,006586333
RU000A0ZYJ18;ТамбовОб17;7,9; BB;6;32,1;0,1;100;погашение;600;6,71;11,97;8;4;фиксированный;субфедеральные/муниципальные;1006,71;-6,71;-0,006665276
RU000A10AFV3;sСОПФДОМ11;12,8; AA;9;18,7;0,2;100,01;погашение;1000;6,68;0;0;4;фиксированный;корпоративные;1006,78;-6,78;-0,006734341
RU000A105YH8;ВЭБP-36;20,1; AA;9;40,9;4,9;99,07;погашение;1000;16,16;0;0;4;плавающий;корпоративные;1006,86;-6,86;-0,006813261
RU000A107AU7;sВЭБP-39;20,7; AA;9;44,9;4,6;97,7;погашение;1000;29,97;0;0;4;плавающий;корпоративные;1006,97;-6,97;-0,006921755
RU000A10D1W2;Мегафн2Р10;19,8; AA;9;48,8;2;99,87;погашение;1000;8,45;0;0;12;плавающий;корпоративные;1007,15;-7,15;-0,00709924
RU000A10AV72;ПСБ 3P-11;16,4; AA;9;37;0,3;101,93;погашение;1000;43,99;55,6;22,3;4;фиксированный;корпоративные;1063,29;-7,69;-0,00723227
RU000A10D3X6;Селигдар7Р;23,7; BBB;7;68,1;1,9;100,09;погашение;1000;6,48;0;0;12;плавающий;корпоративные;1007,38;-7,38;-0,007325935
RU000A108Y86;Европлн1Р7;21,2; A;8;50,8;1,7;99,5;погашение;1000;12,43;0;0;12;плавающий;корпоративные;1007,43;-7,43;-0,007375202
RU000A1028K0;СберИОС355;0; AA;9;20,4;0;100,7;погашение;1000;0,5;0,5;0,01;0;фиксированный;корпоративные;1007,5;-7,5;-0,007444169
RU000A10D459;МТС 2P-13;20,1; AA;9;38,9;1,9;100,24;погашение;1000;5,11;0;0;12;плавающий;корпоративные;1007,51;-7,51;-0,00745402
RU000A109JW0;КАМАЗ БП12;20,9; A;8;38,9;1,9;98,71;погашение;1000;20,41;0;0;4;плавающий;корпоративные;1007,51;-7,51;-0,00745402
RU000A1094G0;РУСАЛ 1Р8;8,2; BBB;7;33,2;1,8;102,2;погашение;100;2,26;2,31;9,25;4;фиксированный;корпоративные;1024,26;-8,09;-0,007898385
RU000A109JZ3;РУСАЛ 1Р10;21; BBB;7;42,5;1,4;100,06;погашение;1000;7,38;0;0;12;плавающий;корпоративные;1007,98;-7,98;-0,007916824
RU000A104TG3;ЦР БО-01;68,9; CCC;2;33,3;0;99,87;погашение;550;9,28;9,95;22;12;фиксированный;корпоративные;1007,98;-7,98;-0,007916824
RU000A10BFL2;НовТех1Р6;23,6; BB;6;25,4;1,4;100,15;погашение;1000;6,48;0;0;12;плавающий;корпоративные;1007,98;-7,98;-0,007916824
RU000A102H91;Автодор3Р1;18,3; AA;9;52,4;0,1;98,61;погашение;860;21,95;28,95;6,75;2;фиксированный;корпоративные;1008,05;-8,05;-0,007985715
RU000A1025B5;ОФЗ 29016;0; AAA;10;68,4;1,2;99,35;погашение;1000;14,67;0;19,8;4;плавающий;государственные;1008,17;-8,17;-0,008103792
RU000A10ANT1;РДВ ТЕХ 01;28,4; B;3;44,4;0,3;101,23;право продать (put);1000;72,7;76,04;30,5;4;фиксированный;корпоративные;1085;-8,96;-0,008258065
RU000A109PP1;АБЗ-1 2Р01;23,6; BB-;5;45,6;1,9;99,57;погашение;1000;12,66;0;0;12;плавающий;корпоративные;1008,36;-8,36;-0,00829069
RU000A109K40;ФосАгро П2;19,4; AA;9;54,3;0,9;100,21;погашение;1000;6,45;0;0;12;плавающий;корпоративные;1008,55;-8,55;-0,008477517
RU000A10D2Q2;ГазпКап3P6;20; AA;9;48,3;1,9;100,07;погашение;1000;8,07;0;0;12;плавающий;корпоративные;1008,77;-8,77;-0,008693756
RU000A100Q35;ПР-Лиз 1P3;21,3; BB-;5;29;0;100,01;право продать (put);1000;8,77;16,44;19;12;фиксированный;корпоративные;1008,87;-8,87;-0,008792015
RU000A1083U4;МТС 2P-04;19,8; AA;9;42,4;1,9;99,36;погашение;1000;15,4;0;0;4;плавающий;корпоративные;1009;-9;-0,008919722
XS0559915961; VEB FIN-25;33,9; n/a;;24,5;0,1;98;погашение;1000;29,09;34;6,8;2;фиксированный;корпоративные;1009,09;-9,09;-0,009008116
RU000A1013U1;Славнеф1Р3;15,2; A;8;18;0,1;99,49;право продать (put);1000;14,21;21,19;8,5;4;фиксированный;корпоративные;1009,11;-9,11;-0,009027757
RU000A109VL8;СовкомБОП5;20,3; A;8;54,7;2;100,6;погашение;1000;3,12;0;0;12;плавающий;корпоративные;1009,12;-9,12;-0,009037577
RU000A105YA3;Медси 1P01;11; BBB;7;32,1;0,4;103,48;право продать (put);1000;24,66;49,86;9,85;4;фиксированный;корпоративные;1059,46;-9,6;-0,00906122
RU000A108U49;УрожайБО05;29,9; B;3;40,5;0,2;98,99;право продать (put);1000;19,29;54,85;22;4;фиксированный;корпоративные;1009,19;-9,19;-0,009106313
RU000A10AHD7;Кокс01Р1;25,1; BB;6;44,6;0,7;100,69;право продать (put);1000;2,6;0;0;12;плавающий;корпоративные;1009,5;-9,5;-0,009410599
RU000A10C5F9;ЧеркизБ2P2;20,2; A;8;38,2;1,7;100,65;погашение;1000;3,12;0;0;12;плавающий;корпоративные;1009,62;-9,62;-0,009528337
RU000A109SH2;АЛРОСА1Р2;19,3; AA;9;52,7;0,5;100,15;погашение;1000;8,45;0;0;12;плавающий;корпоративные;1009,95;-9,95;-0,009851973
RU000A10B4D8;МЕТАЛИНP13;20,2; AA;9;34,6;1,4;100,48;погашение;1000;5,18;0;0;12;плавающий;корпоративные;1009,98;-9,98;-0,009881384
RU000A10D7Z2;МСПФакт1P1;21,2; n/a;;41,5;2;100,9;погашение;1000;1,1;0;0;12;плавающий;корпоративные;1010,1;-10,1;-0,00999901
RU000A109KT4; ТФинанс1P1;21; BBB;7;54,1;0,9;100,44;погашение;1000;5,95;0;0;12;плавающий;корпоративные;1010,35;-10,35;-0,010243975
RU000A10AFX9;sМЕТАЛИ1P9;19,9; AA;9;52,7;0,6;100,72;погашение;1000;3,21;0;0;12;плавающий;корпоративные;1010,41;-10,41;-0,010302748
RU000A10AM40; СбКИБ1P114;0; AA;9;9,6;2,9;101,05;погашение;1000;0;0;0;0;нулевой;корпоративные;1010,5;-10,5;-0,010390896
RU000A10AZF4;КЛВЗ 1P03;26,1; B;3;21,3;2,3;101,01;погашение;1000;0,66;0;0;12;плавающий;корпоративные;1010,76;-10,76;-0,010645455
RU000A109T41;R-Vision 1;20,9; B;3;33,7;2;100,55;погашение;1000;5,41;0;0;4;плавающий;корпоративные;1010,91;-10,91;-0,010792256
RU000A106KV6;АЛЬФАБ2Р24;16,8; AA;9;40,5;0,2;98,41;погашение;1000;27,11;51,14;10,2;2;фиксированный;корпоративные;1011,21;-11,21;-0,011085729
RU000A105JG1;ПозТех-1Р2;14,4; A;8;44,9;0,1;99,59;погашение;1000;15,32;26,3;10,55;4;фиксированный;корпоративные;1011,22;-11,22;-0,011095508
RU000A10ACF3;ВЭБ2Р-48;19,4; AA;9;31,5;1,1;100,55;погашение;1000;6,06;0;0;12;плавающий;корпоративные;1011,56;-11,56;-0,011427894
RU000A101N52;ОФЗ 29014;0; AAA;10;76,7;0,4;99,72;погашение;1000;14,67;0;20,87;4;плавающий;государственные;1011,87;-11,87;-0,011730756
RU000A107HH9;Газпнф3P9R;19,6; AA;9;37,9;2,2;99,65;погашение;1000;15,4;0;0;4;плавающий;корпоративные;1011,9;-11,9;-0,011760055
RU000A109QS3;СберИОС651;0; AA;9;9,4;0,1;101,2;погашение;1000;0,09;0,1;0,01;0;фиксированный;корпоративные;1012,09;-12,09;-0,011945578
RU000A105M75;МЕТАЛИН1P3;2,4; AA;9;21,1;0,1;100;погашение;1000;12,11;16,21;3,25;2;фиксированный;корпоративные;1012,11;-12,11;-0,011965103
RU000A109XR1;Акрон Б1P5;19,4; A;8;46,2;2;101,12;погашение;1000;1,03;0;0;12;плавающий;корпоративные;1012,23;-12,23;-0,012082234
RU000A10B3C2;ВЭБ2Р-49;20; AA;9;30,4;1,4;100,56;погашение;1000;6,72;0;0;12;плавающий;корпоративные;1012,32;-12,32;-0,012170065
RU000A10AHM8;СовкмЛ П08;20,8; BBB;7;23,4;0,2;99,99;право продать (put);1000;12,49;0;0;12;плавающий;корпоративные;1012,39;-12,39;-0,012238367
RU000A102RC0;СберИОС417;0; AA;9;17;0,4;101,2;погашение;1000;0,46;0,5;0,01;0;фиксированный;корпоративные;1012,46;-12,46;-0,012306659
RU000A109E71;ТрансКо2P1;20,5; A;8;53,8;1,8;99,88;погашение;1000;13,87;0;0;12;плавающий;корпоративные;1012,67;-12,67;-0,01251148
RU000A1023K1;Систем1P15;18,8; BBB;7;33,3;0,3;98,81;вероятность выкупа (call);1000;24,86;82,27;16,5;2;фиксированный;корпоративные;1012,96;-12,96;-0,012794187
RU000A1087C3;ГПБ3P6CNY;3,7; AA;9;22,9;1,4;101,8;погашение;100;0,23;2,49;5;2;фиксированный;корпоративные;1018,23;-13,25;-0,013012777
RU000A10D4F1;Россет1Р18;19,5; AA;9;21,3;6,9;100,9;погашение;1000;4,5;0;0;12;плавающий;корпоративные;1013,5;-13,5;-0,013320178
RU000A10C329;iПМЕДДМ2Р2;21,1; BB;6;38,8;1,7;100,67;погашение;1000;7,05;0;0;12;плавающий;корпоративные;1013,75;-13,75;-0,013563502
RU000A107XC7;ВЭБP-43;19,4; AA;9;18,6;3,9;99,99;погашение;1000;13,93;0;0;4;плавающий;корпоративные;1013,83;-13,83;-0,01364134
RU000A102G50;ВСК 1P-01R;17,7; A;8;39,7;0,1;98,84;погашение;1000;25,84;32,66;6,55;2;фиксированный;корпоративные;1014,24;-14,24;-0,014040069
RU000A109S91;РСетиМР1P7;19,1; AA;9;33,3;0,9;100,45;погашение;1000;9,94;0;0;12;плавающий;корпоративные;1014,44;-14,44;-0,014234454
RU000A10AUY6;ВЭБ2Р-К600;4,6; AA;9;23,1;0,1;102,29;досрочное погашение;1000;9,34;17,51;21,3;12;фиксированный;корпоративные;1032,24;-14,73;-0,014269937
RU000A10CN62;ЮСВ 1Р1;25,4; n/a;;29,3;2,8;100,15;погашение;1000;13,23;0;0;12;плавающий;корпоративные;1014,73;-14,73;-0,014516177
RU000A10B0S4;Кокс01Р3;25,3; BB;6;31,2;0,8;99,99;право продать (put);1000;14,96;0;0;12;плавающий;корпоративные;1014,86;-14,86;-0,014642414
RU000A106LL5;ВЭБP-37;20,5; AA;9;39,8;6,8;98,77;погашение;1000;27,32;0;0;4;плавающий;корпоративные;1015,02;-15,02;-0,014797738
RU000A109JY6;РУСАЛ 1Р11;21; BBB;7;41,6;3,8;100,78;погашение;1000;7,48;0;0;12;плавающий;корпоративные;1015,28;-15,28;-0,015050035
RU000A10A349;РусГид2Р01;19,9; AA;9;53,4;1;100,7;погашение;1000;8,33;0;0;12;плавающий;корпоративные;1015,33;-15,33;-0,015098539
RU000A10BF48;ЯНДЕКС1Р1;19,3; AA;9;54,1;1,5;101,13;погашение;1000;4,1;0;0;12;плавающий;корпоративные;1015,4;-15,4;-0,015166437
RU000A10CT58;ДОМ 2P7;18,6; AA;9;29,5;0,4;99,94;право продать (put);1000;16,09;0;0;2;фиксированный;корпоративные;1015,49;-15,49;-0,01525372
RU000A108QA3;Мегафон2P4;19,9; AA;9;36,4;1,1;99,56;погашение;1000;19,92;0;0;4;плавающий;корпоративные;1015,52;-15,52;-0,015282811
RU000A1078S8;МТС 2P-02;20,6; AA;9;40,5;3,1;98,18;погашение;1000;33,81;0;0;4;плавающий;корпоративные;1015,61;-15,61;-0,015370073
RU000A105MN1;ДОМ 2P1;19,3; AA;9;36,9;1,9;99,98;погашение;1000;15,85;0;0;4;плавающий;корпоративные;1015,65;-15,65;-0,015408851
RU000A109HK9; СбКИБ1P26;0; AA;9;9,5;0,6;101,6;погашение;1000;0;0;0;0;нулевой;корпоративные;1016;-16;-0,015748031
RU000A10D3B2;РусГид2Р09;19,5; AA;9;26,2;2,9;101;погашение;1000;6,05;0;0;12;плавающий;корпоративные;1016,05;-16,05;-0,015796467
RU000A107ET1;ГазКап2P11;19,6; AA;9;45;2,1;99,65;погашение;1000;19,81;0;0;4;плавающий;корпоративные;1016,31;-16,31;-0,016048253
RU000A107E81;БинФарм1P3;21,2; BB;6;48,9;1,1;99,49;погашение;1000;21,57;0;0;4;плавающий;корпоративные;1016,47;-16,47;-0,016203134
RU000A10AF64;СКСек1Р-01;12,4; n/a;;27;0,1;101,28;право продать (put);1000;4,03;0;0;12;плавающий;корпоративные;1016,83;-16,83;-0,016551439
RU000A10AT19;ИКС5Фин3P9;18,6; AA;9;46;0,4;100,79;право продать (put);1000;9,37;0;0;12;плавающий;корпоративные;1017,27;-17,27;-0,01697681
RU000A10B4X6;СибурХ1Р06;20,9; AA;9;46,9;6,4;101,42;погашение;1000;3,21;0;0;12;плавающий;корпоративные;1017,41;-17,41;-0,017112079
RU000A108Q94;Мегафон2P5;19,7; AA;9;38,3;1,3;99,75;погашение;1000;19,92;0;0;4;плавающий;корпоративные;1017,42;-17,42;-0,017121739
RU000A10C8Q0;НорНик1P13;5,8; AA;9;32,3;1,2;102,61;право продать (put);100;0,55;0,64;7,75;12;фиксированный;корпоративные;1026,65;-17,69;-0,017230799
RU000A10BRR4;РусГид2Р06;19,9; AA;9;47,2;1,6;100,8;погашение;1000;9,81;0;0;12;плавающий;корпоративные;1017,81;-17,81;-0,017498354
RU000A0ZYLX0;ДОМРФИА 03;0; AA;9;20,7;12;109,96;погашение;64,84;0;1,67;8,67;4;плавающий;корпоративные;1099,6;-19,44;-0,017679156
RU000A10BTC2;РостелP18R;19,3; AA;9;39,7;1,6;101,3;погашение;1000;5,14;0;0;12;плавающий;корпоративные;1018,14;-18,14;-0,017816803
RU000A103N84;РСХБ 2Р14;16,2; AA;9;34;0,4;99,7;право продать (put);1000;21,16;74,05;7,8;2;фиксированный;корпоративные;1018,16;-18,16;-0,017836096
RU000A1004W6;ДОМ 1P-5R;17; AA;9;27,8;0,3;99,29;право продать (put);1000;25,29;70,81;8,35;2;фиксированный;корпоративные;1018,19;-18,19;-0,017865035
RU000A10B4U2;СибурХ1Р04;20,8; AA;9;42,8;6,4;101,5;погашение;1000;3,21;0;0;12;плавающий;корпоративные;1018,21;-18,21;-0,017884326
RU000A10B4W8;СибурХ1Р05;20,8; AA;9;38,7;6,4;101,5;погашение;1000;3,21;0;0;12;плавающий;корпоративные;1018,21;-18,21;-0,017884326
RU000A10B8D9;ВЭБ2Р-50;19,5; AA;9;44,7;1,4;100,9;погашение;1000;9,87;0;0;4;плавающий;корпоративные;1018,87;-18,87;-0,018520518
RU000A106RJ6;Озон 1Р02;61,1; B;3;38,4;0;99,46;право продать (put);1000;24,58;32,41;13;4;фиксированный;корпоративные;1019,18;-19,18;-0,018819051
RU000A101541;Ростел2P1R;17; AA;9;44,2;0,1;99,11;погашение;1000;28,15;34,16;6,85;2;фиксированный;корпоративные;1019,25;-19,25;-0,018886436
RU000A10ALW9; СбКИБ1P106;0; AA;9;20,3;2,8;101,93;погашение;1000;0;0;0;0;нулевой;корпоративные;1019,3;-19,3;-0,018934563
RU000A10CG79;МСПБанк3P2;21; BB;6;42,3;1,8;101,5;погашение;1000;4,44;0;0;12;плавающий;корпоративные;1019,44;-19,44;-0,019069293
RU000A105ZC6;Роснфт2P13;4,9; AA;9;22;0,4;101,1;право продать (put);1000;8,65;38,39;3,5;2;фиксированный;корпоративные;1019,65;-19,65;-0,019271319
RU000A10BGJ4;Аэрофл2Б01;20,2; A;8;54,5;2,5;101,75;погашение;1000;2,66;0;0;12;плавающий;корпоративные;1020,16;-20,16;-0,019761606
RU000A0P1MZ1; СберСIB712;0; AA;9;1,5;1;102,02;погашение;1000;0,1;0,2;0,01;0;фиксированный;корпоративные;1020,3;-20,3;-0,019896109
RU000A109JS8;РостелP11R;19,6; AA;9;31,1;1,9;99,97;погашение;1000;20,61;0;0;4;плавающий;корпоративные;1020,31;-20,31;-0,019905715
RU000A109UV9; СберСIB938;0; AA;9;34,2;1,1;102,06;погашение;1000;0;0;0;0;нулевой;корпоративные;1020,6;-20,6;-0,020184205
RU000A10B3X8;ВсИнстр1Р5;20,8; BB;6;26;0,9;101,38;погашение;1000;6,82;0;0;12;плавающий;корпоративные;1020,62;-20,62;-0,020203406
RU000A105NB4;ТГК-1БО1P1;17,9; B;3;27,6;0,1;98,8;право продать (put);1000;32,69;46,12;9,25;2;фиксированный;корпоративные;1020,69;-20,69;-0,020270601
RU000A0JWYQ5;СистемБ1P4;7,2; BBB;7;35,5;1;113,28;погашение;1000;101,84;104,71;9,8;2;фиксированный;корпоративные;1234,64;-25,22;-0,020427007
RU000A10BSV4;ВТБ Б1-376;17,1; AA;9;41,5;0,1;100,07;досрочное погашение;1000;20,22;44,88;18;4;фиксированный;корпоративные;1020,92;-20,92;-0,020491322
RU000A105MP6;ДФФ 2Р-01;30,4; BB-;5;44,9;0,1;97,5;погашение;1000;45,94;63,82;12,8;2;фиксированный;корпоративные;1020,94;-20,94;-0,02051051
RU000A10BK09;Газпн3P14R;19,9; AA;9;52;1,5;100,95;погашение;1000;11,45;0;0;12;плавающий;корпоративные;1020,95;-20,95;-0,020520104
RU000A108Q03;МБЭС 2P-03;20,6; AA;9;40,5;0,3;99,99;вероятность выкупа (call);1000;21,07;0;0;4;плавающий;корпоративные;1020,97;-20,97;-0,020539291
RU000A10AYW2;ПолиплП2Б2;23,5; BB;6;48,5;1,3;101,92;право продать (put);1000;1,89;0;0;12;плавающий;корпоративные;1021,09;-21,09;-0,020654399
RU000A105Q63;УралСт1Р01;19,7; BBB;7;51,4;0,2;98,5;погашение;1000;36,1;53,85;10,8;2;фиксированный;корпоративные;1021,1;-21,1;-0,02066399
RU000A10AUX8;НОВАТЭК1Р3;7,7; AA;9;55,4;2,3;104,22;погашение;100;0,41;0,77;9,4;12;фиксированный;корпоративные;1042,61;-21,82;-0,020928247
RU000A10B420;ЧеркизБ1P8;18,7; A;8;44,8;0,9;101,57;погашение;1000;5,79;0;0;12;плавающий;корпоративные;1021,49;-21,49;-0,021037896
RU000A109DY9;Роснфт4P2;1,1; AA;9;17,4;0,9;105,09;право продать (put);1000;3,74;32,41;6,5;2;фиксированный;корпоративные;1054,64;-22,23;-0,021078283
RU000A10BQD6;МЕТАЛИНP14;20,1; AA;9;41,1;2,6;100,87;погашение;1000;12,95;0;0;12;плавающий;корпоративные;1021,65;-21,65;-0,02119121
RU000A10BG05;Мегафон2Р8;18,8; AA;9;37,1;1,4;101,81;погашение;1000;3,61;0;0;12;плавающий;корпоративные;1021,71;-21,71;-0,021248691
RU000A1079S6;МЕТАЛИН1P6;20,5; AA;9;37;2,1;99,17;погашение;1000;31,07;0;0;4;плавающий;корпоративные;1022,77;-22,77;-0,02226307
RU000A10B8E7;СберИОС703;0; AA;9;9,4;2,6;102,3;погашение;1000;0,05;0,1;0,01;1;фиксированный;корпоративные;1023,05;-22,85;-0,022335174
RU000A108LU2;ИКС5Фин3P5;19,9; AA;9;43,2;1,6;99,72;право продать (put);1000;25,67;0;0;4;плавающий;корпоративные;1022,87;-22,87;-0,022358658
RU000A10AHN6;СовкмФ2Р1;20,1; BBB;7;27,1;0,1;101,04;право продать (put);1000;12,49;0;0;12;плавающий;корпоративные;1022,89;-22,89;-0,022377773
RU000A10ADJ3;ЭТС 1Р06;22,4; BB-;5;35,3;1,1;101,55;погашение;1000;7,4;0;0;12;плавающий;корпоративные;1022,9;-22,9;-0,02238733
RU000A10AM08; СбКИБ1P110;0; AA;9;22,8;2,9;102,3;погашение;1000;0;0;0;0;нулевой;корпоративные;1023;-23;-0,022482893
RU000A10AXW4;СибурХ1Р03;7,9; AA;9;59,9;2,8;104,96;погашение;100;0,24;0,79;9,6;12;фиксированный;корпоративные;1049,84;-23,77;-0,022641545
RU000A10AHP1;ВТБФ БО-01;19,8; B;3;26,4;1,2;100,96;погашение;1000;13,64;0;0;12;плавающий;корпоративные;1023,24;-23,24;-0,022712169
RU000A0ZYLG5;Роснфт2P3;18,6; AA;9;35,8;0,1;98,87;право продать (put);1000;34,65;46,37;7,75;2;фиксированный;корпоративные;1023,35;-23,35;-0,022817218
RU000A107TK8;sСОПФДОМ8;20,1; AA;9;29,4;3,3;99,34;погашение;1000;30,33;0;0;4;плавающий;корпоративные;1023,73;-23,73;-0,02317994
RU000A102B97;ВитаЛ 1Р02;9,6; BB;6;33,4;0;100;погашение;1000;23,77;24,31;9,75;4;фиксированный;корпоративные;1023,77;-23,77;-0,023218106
RU000A10B7B5;СберИОС699;0; AA;9;13;2,5;102,4;погашение;1000;0,05;0,1;0,01;1;фиксированный;корпоративные;1024,05;-23,85;-0,023289878
RU000A0JX3M0;ДОМРФИА 1P;0; AA;9;18,4;14,2;102,39;погашение;48,68;0;0;12,59;4;плавающий;корпоративные;1023,9;-23,9;-0,023342123
RU000A106P97;sСОПФДОМ6;20,1; AA;9;42;1,8;99,44;погашение;1000;29,72;0;0;4;плавающий;корпоративные;1024,12;-24,12;-0,023551928
RU000A10BYT6;СберИОС744;0; AA;9;14,3;0,8;102,41;погашение;1000;0,02;0,1;0,01;1;фиксированный;корпоративные;1024,12;-24,12;-0,023551928
RU000A10BFZ2;Мегафон2Р9;18,9; AA;9;33,4;1,7;102,06;погашение;1000;3,61;0;0;12;плавающий;корпоративные;1024,21;-24,21;-0,023637731
RU000A10D3K3; ПочтаР3P02;20,7; A;8;41,8;2,4;101,8;погашение;1000;6,54;0;0;12;плавающий;корпоративные;1024,54;-24,54;-0,023952213
RU000A0ZZ1N0;ДОМ 1P-3R;16,3; AA;9;26,7;0,4;100,99;право продать (put);1000;15;91;8,95;2;фиксированный;корпоративные;1024,9;-24,9;-0,024295053
RU000A10A8E8;РФ ЗО 30 Д;6,4; AAA;10;44,7;4,4;102,5;погашение;0,05;0;0;7,5;2;фиксированный;государственные;1025;-25;-0,024390244
RU000A10B0D6;СберИОС688;0; AA;9;15;0,4;102,5;погашение;1000;0,06;0,1;0,01;0;фиксированный;корпоративные;1025,06;-25,06;-0,024447349
RU000A0ZYJR6;Совком БО5;10,6; A;8;22,2;0,6;104,32;право продать (put);1000;73,97;89,75;18;2;фиксированный;корпоративные;1117,17;-27,42;-0,024544161
RU000A0ZYT40;Роснфт2P4;16,4; AA;9;36,9;0,3;99,45;право продать (put);1000;30,68;69,81;8;2;фиксированный;корпоративные;1025,18;-25,18;-0,02456154
RU000A1077Y8;Ростел2P12;15,4; AA;9;20,9;0,1;99,88;погашение;1000;26,4;32,91;13,2;4;фиксированный;корпоративные;1025,2;-25,2;-0,02458057
RU000A100SZ3;ПочтаРБ1P6;15,6; A;8;16;0,1;100,08;вероятность выкупа (call);1000;24,65;76,04;7,55;2;фиксированный;корпоративные;1025,45;-25,45;-0,024818372
RU000A10BVY2;ВТБФ 1P01;17,8; B;3;21,3;0,8;101,5;погашение;1000;10,6;0;0;12;плавающий;корпоративные;1025,6;-25,6;-0,024960998
RU000A10C5K9;Селигдар5Р;21,9; BBB;7;49,5;1,7;102,23;погашение;1000;3,53;0;0;12;плавающий;корпоративные;1025,83;-25,83;-0,025179611
RU000A107GC2;ДОМ 2P3;18,6; AA;9;26,3;2,1;100,77;погашение;1000;18,15;0;0;4;плавающий;корпоративные;1025,85;-25,85;-0,025198616
RU000A10BWA0;ВТБФ 1P02;17,4; B;3;18,8;0,8;101,74;погашение;1000;8,58;0;0;12;плавающий;корпоративные;1025,98;-25,98;-0,025322131
RU000A105KW6;ЕАБР П3-05;21,4; AA;9;32,1;0,1;98,81;право продать (put);1000;38,27;48,37;9,7;2;фиксированный;корпоративные;1026,37;-26,37;-0,025692489
RU000A10ALY5; СбКИБ1P108;0; AA;9;18,8;2,9;102,65;погашение;1000;0;0;0;0;нулевой;корпоративные;1026,5;-26,5;-0,025815879
RU000A0ZYLU6;ДОМ.РФ1P1R;10,5; AA;9;26,1;0,1;100,85;право продать (put);1000;18,31;40,64;7,6;4;фиксированный;корпоративные;1026,81;-26,81;-0,026109991
RU000A0ZZZ17;НКНХ 1Р-01;17,4; AA;9;37,2;0,1;99,06;право продать (put);1000;36,33;48,62;9,75;2;фиксированный;корпоративные;1026,93;-26,93;-0,026223793
RU000A0ZYU54;Сферфин1P1;15,7; n/a;;6;0,3;99,9;право продать (put);1000;27,95;74,79;10;2;фиксированный;корпоративные;1026,95;-26,95;-0,026242758
RU000A106LZ5;СберИОС578;0; AA;9;13,6;0,8;102,7;погашение;1000;0,02;0,1;0,01;1;фиксированный;корпоративные;1027,02;-27,02;-0,026309127
RU000A1097S8;ГПБ005P04P;20,2; AA;9;37,3;2,3;99;погашение;1000;37,57;0;0;4;плавающий;корпоративные;1027,57;-27,57;-0,026830289
RU000A102LF6;ПионЛизБП4;31,1; CCC;2;40;0,1;99,92;право продать (put);1000;28,38;69,81;14;4;фиксированный;корпоративные;1027,58;-27,58;-0,026839759
RU000A10A4S7;ФосАгро2П1;17,9; AA;9;45,4;1,1;102,35;право продать (put);1000;4,16;0;0;12;плавающий;корпоративные;1027,66;-27,66;-0,026915517
RU000A100EG3;ОФЗ 26229;17; AAA;10;77,6;0,1;99,55;погашение;1000;32,32;35,65;7,15;2;фиксированный;государственные;1027,82;-27,82;-0,027066996
RU000A10B7T7;ТБ-3_01;18,1; n/a;;57,3;0,1;104,09;право продать (put);598,53;0;12,71;25;12;фиксированный;корпоративные;1040,9;-28,19;-0,027082333
RU000A10CM22;ДОМ 2P6;19,1; AA;9;33,3;0,3;99,9;право продать (put);1000;28,99;0;0;2;фиксированный;корпоративные;1027,99;-27,99;-0,027227891
RU000A105ML5;НорНикБ1P5;-6,4; AA;9;10,2;0,1;101,41;погашение;1000;13,96;19,7;3,95;2;фиксированный;корпоративные;1028,06;-28,06;-0,027294127
RU000A10AEB8;РусГид2Р05;19; AA;9;45,5;1,1;102,22;погашение;1000;5,95;0;0;12;плавающий;корпоративные;1028,15;-28,15;-0,027379273
RU000A10B3A6;Атомэнп04;18,9; AA;9;45,1;1,4;102,16;погашение;1000;6,84;0;0;12;плавающий;корпоративные;1028,44;-28,44;-0,027653534
RU000A105KQ8;Магнит4P01;16,3; AA;9;50,8;0,1;99,25;погашение;1000;36,35;45,62;9,15;2;фиксированный;корпоративные;1028,85;-28,85;-0,028041017
RU000A10A3L4;Сбер Sb48R;18,9; AA;9;43,8;0,1;99,84;погашение;1000;30,54;0;0;4;фиксированный;корпоративные;1028,94;-28,94;-0,028126033
RU000A10BVZ9;СберИОС733;0; AA;9;19;1,8;102,9;погашение;1000;0,02;0,2;0,01;0;фиксированный;корпоративные;1029,02;-29,02;-0,02820159
RU000A105NK5;МОЭК БО1P5;10,9; AA;9;30,6;0,2;99,76;право продать (put);1000;31,59;46,37;9,3;2;фиксированный;корпоративные;1029,19;-29,19;-0,02836211
RU000A105W08;МЕТАЛИН1P4;19,9; AA;9;18,9;1,3;99,64;погашение;1000;32,91;0;13,3;2;плавающий;корпоративные;1029,31;-29,31;-0,028475386
RU000A108LF3;Ростел1P8R;19,5; AA;9;29,2;1,9;100,33;погашение;1000;26,32;0;0;4;плавающий;корпоративные;1029,62;-29,62;-0,028767895
RU000A10D4W6;СелоЗ1Р-1;19; BB;6;29,6;1,5;102,7;погашение;1000;2,68;0;0;12;плавающий;корпоративные;1029,68;-29,68;-0,028824489
RU000A10AXQ6;СберИОС682;0; AA;9;6,1;2,4;103;погашение;1000;0,01;0,03;0,01;4;фиксированный;корпоративные;1030,01;-29,74;-0,028873506
RU000A10ALU3; СбКИБ1P104;0; AA;9;28,1;2,7;103;погашение;1000;0;0;0;0;нулевой;корпоративные;1030;-30;-0,029126214
RU000A107UX9;Газпн3P11R;19,8; AA;9;42,6;1,3;99,96;погашение;1000;30,41;0;0;4;плавающий;корпоративные;1030,01;-30,01;-0,029135639
RU000A105K85;sАтомэнп02;14; AA;9;35,8;0,1;99,46;погашение;1000;35,55;44,63;8,95;2;фиксированный;корпоративные;1030,15;-30,15;-0,029267582
RU000A0JXXE1;Роснфт1P7;16,4; AA;9;14,5;0,3;100;право продать (put);1000;30,25;79,78;16;2;фиксированный;корпоративные;1030,25;-30,25;-0,029361805
RU000A1010M4;РЖД 1Р-17R;15,7; AA;9;40,9;0;99,82;погашение;1000;32,18;33,66;6,75;2;фиксированный;корпоративные;1030,38;-30,38;-0,029484268
RU000A10BBD8;ЯТЭК 1P-6;21,5; BB;6;47,8;1,4;102;погашение;1000;10,48;0;0;12;плавающий;корпоративные;1030,48;-30,48;-0,029578449
RU000A0JX132;Роснфт1P1;5,4; AA;9;15,6;0,1;101,42;право продать (put);1000;16,44;37,4;7,35;4;фиксированный;корпоративные;1030,64;-30,64;-0,0297291
RU000A1067H4;sЛЕГЕНД2P1;23,1; B+;4;23,9;1,5;98,7;погашение;1000;43,84;0;0;4;плавающий;корпоративные;1030,84;-30,84;-0,029917349
RU000A107T27;ГазКап2P12;20; AA;9;30,8;3,3;99,61;погашение;1000;34,93;0;0;4;плавающий;корпоративные;1031,03;-31,03;-0,030096117
RU000A104TQ2;ЕАБР 1P-08;21,5; AA;9;5,5;0,1;98,85;право продать (put);1000;42,53;57,34;11,5;2;фиксированный;корпоративные;1031,03;-31,03;-0,030096117
RU000A10ALV1; СбКИБ1P105;0; AA;9;8;2,7;103,13;погашение;1000;0;0;0;0;нулевой;корпоративные;1031,3;-31,3;-0,030350044
RU000A108FC2;ДОМ 2P4;19,5; AA;9;29,1;2,6;99,89;погашение;1000;32,41;0;0;4;плавающий;корпоративные;1031,31;-31,31;-0,030359446
RU000A1069N8;НорНик БО9;19,9; AA;9;45,1;2,6;99,75;погашение;1000;33,9;0;0;4;плавающий;корпоративные;1031,4;-31,4;-0,030444057
RU000A106AJ2;АЛЬФАБ2Р23;16,4; AA;9;41;0,1;99,32;погашение;1000;38,93;48,13;9,6;2;фиксированный;корпоративные;1032,13;-32,13;-0,0311298
RU000A105M83;ВЭБ1P-35;11,6; AA;9;26,3;0,1;99,7;погашение;1000;35,58;47,62;9,55;2;фиксированный;корпоративные;1032,58;-32,58;-0,031552035
RU000A105HC4;РусГидрБП7;16,8; AA;9;47,3;0,1;99,43;погашение;1000;38,47;44,88;9;2;фиксированный;корпоративные;1032,77;-32,77;-0,031730201
RU000A1027L0;ВТБ Б1-142;-24,2; AA;9;11,7;0,1;103,29;погашение;1000;0,04;0,05;0,01;2;фиксированный;корпоративные;1032,94;-32,94;-0,031889558
RU000A10AFW1;РСетиМР1P8;18,4; AA;9;41;1,1;102,99;погашение;1000;3,27;0;0;12;плавающий;корпоративные;1033,17;-33,17;-0,032105075
RU000A105HN1;АФБАНК1Р10;19,1; A;8;29;0,1;99,12;погашение;1000;42,69;53,15;10,6;2;фиксированный;корпоративные;1033,89;-33,89;-0,032779116
RU000A102H83;РенКредБО4;16,9; B+;4;33,5;0,1;99,2;погашение;1000;41,9;57,66;8,45;2;фиксированный;корпоративные;1033,9;-33,9;-0,032788471
RU000A108GR8;Ростел1P7R;20; AA;9;38,9;1,6;100,04;погашение;1000;33,76;0;0;4;плавающий;корпоративные;1034,16;-34,16;-0,033031639
RU000A10ASW4;КАМАЗ БП14;20,2; A;8;53;1,3;102,09;погашение;1000;13,41;0;0;12;плавающий;корпоративные;1034,31;-34,31;-0,033171873
RU000A10B263;АБЗ-1 2Р02;24,2; BB-;5;47,9;2,3;102,31;погашение;1000;11,59;0;0;12;плавающий;корпоративные;1034,69;-34,69;-0,03352695
RU000A107GB4;ДОМ 2P2;5; AA;9;21,1;0,2;101,93;погашение;1000;15,4;0;0;4;фиксированный;корпоративные;1034,7;-34,7;-0,033536291
RU000A107605;Газпнф3P7R;20,4; AA;9;41,3;2;99,31;погашение;1000;41,78;0;0;4;плавающий;корпоративные;1034,88;-34,88;-0,033704391
RU000A0JXXD3;Роснфт1P6;14,7; AA;9;14,4;0,3;100,48;право продать (put);1000;30,25;79,78;16;2;фиксированный;корпоративные;1035,05;-35,05;-0,033863098
RU000A10AEG7;ПолиплП2Б1;22,1; BB;6;36,6;1,1;102,9;право продать (put);1000;6,3;0;0;12;плавающий;корпоративные;1035,3;-35,3;-0,034096397
RU000A0JWTL6;ПочтаРосБ3;13,4; A;8;14,1;0,4;101,78;право продать (put);1000;17,55;76,04;7,5;2;фиксированный;корпоративные;1035,35;-35,35;-0,034143043
RU000A10B4N7;СберИОС695;0; AA;9;17,3;0,5;103,6;погашение;1000;0,05;0,1;0,01;0;фиксированный;корпоративные;1036,05;-36,05;-0,034795618
RU000A10AHJ4;iПозитивР2;19,1; A;8;52,9;1,1;103,44;погашение;1000;1,73;0;0;12;плавающий;корпоративные;1036,13;-36,13;-0,034870142
RU000A10B8P3;Инаркт2Р3;20,9; BBB;7;43,9;2,4;102,39;погашение;1000;12,3;0;0;12;плавающий;корпоративные;1036,2;-36,2;-0,034935341
RU000A10ALS7; СбКИБ1P102;0; AA;9;15,3;2,7;103,65;погашение;1000;0;0;0;0;нулевой;корпоративные;1036,5;-36,5;-0,035214665
RU000A10A414;ПКБ 1Р-06;21,8; BB;6;40,9;2;103,2;погашение;1000;4,82;0;26;12;плавающий;корпоративные;1036,82;-36,82;-0,035512432
RU000A105GE2;ГазпромКP7;17,3; AA;9;45,8;0,1;99,59;погашение;1000;41,11;45,62;9,15;2;фиксированный;корпоративные;1037,01;-37,01;-0,035689145
RU000A10BGW7;ПКБ 1Р-08;21,2; BB;6;21,4;3;103,5;погашение;1000;2,3;0;0;12;плавающий;корпоративные;1037,3;-37,3;-0,035958739
RU000A10AEE2;ТГК-14 1Р4;23,5; BB-;5;33,8;1,6;103,03;погашение;1000;7,08;0;0;12;плавающий;корпоративные;1037,38;-37,38;-0,036033083
RU000A100DG5;ЕвропланБ6;13,4; A;8;28,8;1,1;109,17;право продать (put);400;39,21;44,88;9,4;2;фиксированный;корпоративные;1130,91;-41,15;-0,036386627
RU000A10B2X0;СТМ 1P5;21,1; BBB;7;45,1;1,4;103,24;погашение;1000;5,42;0;0;12;плавающий;корпоративные;1037,82;-37,82;-0,036441772
RU000A107FZ5;АПРИ 2Р4;32,3; B+;4;44;0,1;100,59;право продать (put);1000;32,44;79,78;24;4;фиксированный;корпоративные;1038,34;-38,34;-0,036924322
RU000A1012B3;ФПК 1P-07;-7,2; AA;9;31,6;0;100,68;право продать (put);1000;31,57;34,41;6,9;2;фиксированный;корпоративные;1038,37;-38,37;-0,036952146
RU000A0ZYG52;Ростел1P3R;16,6; AA;9;34;0;99,67;право продать (put);1000;41,84;45,87;7,7;2;фиксированный;корпоративные;1038,54;-38,54;-0,037109789
RU000A109F05;АСПЭКДом02;21,1; B;3;32;0,1;100,51;право продать (put);1000;33,53;59,84;24;4;фиксированный;корпоративные;1038,63;-38,63;-0,037193226
RU000A1095W4;Ростел1P9R;20,2; AA;9;36,7;1,8;99,8;погашение;1000;41,54;0;0;4;плавающий;корпоративные;1039,54;-39,54;-0,038036054
RU000A10B5T1;СберИОС696;0; AA;9;13,6;2,6;104;погашение;1000;0,05;0,1;0,01;1;фиксированный;корпоративные;1040,05;-39,85;-0,038315466
RU000A1008Y3;ПочтаРБ1P7;17,7; A;8;40,6;0,4;102,35;право продать (put);1000;16,38;114,68;9,5;2;фиксированный;корпоративные;1039,88;-39,88;-0,038350579
RU000A0NR888; СберСIB551;0; AA;9;12,4;5;104;погашение;1000;0;0,5;0,01;0;фиксированный;корпоративные;1040;-40;-0,038461538
RU000A101EW8;РОСНАН2P2;18,6; D;0;12,7;0,1;100,05;погашение;1000;39,78;50,98;6,7;4;фиксированный;корпоративные;1040,28;-40,28;-0,038720345
RU000A10AG22;ЕСЭГ1PC6;20; BB;6;32,8;1,1;103,73;погашение;1000;3,01;0;0;12;плавающий;корпоративные;1040,31;-40,31;-0,038748065
RU000A105B03;sСОПФДОМ3;16; AA;9;32,2;0,1;99,65;погашение;1000;44,48;49,91;9,9;2;фиксированный;корпоративные;1040,98;-40,98;-0,039366751
RU000A10A398;СИМПЛ1Р01;19,6; BB;6;35;1;103,22;погашение;1000;8,84;0;0;12;плавающий;корпоративные;1041,04;-41,04;-0,039422116
RU000A10AA28;Акрон Б1P6;19; A;8;46,2;1,8;103,01;погашение;1000;11,65;0;0;12;плавающий;корпоративные;1041,75;-41,75;-0,040076794
RU000A1092X9;Сбер Sb47R;17,7; AA;9;40,1;0,3;100,18;погашение;1000;40,92;0;0;4;плавающий;корпоративные;1042,72;-42,72;-0,040969771
RU000A0ZYQU5;ДОМ.РФ1P2R;16,6; AA;9;20,1;0,3;100,13;право продать (put);1000;41,42;83,77;7,2;2;фиксированный;корпоративные;1042,72;-42,72;-0,040969771
RU000A0ZYYE3;Ростел1P4R;16,8; AA;9;37,4;0,4;101,45;право продать (put);1000;28,64;102,22;7,15;2;фиксированный;корпоративные;1043,14;-43,14;-0,041355906
RU000A107XB9;ВЭБP-42;20; AA;9;21,1;3,8;100,1;погашение;1000;42,55;0;0;4;плавающий;корпоративные;1043,55;-43,55;-0,041732548
RU000A10BG96;СберИОС708;0; AA;9;13,2;0,6;104,4;погашение;1000;0,04;0,1;0,01;0;фиксированный;корпоративные;1044,04;-44,04;-0,042182292
RU000A1080B0; СберСIB800;0; AA;9;19,5;2,4;104,54;погашение;1000;0,09;0,33;0,01;0;фиксированный;корпоративные;1045,49;-45,49;-0,043510698
RU000A101XS6;МОЭК БО1P4;17,1; AA;9;22,7;0,2;99,97;право продать (put);1000;46,11;82,27;9,95;2;фиксированный;корпоративные;1045,81;-45,81;-0,043803368
RU000A10BJH2;ВТБ Б1-372;16,4; AA;9;34,7;0;100;погашение;1000;46,16;50,61;20,3;4;фиксированный;корпоративные;1046,16;-46,16;-0,04412327
RU000A104DC6;ВТБ Б1-293;-8,7; AA;9;12,8;0,5;104,68;погашение;1000;0;0,05;0,01;2;фиксированный;корпоративные;1046,8;-46,75;-0,044659916
RU000A100UT2;ПочтаРБ1P8;17,6; A;8;30,2;0,4;102,16;право продать (put);1000;25,21;114,68;7,35;2;фиксированный;корпоративные;1046,81;-46,81;-0,044716806
RU000A10BXW2;БанкДОМ1P2;-2,6; AA;9;4,6;1,8;104,69;погашение;1000;0,02;0,1;0,01;1;фиксированный;корпоративные;1046,92;-46,82;-0,04472166
RU000A0JTFB2;ГлДорога 6;0,3; BB;6;11,7;3,1;117;погашение;500;50,59;55,3;10;1;плавающий;корпоративные;1220,59;-54,69;-0,0448062
RU000A108066; СберСIB795;0; AA;9;20,7;2,5;104,69;погашение;1000;0,07;0,33;0,01;0;фиксированный;корпоративные;1046,97;-46,97;-0,044862795
RU000A0ZYF38;ДОМ.РФ Б-7;-24,3; AA;9;21,9;0;100,5;право продать (put);1000;42,07;43,51;6,5;4;фиксированный;корпоративные;1047,07;-47,07;-0,044954015
RU000A0ZYF20;ДОМ.РФ Б-6;-25; AA;9;21,4;0;100,51;право продать (put);1000;42,1;43,53;6,5;4;фиксированный;корпоративные;1047,2;-47,2;-0,045072574
RU000A10AHB1;НовТех1Р1;20,8; BB;6;37;1,1;104,52;погашение;1000;2,58;0;0;12;плавающий;корпоративные;1047,78;-47,78;-0,045601176
RU000A106JX4;ЕАБР П3-08;21,2; AA;9;34,5;2,7;99;погашение;1000;57,92;0;0;2;плавающий;корпоративные;1047,92;-47,92;-0,045728682
RU000A10ALT5; СбКИБ1P103;0; AA;9;19,7;2,7;104,83;погашение;1000;0;0;0;0;нулевой;корпоративные;1048,3;-48,3;-0,046074597
RU000A1004K1;ЕвропланБ5;17,2; A;8;33,6;0,3;101,1;право продать (put);1000;37,35;101,47;20,35;2;фиксированный;корпоративные;1048,35;-48,35;-0,046120093
RU000A108090; СберСIB798;0; AA;9;25,8;2,4;104,83;погашение;1000;0,1;0,34;0,01;0;фиксированный;корпоративные;1048,4;-48,4;-0,046165586
RU000A0ZYJH7;Роснфт2P1;15,2; AA;9;13,8;0,2;100;право продать (put);1000;48,49;74,79;15;2;фиксированный;корпоративные;1048,49;-48,49;-0,046247461
RU000A0NR5Y2; СберСIB532;0; AA;9;15,6;2,4;104,86;погашение;1000;0,09;0,33;0,01;0;фиксированный;корпоративные;1048,69;-48,69;-0,046429355
RU000A109ZK1;ВТБ Б1-364;21,8; AA;9;42;0;99,98;погашение;1000;49,6;52,48;21,05;4;фиксированный;корпоративные;1049,4;-49,4;-0,047074519
RU000A107DM8; Росагрл1Р4;18,4; BBB;7;28,5;0,1;99,55;право продать (put);1000;54,03;72,3;14,5;2;фиксированный;корпоративные;1049,53;-49,53;-0,047192553
RU000A105FS4;iСелкт1Р2R;16,7; BBB;7;45,6;0;99,75;погашение;1000;52,3;57,34;11,5;2;фиксированный;корпоративные;1049,8;-49,8;-0,047437607
RU000A105CS1;Селигдар1Р;60,6; BBB;7;53,4;0;99,71;погашение;1000;52,96;53,85;10,8;2;фиксированный;корпоративные;1050,06;-50,06;-0,047673466
RU000A107EA1;ЕАБР П3-09;21,8; AA;9;39,5;3,1;97,97;погашение;1000;70,62;0;0;2;плавающий;корпоративные;1050,32;-50,32;-0,047909209
RU000A1043Z7;БинФарм1P1;12,6; BB;6;32,7;0,1;100,81;право продать (put);1000;42,22;57,34;23;4;фиксированный;корпоративные;1050,32;-50,32;-0,047909209
RU000A10ALP3; СбКИБ1P99;0; AA;9;7,2;2,8;105,08;погашение;1000;0;0;0;0;нулевой;корпоративные;1050,8;-50,8;-0,048344119
RU000A102EF1;Роснфт3P01;15,2; AA;9;13,7;0,2;100;право продать (put);1000;50,96;74,79;15;2;фиксированный;корпоративные;1050,96;-50,96;-0,048489001
RU000A102EE4;Роснфт3P02;15,2; AA;9;13,4;0,2;100;право продать (put);1000;50,96;74,79;7;2;фиксированный;корпоративные;1050,96;-50,96;-0,048489001
RU000A10AFT7;ТелХолБ2-7;19,9; BB;6;24,6;1,1;104,8;погашение;1000;3,78;0;0;12;плавающий;корпоративные;1051,78;-51,78;-0,049230828
RU000A109833;СберИОС639;0; AA;9;4;1,9;105,2;погашение;1000;0,01;0,1;0,01;1;фиксированный;корпоративные;1052,01;-51,91;-0,049343637
RU000A10A125;Роснфт4P3;5,9; AA;9;14,4;0,1;100,8;право продать (put);1000;44,05;59,84;12;2;фиксированный;корпоративные;1052,05;-52,05;-0,049474835
RU000A10AYD2;НовТех1Р3;23,7; BB;6;34,8;1,3;101,14;погашение;1000;40,84;0;0;4;плавающий;корпоративные;1052,24;-52,24;-0,049646468
RU000A0ZYFM5;ДОМ.РФ Б-8;-29,7; AA;9;23;0;101,47;право продать (put);1000;38,08;42,26;16;4;фиксированный;корпоративные;1052,78;-52,78;-0,050133931
RU000A1080D6; СберСIB802;0; AA;9;18,2;2,4;105,33;погашение;1000;0,09;0,33;0,01;0;фиксированный;корпоративные;1053,39;-53,39;-0,050683982
RU000A10ALL2; СбКИБ1P96;0; AA;9;18;2,6;105,37;погашение;1000;0;0;0;0;нулевой;корпоративные;1053,7;-53,7;-0,050963272
RU000A0NR9V0; СберСIB618;0; AA;9;14,9;2,4;105,41;погашение;1000;0,09;0,33;0,01;0;фиксированный;корпоративные;1054,19;-54,19;-0,051404396
RU000A10BJN0;СберИОС712;0; AA;9;20,6;0,3;105,5;погашение;1000;0,04;0,08;0,01;0;фиксированный;корпоративные;1055,04;-55,04;-0,052168638
RU000A0JV4N8;ОФЗ 29009;21,4; AAA;10;63,9;0,6;107,25;вероятность выкупа (call);1000;101,57;112,04;5,89;2;плавающий;государственные;1174,07;-62,03;-0,052833306
RU000A0ZYCP5;Роснфт1P8;12,3; AA;9;14,7;0;100;право продать (put);1000;56,88;59,84;20,1;2;фиксированный;корпоративные;1056,88;-56,88;-0,053818787
RU000A0ZYJ91;ФСК РС Б4;-1,3; AA;9;30,7;0,1;102,27;право продать (put);1000;34,52;52,36;7,6;4;фиксированный;корпоративные;1057,22;-57,22;-0,054123078
RU000A105DL4;НовТехнБ1;33; BB;6;43,3;0;99,55;право продать (put);1000;63,99;67,32;13,5;2;фиксированный;корпоративные;1059,49;-59,49;-0,056149657
RU000A102CA6;СберИОС364;0; AA;9;13,3;0,1;105,9;погашение;1000;0,49;0,5;0,01;0;фиксированный;корпоративные;1059,49;-59,49;-0,056149657
RU000A104FK4;СберИОС516;0; AA;9;21,7;1,3;106;погашение;1000;0,07;0,1;0,01;1;фиксированный;корпоративные;1060,07;-59,97;-0,056571736
RU000A1028J2;СберИОС354;0; AA;9;16,5;0;106,1;погашение;1000;0,5;0,5;0,01;0;фиксированный;корпоративные;1061,5;-61,5;-0,057936882
RU000A10BGR7;СберИОС710;0; AA;9;19,2;2,7;106,2;погашение;1000;0,04;0,1;0,01;1;фиксированный;корпоративные;1062,04;-61,84;-0,058227562
RU000A10A1N4;АльфаЛБ02;20,9; BBB;7;37,1;2;102;погашение;1000;42,45;0;0;4;плавающий;корпоративные;1062,45;-62,45;-0,058779237
RU000A105DS9;АПРИ 2Р1;32,2; B+;4;42,1;0;99,96;право продать (put);1000;62,9;69,81;28;4;фиксированный;корпоративные;1062,5;-62,5;-0,058823529
RU000A109841;СберИОС640;0; AA;9;3,9;2;106,4;погашение;1000;0;0,1;0,01;1;фиксированный;корпоративные;1064;-63,8;-0,059962406
RU000A10A1P9;АПРИ 2Р5;27,3; B+;4;37,8;0;100,39;право продать (put);1000;61,64;74,79;30;4;фиксированный;корпоративные;1065,54;-65,54;-0,061508719
RU000A10B1T0;СберИОС693;0; AA;9;6,7;2,5;106,6;погашение;1000;0,02;0,02;0,01;4;фиксированный;корпоративные;1066,02;-65,82;-0,061743682
RU000A106CL4; iУОМЗ Б-5;22,3; BB;6;11,9;0,7;99,89;право продать (put);1000;69,18;0;0;2;плавающий;корпоративные;1068,08;-68,08;-0,063740544
RU000A104CZ9;СберИОС512;0; AA;9;7,7;1,3;106,9;погашение;1000;0,07;0,1;0,01;1;фиксированный;корпоративные;1069,07;-68,97;-0,064514017
RU000A101Q26;Систем1P13;22,1; BBB;7;36,6;0,1;99,66;право продать (put);1000;72,72;83,77;16,8;2;фиксированный;корпоративные;1069,32;-69,32;-0,064826245
RU000A0JVYG8;РОСЭКСИМБ1;14,6; AA;9;19,6;0;100;погашение;1000;71,18;78,04;9,3;2;фиксированный;корпоративные;1071,18;-71,18;-0,066450083
RU000A0ZZNL8;Сферфин1P2;17,3; n/a;;8,8;0,1;100;право продать (put);1000;71,73;84,77;17;2;фиксированный;корпоративные;1071,73;-71,73;-0,066929171
RU000A10AR45;СберИОС676;0; AA;9;12,2;0,4;107,2;погашение;1000;0,06;0,1;0,01;0;фиксированный;корпоративные;1072,06;-72,06;-0,067216387
RU000A101CQ4;СУЭК-Ф1P5R;22,3; BBB;7;50,5;0,2;100,75;право продать (put);1000;65,07;124,66;6,9;2;фиксированный;корпоративные;1072,57;-72,57;-0,06765992
RU000A104KW9;РЕСОЛизБ09;6,2; BBB;7;5,3;0,3;104,18;погашение;1000;31,89;0;0;2;фиксированный;корпоративные;1073,69;-73,69;-0,068632473
RU000A1029Q5;СберИОС359;0; AA;9;18,9;0,1;107,4;погашение;1000;0,49;0,5;0,01;0;фиксированный;корпоративные;1074,49;-74,49;-0,069325913
RU000A104JQ3;СамолетP11;25,1; BBB;7;56,6;0,2;102,25;вероятность выкупа (call);1000;53,42;129,64;26;2;фиксированный;корпоративные;1075,92;-75,92;-0,070562867
RU000A1049Y7;РЕСОЛизБ06;18,7; BBB;7;39,1;0,1;100,03;погашение;1000;76,08;0;0;2;фиксированный;корпоративные;1076,38;-76,38;-0,07096007
RU000A0JX5W4;АльфаБО-18;16,6; AA;9;38,1;0,2;101,23;право продать (put);1000;64,11;112,19;6,5;2;фиксированный;корпоративные;1076,41;-76,41;-0,070985963
RU000A101ZH4;ПочтаР1P10;17,8; A;8;42,4;0,3;101,7;право продать (put);1000;59,74;122,16;5,9;2;фиксированный;корпоративные;1076,74;-76,74;-0,071270687
RU000A0ZZ7C0;ДОМ 1P-4R;15,4; AA;9;29,6;0,1;100,5;право продать (put);1000;72,07;95,74;8,1;2;фиксированный;корпоративные;1077,07;-77,07;-0,071555238
RU000A109C08; СберСIB884;0; AA;9;16,5;0,6;107,9;погашение;1000;0;0;0;0;нулевой;корпоративные;1079;-79;-0,073215941
RU000A105HH3;РЕСОЛиз2П2;18,1; BBB;7;17,9;0,1;100,07;право продать (put);1000;78,71;0;0;2;фиксированный;корпоративные;1079,41;-79,41;-0,073567968
RU000A100ET6;ДОМ 1P-6R;19,5; AA;9;34,2;0,1;100,08;право продать (put);1000;82,4;99,98;20,05;2;фиксированный;корпоративные;1083,2;-83,2;-0,076809453
RU000A107DS5;МБЭС 2P-02;20,6; AA;9;40,4;1,1;101,21;погашение;1000;75,81;0;0;2;плавающий;корпоративные;1087,91;-87,91;-0,080806317
RU000A104V26;РЕСОЛиз2П1;22,5; BBB;7;32,4;0,6;100,23;погашение;1000;87,22;0;0;2;плавающий;корпоративные;1089,52;-89,52;-0,082164623
RU000A10BR51; ВТБС1-1502;0; AA;9;11;2,7;108,99;погашение;1000;0,03;0,3;0,01;0;фиксированный;корпоративные;1089,93;-89,93;-0,082509886
RU000A10A7N1;СберИОС666;0; AA;9;15,8;4,2;109,1;погашение;1000;0;0,01;0,01;13;фиксированный;корпоративные;1091;-90,46;-0,082914757
RU000A1032N6;СберИОС436;0; AA;9;16;0,6;109,3;погашение;1000;0,44;0,5;0,01;0;фиксированный;корпоративные;1093,44;-93,44;-0,085455078
RU000A105ZR4;СберИОС559;0; AA;9;7,5;0,5;109,4;погашение;1000;0,05;0,1;0,01;1;фиксированный;корпоративные;1094,05;-94,05;-0,085964992
RU000A109BY3; СберСIB882;0; AA;9;6,6;0,6;109,7;погашение;1000;0;0;0;0;нулевой;корпоративные;1097;-97;-0,088422972
RU000A0NR9R8; СберСIB614;0; AA;9;30,4;3,9;109,98;погашение;1000;0,12;0,5;0,01;0;фиксированный;корпоративные;1099,92;-99,92;-0,09084297
RU000A10CQB8;СовкомБИ05;-10,3; A;8;15,3;0,9;110,1;погашение;1000;0,01;0,1;0,01;1;фиксированный;корпоративные;1101,01;-101,01;-0,091743036
RU000A10D4G9;СовкмЛ П16;-1,1; BBB;7;1,5;0,5;110;право продать (put);1000;2,08;0;0;2;фиксированный;корпоративные;1102,08;-102,08;-0,092624855
RU000A0JXK99;ТрансФ1P02;0,7; BB;6;15,1;0,3;106,85;право продать (put);1000;34,35;105,96;12,75;2;фиксированный;корпоративные;1102,85;-102,85;-0,093258376
RU000A0JUAG0;РСГ-ФинБ01;-9; B;3;23,5;0;101,23;погашение;1000;90,96;99,73;12,75;2;фиксированный;корпоративные;1103,26;-103,26;-0,093595345
RU000A102BZ5;СберИОС373;0; AA;9;9,3;0,1;110,4;погашение;1000;0,49;0,5;0,01;0;фиксированный;корпоративные;1104,49;-104,49;-0,09460475
RU000A0JUAH8;РЖД-30 обл;17,1; AA;9;42,5;0;100,26;право продать (put);1000;102,33;112,19;0,1;2;фиксированный;корпоративные;1104,93;-104,93;-0,094965292
RU000A101228;МОЭК БО1P3;11,2; AA;9;37,3;0;100,29;погашение;1000;102,47;109,7;25;2;фиксированный;корпоративные;1105,37;-105,37;-0,095325547
RU000A10BFY5;РСХБ2Р29;18,3; AA;9;39,3;0,5;100,22;погашение;1000;105,45;0;22,5;1;фиксированный;корпоративные;1107,65;-107,65;-0,09718774
RU000A0ZYG37;ИНГР Б1P1;24,2; BB-;5;15,7;0,1;100,24;право продать (put);1000;105,86;119,67;10,5;2;фиксированный;корпоративные;1108,26;-108,26;-0,097684659
RU000A106VS9;АЛЬФАБ1Р6;-9,7; AA;9;1,6;1;111;погашение;1000;0,1;0,1;0,01;1;фиксированный;корпоративные;1110,1;-110;-0,099090172
RU000A102DB2;ГПБ001P18P;4; AA;9;36,2;0,1;101,49;право продать (put);1000;100,19;115,95;5,95;2;фиксированный;корпоративные;1115,09;-115,09;-0,1032114
RU000A10A182;СберИОС660;0; AA;9;17,5;4,1;111,8;погашение;1000;0;0,01;0,01;12;фиксированный;корпоративные;1118;-117,51;-0,105107335
RU000A0JX355;Роснфт1P2;-25,1; AA;9;16,3;0,1;106,5;право продать (put);1000;55,48;74,79;15;2;фиксированный;корпоративные;1120,48;-120,48;-0,107525346
RU000A0ZYJJ3;Роснфт2P2;-26,2; AA;9;15,2;0,1;107,01;право продать (put);1000;54,25;74,79;6,6;2;фиксированный;корпоративные;1124,35;-124,35;-0,110597234
RU000A101012;Систем1P12;-81; BBB;7;43,2;0;102,09;право продать (put);1000;103,56;104,71;7,85;2;фиксированный;корпоративные;1124,46;-124,46;-0,11068424
RU000A0ZYFN3;ДОМ.РФ Б10;-73,2; AA;9;4,3;0,1;110,07;право продать (put);1000;30,65;42,26;16,95;4;фиксированный;корпоративные;1131,35;-131,35;-0,116100234
RU000A102GG4;СберИОС384;0; AA;9;18,7;0,1;113,1;погашение;1000;0,49;0,5;0,01;0;фиксированный;корпоративные;1131,49;-131,49;-0,1162096
RU000A109UY3; СберСIB941;0; AA;9;8,5;1,4;113,64;погашение;1000;0;0;0;0;нулевой;корпоративные;1136,4;-136,4;-0,120028159
RU000A102GQ3;СберИОС393;0; AA;9;7,1;0,3;114,1;погашение;1000;0,48;0,5;0,01;0;фиксированный;корпоративные;1141,48;-141,48;-0,123944353
RU000A102D87;СберИОС369;0; AA;9;15,9;0,1;114,1;погашение;1000;0,49;0,5;0,01;0;фиксированный;корпоративные;1141,49;-141,49;-0,123952028
RU000A10A6Y0;СберИОС665;0; AA;9;6,8;0,3;114,6;погашение;1000;0,07;0,1;0,01;0;фиксированный;корпоративные;1146,07;-146,07;-0,127452948
RU000A107548;КИВИФ 1Р02;-100; D;0;17,9;0;110;досрочное погашение;1000;50,78;51,86;0,1;4;фиксированный;корпоративные;1150,78;-150,78;-0,131024175
RU000A10BJ85;МТС-Банк05;16,9; BB;6;39,5;0,7;103,37;погашение;1000;117,7;295,89;24;0;фиксированный;корпоративные;1151,4;-151,4;-0,131492097
RU000A109YH0;СберИОС659;0; AA;9;18,6;2,1;115,3;погашение;1000;0,09;0,1;0,01;1;фиксированный;корпоративные;1153,09;-152,89;-0,132591558
RU000A109HE2; СбКИБ1P21;0; AA;9;20,2;1,5;115,5;погашение;1000;0;0;0;0;нулевой;корпоративные;1155;-155;-0,134199134
RU000A105S87;СберИОС553;0; AA;9;2,7;2,4;115,6;погашение;1000;0,06;0,1;0,01;1;фиксированный;корпоративные;1156,06;-155,86;-0,134819992
RU000A102K39;РЕСОЛизБП8;-21,5; BBB;7;29,6;0,1;107,49;право продать (put);1000;90,41;124,66;15,2;2;фиксированный;корпоративные;1165,31;-165,31;-0,141859248
RU000A102A56;СберИОС353;0; AA;9;28,2;0;117,4;погашение;1000;0,5;0,5;0,01;0;фиксированный;корпоративные;1174,5;-174,5;-0,148573861
RU000A106JM7; СберСIB545;0; AA;9;5,5;0,7;118;погашение;1000;0,04;0,1;0,01;0;фиксированный;корпоративные;1180,04;-180,04;-0,152571099
RU000A102K88;СПбГО35004;-10,8; AA;9;14,7;3;138,74;погашение;1000;1,94;29,42;5,9;2;фиксированный;субфедеральные/муниципальные;1389,34;-212,82;-0,153180647
RU000A109DK8;ГПБ004Р11;-16,1; AA;9;14,3;1;118,34;погашение;1000;0;0,1;0,01;1;фиксированный;корпоративные;1183,4;-183,3;-0,154892682
RU000A103U51;ВТБ Б1-250;-6,1; AA;9;18,7;1,7;119,82;вероятность выкупа (call);1000;0,01;0,05;0,01;2;фиксированный;корпоративные;1198,21;-198,06;-0,165296567
RU000A102DG1;СберИОС370;0; AA;9;22;0,1;121,3;погашение;1000;0,49;0,5;0,01;0;фиксированный;корпоративные;1213,49;-213,49;-0,17593058
RU000A109TR9;СберИОС654;0; AA;9;3,8;0;122;погашение;1000;0,1;0,1;0,01;0;фиксированный;корпоративные;1220,1;-220,1;-0,18039505
RU000A1050V1; СберСIB274;0; AA;9;10,6;2,4;122,08;погашение;1000;0,08;0,33;0,01;0;фиксированный;корпоративные;1220,88;-220,88;-0,180918682
RU000A102GH2;СберИОС385;0; AA;9;18,4;0,1;122,1;погашение;1000;0,49;0,5;0,01;0;фиксированный;корпоративные;1221,49;-221,49;-0,181327723
RU000A102BE0;СберИОС356;0; AA;9;24,6;0,1;122,7;погашение;1000;0,5;0,5;0,01;0;фиксированный;корпоративные;1227,5;-227,5;-0,185336049
RU000A102C13;СберИОС374;0; AA;9;16,2;0,1;123,2;погашение;1000;0,49;0,5;0,01;0;фиксированный;корпоративные;1232,49;-232,49;-0,188634391
RU000A105WX9;СберИОС557;0; AA;9;12;0,5;124;погашение;1000;0,25;0,3;0,01;0;фиксированный;корпоративные;1240,25;-240,25;-0,193710945
RU000A0JVZB6;ДелоПортс1;-100; A;8;3,7;0,1;124,19;погашение;1000;0,04;0,05;0,01;2;фиксированный;корпоративные;1241,94;-241,94;-0,194808123
RU000A109YF4;СберИОС657;0; AA;9;9,5;0,1;125,2;погашение;1000;0,09;0,1;0,01;0;фиксированный;корпоративные;1252,09;-252,09;-0,201335367
RU000A102A64;СберИОС352;0; AA;9;30,4;0;127,7;погашение;1000;0,5;0,5;0,01;0;фиксированный;корпоративные;1277,5;-277,5;-0,217221135
RU000A103F92;СберИОС457;0; AA;9;6,6;0,9;128;погашение;1000;0,41;0,5;0,01;0;фиксированный;корпоративные;1280,41;-280,41;-0,219000164
RU000A103Y40;СберИОС484;0; AA;9;17,9;1,1;128,9;погашение;1000;0,09;0,1;0,01;1;фиксированный;корпоративные;1289,09;-288,99;-0,224181399
RU000A102G76;СберИОС383;0; AA;9;18,9;0,1;129,2;погашение;1000;0,49;0,5;0,01;0;фиксированный;корпоративные;1292,49;-292,49;-0,226299623
RU000A103TN1;СберИОС418;0; AA;9;10,8;1;129,61;погашение;1000;0;0,1;0,01;1;фиксированный;корпоративные;1296,1;-296;-0,22837744
RU000A1004L9;ПравоурмБ1;-32,2; C;1;9,5;0,5;133,34;право продать (put);1000;104,26;107,79;17,5;2;плавающий;корпоративные;1437,66;-329,87;-0,229449244
RU000A1090M6;РЕСОЛиБП27;-31,2; BBB;7;15,3;0,7;145;погашение;1000;5,42;14,79;18;12;фиксированный;корпоративные;1455,42;-337,1;-0,23161699
RU000A102D38;СберИОС368;0; AA;9;16,9;0,1;130,2;погашение;1000;0,49;0,5;0,01;0;фиксированный;корпоративные;1302,49;-302,49;-0,232239787
RU000A10AN98;СберИОС671;0; AA;9;17;4,3;132,02;погашение;1000;0,07;0,1;0,01;1;фиксированный;корпоративные;1320,27;-319,87;-0,242276201
RU000A1041M9;СберИОС490;0; AA;9;9,5;1,1;134,6;погашение;1000;0,09;0,1;0,01;1;фиксированный;корпоративные;1346,09;-345,99;-0,257033334
RU000A0JVXS5;РЕСОЛизБ04;-100; BBB;7;6,5;0;124,8;погашение;1000;104,85;107,21;9,6;2;фиксированный;корпоративные;1352,85;-352,85;-0,260819751
RU000A104KX7;СберИОС523;0; AA;9;6,2;1,7;135,6;погашение;1000;0,03;0,1;0,01;1;фиксированный;корпоративные;1356,03;-355,93;-0,262479444
RU000A102WA4;СберИОС404;0; AA;9;14,8;0,4;135,7;погашение;1000;0,46;0,5;0,01;0;фиксированный;корпоративные;1357,46;-357,46;-0,263330043
RU000A1032K2;СберИОС438;0; AA;9;12,3;0,7;137,8;погашение;1000;0,43;0,5;0,01;0;фиксированный;корпоративные;1378,43;-378,43;-0,274536973
RU000A1047N4;СберИОС501;0; AA;9;19,4;1,2;138,8;погашение;1000;0,08;0,1;0,01;1;фиксированный;корпоративные;1388,08;-387,98;-0,279508386
RU000A104DB8;ВТБ Б1-292;-80,1; AA;9;17,5;0,4;139,05;погашение;1000;0,02;0,05;0,01;2;фиксированный;корпоративные;1390,52;-390,52;-0,280844576
RU000A103273;СберИОС437;0; AA;9;5,4;0,7;139,2;погашение;1000;0,43;0,5;0,01;0;фиксированный;корпоративные;1392,43;-392,43;-0,281831044
RU000A1026N8;СберИОС342;0; AA;9;20,6;0;143,4;погашение;1000;0,5;0,5;0,01;0;фиксированный;корпоративные;1434,5;-434,5;-0,302892994
RU000A1067N2;ВТБ Б1-326;-43,3; AA;9;10,6;0,7;147,09;досрочное погашение;1000;0,04;0,05;0,01;2;фиксированный;корпоративные;1470,94;-470,89;-0,320128625
RU000A106VQ3;АЛЬФАБ1Р5;-100; AA;9;16,6;0,1;149,99;погашение;1000;0,09;0,1;0,01;1;фиксированный;корпоративные;1499,99;-499,99;-0,333328889
RU000A103U44;ВТБ Б1-249;-29,9; AA;9;12,9;1,3;158,25;погашение;1000;0,02;0,05;0,01;2;фиксированный;корпоративные;1582,52;-582,42;-0,368033263
RU000A105BK0;СберИОС542;0; AA;9;5,6;0,1;158,4;погашение;1000;0,09;0,1;0,01;1;фиксированный;корпоративные;1584,09;-584,09;-0,368722737
RU000A10CUK1;ВЭБ2Р-К657;-100; AA;9;7,8;0;199,99;досрочное погашение;1000;3,59;6,29;16,4;0;фиксированный;корпоративные;2003,49;-1003,49;-0,50087098
RU000A103TW2;ВТБ Б1-241;-44,1; AA;9;11,6;1,6;252;досрочное погашение;1000;0,04;0,05;0,01;2;фиксированный;корпоративные;2520,04;-1519,89;-0,603121379
RU000A101ER8; ГПБ Т2-03Д;8,5; AA;9;21,6;0,2;85;право продать (put);175000;2433,7;4101,23;4,7;2;фиксированный;корпоративные;3283,7;-2283,7;-0,695465481
RU000A0ZZVE6;RUS-25 EUR;2,8; AAA;10;16,8;0,1;100;погашение;100000;2496,92;2875;2,88;1;фиксированный;государственные;3496,92;-2496,92;-0,714034064
RU000A10A885;РФ ЗО 25 Е;22,9; AAA;10;35,5;0,1;97,9;погашение;100000;2567,81;2875;2,88;1;фиксированный;государственные;3546,81;-2546,81;-0,718056507
RU000A0ZZZV1;Карелия 19;-100; B+;4;3,8;0,2;1234,79;погашение;100;0,69;2,27;8,45;4;фиксированный;субфедеральные/муниципальные;12348,59;-11348,59;-0,919019094
RU000A102HC1; Сбер2СУБ2R;10,7; AA;9;18,5;0,4;86;вероятность выкупа (call);10000000;70958,9;349041,1;7;2;фиксированный;корпоративные;71818,9;-70818,9;-0,986076089
